<?xml version="1.0"?>
<VTKFile type="UnstructuredGrid" version="0.1" byte_order="BigEndian">
<UnstructuredGrid GhostLevel="0">
<Piece NumberOfPoints="2760" NumberOfCells="1960" ><Points>
<DataArray type="Float32" NumberOfComponents="3" format="ascii">
1103.3	1903.5	0	1103.3	1803.5	0	1203.3	1903.5	0	1203.3	1803.5	0	1103.3	1903.5	-10	1103.3	1803.5	-10	1203.3	1903.5	-10	1203.3	1803.5	-10	1303.3	1903.5	0	1303.3	1803.5	0	1303.3	1903.5	-10	1303.3	1803.5	-10	1403.3	1903.5	0	1403.3	1803.5	0	1403.3	1903.5	-10	1403.3	1803.5	-10	1503.3	1903.5	0	1503.3	1803.5	0	1503.3	1903.5	-10	1503.3	1803.5	-10	1603.3	1903.5	0	1603.3	1803.5	0	1603.3	1903.5	-10	1603.3	1803.5	-10	1703.3	1903.5	0	1703.3	1803.5	0	1703.3	1903.5	-10	1703.3	1803.5	-10	1803.3	1903.5	0	1803.3	1803.5	0	1803.3	1903.5	-10	1803.3	1803.5	-10	1903.3	1903.5	0	1903.3	1803.5	0	1903.3	1903.5	-10	1903.3	1803.5	-10	1103.3	1703.5	0	1203.3	1703.5	0	1103.3	1703.5	-10	1203.3	1703.5	-10	1303.3	1703.5	0	1303.3	1703.5	-10	1403.3	1703.5	0	1403.3	1703.5	-10	1503.3	1703.5	0	1503.3	1703.5	-10	1603.3	1703.5	0	1603.3	1703.5	-10	1703.3	1703.5	0	1703.3	1703.5	-10	1803.3	1703.5	0	1803.3	1703.5	-10	1903.3	1703.5	0	1903.3	1703.5	-10	1103.3	1603.5	0	1203.3	1603.5	0	1103.3	1603.5	-10	1203.3	1603.5	-10	1303.3	1603.5	0	1303.3	1603.5	-10	1403.3	1603.5	0	1403.3	1603.5	-10	1503.3	1603.5	0	1503.3	1603.5	-10	1603.3	1603.5	0	1603.3	1603.5	-10	1703.3	1603.5	0	1703.3	1603.5	-10	1803.3	1603.5	0	1803.3	1603.5	-10	1903.3	1603.5	0	1903.3	1603.5	-10	1103.3	1503.5	0	1203.3	1503.5	0	1103.3	1503.5	-10	1203.3	1503.5	-10	1303.3	1503.5	0	1303.3	1503.5	-10	1103.3	1403.5	0	1203.3	1403.5	0	1103.3	1403.5	-10	1203.3	1403.5	-10	1303.3	1403.5	0	1303.3	1403.5	-10	1103.3	1303.5	0	1203.3	1303.5	0	1103.3	1303.5	-10	1203.3	1303.5	-10	1303.3	1303.5	0	1303.3	1303.5	-10	1103.3	1203.5	0	1203.3	1203.5	0	1103.3	1203.5	-10	1203.3	1203.5	-10	1303.3	1203.5	0	1303.3	1203.5	-10	1403.3	1303.5	0	1403.3	1203.5	0	1403.3	1303.5	-10	1403.3	1203.5	-10	1503.3	1303.5	0	1503.3	1203.5	0	1503.3	1303.5	-10	1503.3	1203.5	-10	1603.3	1303.5	0	1603.3	1203.5	0	1603.3	1303.5	-10	1603.3	1203.5	-10	1703.3	1303.5	0	1703.3	1203.5	0	1703.3	1303.5	-10	1703.3	1203.5	-10	1803.3	1303.5	0	1803.3	1203.5	0	1803.3	1303.5	-10	1803.3	1203.5	-10	1903.3	1303.5	0	1903.3	1203.5	0	1903.3	1303.5	-10	1903.3	1203.5	-10	1103.3	1103.5	0	1203.3	1103.5	0	1103.3	1103.5	-10	1203.3	1103.5	-10	1303.3	1103.5	0	1303.3	1103.5	-10	1403.3	1103.5	0	1403.3	1103.5	-10	1503.3	1103.5	0	1503.3	1103.5	-10	1603.3	1103.5	0	1603.3	1103.5	-10	1703.3	1103.5	0	1703.3	1103.5	-10	1803.3	1103.5	0	1803.3	1103.5	-10	1903.3	1103.5	0	1903.3	1103.5	-10	1103.3	1903.5	-40	1103.3	1803.5	-40	1203.3	1903.5	-40	1203.3	1803.5	-40	1303.3	1903.5	-40	1303.3	1803.5	-40	1403.3	1903.5	-40	1403.3	1803.5	-40	1503.3	1903.5	-40	1503.3	1803.5	-40	1603.3	1903.5	-40	1603.3	1803.5	-40	1703.3	1903.5	-40	1703.3	1803.5	-40	1803.3	1903.5	-40	1803.3	1803.5	-40	1903.3	1903.5	-40	1903.3	1803.5	-40	1103.3	1703.5	-40	1203.3	1703.5	-40	1303.3	1703.5	-40	1403.3	1703.5	-40	1503.3	1703.5	-40	1603.3	1703.5	-40	1703.3	1703.5	-40	1803.3	1703.5	-40	1903.3	1703.5	-40	1103.3	1603.5	-40	1203.3	1603.5	-40	1303.3	1603.5	-40	1403.3	1603.5	-40	1503.3	1603.5	-40	1603.3	1603.5	-40	1703.3	1603.5	-40	1803.3	1603.5	-40	1903.3	1603.5	-40	1103.3	1503.5	-40	1203.3	1503.5	-40	1303.3	1503.5	-40	1103.3	1403.5	-40	1203.3	1403.5	-40	1303.3	1403.5	-40	1103.3	1303.5	-40	1203.3	1303.5	-40	1303.3	1303.5	-40	1103.3	1203.5	-40	1203.3	1203.5	-40	1303.3	1203.5	-40	1403.3	1303.5	-40	1403.3	1203.5	-40	1503.3	1303.5	-40	1503.3	1203.5	-40	1603.3	1303.5	-40	1603.3	1203.5	-40	1703.3	1303.5	-40	1703.3	1203.5	-40	1803.3	1303.5	-40	1803.3	1203.5	-40	1903.3	1303.5	-40	1903.3	1203.5	-40	1103.3	1103.5	-40	1203.3	1103.5	-40	1303.3	1103.5	-40	1403.3	1103.5	-40	1503.3	1103.5	-40	1603.3	1103.5	-40	1703.3	1103.5	-40	1803.3	1103.5	-40	1903.3	1103.5	-40	1103.3	1903.5	-70	1103.3	1803.5	-70	1203.3	1903.5	-70	1203.3	1803.5	-70	1303.3	1903.5	-70	1303.3	1803.5	-70	1403.3	1903.5	-70	1403.3	1803.5	-70	1503.3	1903.5	-70	1503.3	1803.5	-70	1603.3	1903.5	-70	1603.3	1803.5	-70	1703.3	1903.5	-70	1703.3	1803.5	-70	1803.3	1903.5	-70	1803.3	1803.5	-70	1903.3	1903.5	-70	1903.3	1803.5	-70	1103.3	1703.5	-70	1203.3	1703.5	-70	1303.3	1703.5	-70	1403.3	1703.5	-70	1503.3	1703.5	-70	1603.3	1703.5	-70	1703.3	1703.5	-70	1803.3	1703.5	-70	1903.3	1703.5	-70	1103.3	1603.5	-70	1203.3	1603.5	-70	1303.3	1603.5	-70	1403.3	1603.5	-70	1503.3	1603.5	-70	1603.3	1603.5	-70	1703.3	1603.5	-70	1803.3	1603.5	-70	1903.3	1603.5	-70	1103.3	1503.5	-70	1203.3	1503.5	-70	1303.3	1503.5	-70	1103.3	1403.5	-70	1203.3	1403.5	-70	1303.3	1403.5	-70	1103.3	1303.5	-70	1203.3	1303.5	-70	1303.3	1303.5	-70	1103.3	1203.5	-70	1203.3	1203.5	-70	1303.3	1203.5	-70	1403.3	1303.5	-70	1403.3	1203.5	-70	1503.3	1303.5	-70	1503.3	1203.5	-70	1603.3	1303.5	-70	1603.3	1203.5	-70	1703.3	1303.5	-70	1703.3	1203.5	-70	1803.3	1303.5	-70	1803.3	1203.5	-70	1903.3	1303.5	-70	1903.3	1203.5	-70	1103.3	1103.5	-70	1203.3	1103.5	-70	1303.3	1103.5	-70	1403.3	1103.5	-70	1503.3	1103.5	-70	1603.3	1103.5	-70	1703.3	1103.5	-70	1803.3	1103.5	-70	1903.3	1103.5	-70	1103.3	1903.5	-100	1103.3	1803.5	-100	1203.3	1903.5	-100	1203.3	1803.5	-100	1303.3	1903.5	-100	1303.3	1803.5	-100	1403.3	1903.5	-100	1403.3	1803.5	-100	1503.3	1903.5	-100	1503.3	1803.5	-100	1603.3	1903.5	-100	1603.3	1803.5	-100	1703.3	1903.5	-100	1703.3	1803.5	-100	1803.3	1903.5	-100	1803.3	1803.5	-100	1903.3	1903.5	-100	1903.3	1803.5	-100	1103.3	1703.5	-100	1203.3	1703.5	-100	1303.3	1703.5	-100	1403.3	1703.5	-100	1503.3	1703.5	-100	1603.3	1703.5	-100	1703.3	1703.5	-100	1803.3	1703.5	-100	1903.3	1703.5	-100	1103.3	1603.5	-100	1203.3	1603.5	-100	1303.3	1603.5	-100	1403.3	1603.5	-100	1503.3	1603.5	-100	1603.3	1603.5	-100	1703.3	1603.5	-100	1803.3	1603.5	-100	1903.3	1603.5	-100	1103.3	1503.5	-100	1203.3	1503.5	-100	1303.3	1503.5	-100	1103.3	1403.5	-100	1203.3	1403.5	-100	1303.3	1403.5	-100	1103.3	1303.5	-100	1203.3	1303.5	-100	1303.3	1303.5	-100	1103.3	1203.5	-100	1203.3	1203.5	-100	1303.3	1203.5	-100	1403.3	1303.5	-100	1403.3	1203.5	-100	1503.3	1303.5	-100	1503.3	1203.5	-100	1603.3	1303.5	-100	1603.3	1203.5	-100	1703.3	1303.5	-100	1703.3	1203.5	-100	1803.3	1303.5	-100	1803.3	1203.5	-100	1903.3	1303.5	-100	1903.3	1203.5	-100	1103.3	1103.5	-100	1203.3	1103.5	-100	1303.3	1103.5	-100	1403.3	1103.5	-100	1503.3	1103.5	-100	1603.3	1103.5	-100	1703.3	1103.5	-100	1803.3	1103.5	-100	1903.3	1103.5	-100	1303.3	1553.5	0	1353.3	1603.5	-0	1353.3	1553.5	0	1303.3	1553.5	-10	1353.3	1603.5	-10	1353.3	1553.5	-10	1403.3	1553.5	0	1403.3	1553.5	-10	1353.3	1503.5	0	1353.3	1503.5	-10	1353.3	1528.5	-0	1378.3	1553.5	-0	1378.3	1528.5	0	1353.3	1528.5	-10	1378.3	1553.5	-10	1378.3	1528.5	-10	1403.3	1528.5	0	1403.3	1528.5	-10	1378.3	1503.5	0	1378.3	1503.5	-10	1403.3	1503.5	0	1403.3	1503.5	-10	1453.3	1603.5	-0	1453.3	1553.5	0	1453.3	1603.5	-10	1453.3	1553.5	-10	1503.3	1553.5	0	1503.3	1553.5	-10	1428.3	1553.5	0	1428.3	1528.5	0	1428.3	1553.5	-10	1428.3	1528.5	-10	1453.3	1528.5	0	1453.3	1528.5	-10	1428.3	1503.5	0	1428.3	1503.5	-10	1453.3	1503.5	0	1453.3	1503.5	-10	1478.3	1553.5	-0	1478.3	1528.5	0	1478.3	1553.5	-10	1478.3	1528.5	-10	1503.3	1528.5	0	1503.3	1528.5	-10	1478.3	1503.5	0	1478.3	1503.5	-10	1503.3	1503.5	0	1503.3	1503.5	-10	1553.3	1603.5	-0	1553.3	1553.5	0	1553.3	1603.5	-10	1553.3	1553.5	-10	1603.3	1553.5	0	1603.3	1553.5	-10	1528.3	1553.5	-0	1528.3	1528.5	0	1528.3	1553.5	-10	1528.3	1528.5	-10	1553.3	1528.5	0	1553.3	1528.5	-10	1528.3	1503.5	0	1528.3	1503.5	-10	1553.3	1503.5	0	1553.3	1503.5	-10	1578.3	1553.5	-0	1578.3	1528.5	0	1578.3	1553.5	-10	1578.3	1528.5	-10	1603.3	1528.5	0	1603.3	1528.5	-10	1578.3	1503.5	0	1578.3	1503.5	-10	1603.3	1503.5	0	1603.3	1503.5	-10	1653.3	1603.5	0	1653.3	1553.5	0	1653.3	1603.5	-10	1653.3	1553.5	-10	1703.3	1553.5	0	1703.3	1553.5	-10	1628.3	1553.5	-0	1628.3	1528.5	0	1628.3	1553.5	-10	1628.3	1528.5	-10	1653.3	1528.5	0	1653.3	1528.5	-10	1628.3	1503.5	0	1628.3	1503.5	-10	1653.3	1503.5	0	1653.3	1503.5	-10	1678.3	1553.5	-0	1678.3	1528.5	0	1678.3	1553.5	-10	1678.3	1528.5	-10	1703.3	1528.5	0	1703.3	1528.5	-10	1678.3	1503.5	0	1678.3	1503.5	-10	1703.3	1503.5	0	1703.3	1503.5	-10	1753.3	1603.5	-0	1753.3	1553.5	0	1753.3	1603.5	-10	1753.3	1553.5	-10	1803.3	1553.5	0	1803.3	1553.5	-10	1728.3	1553.5	-0	1728.3	1528.5	0	1728.3	1553.5	-10	1728.3	1528.5	-10	1753.3	1528.5	0	1753.3	1528.5	-10	1728.3	1503.5	0	1728.3	1503.5	-10	1753.3	1503.5	0	1753.3	1503.5	-10	1778.3	1553.5	-0	1778.3	1528.5	0	1778.3	1553.5	-10	1778.3	1528.5	-10	1803.3	1528.5	0	1803.3	1528.5	-10	1778.3	1503.5	0	1778.3	1503.5	-10	1803.3	1503.5	0	1803.3	1503.5	-10	1853.3	1603.5	-0	1853.3	1553.5	0	1853.3	1603.5	-10	1853.3	1553.5	-10	1903.3	1553.5	0	1903.3	1553.5	-10	1853.3	1503.5	0	1853.3	1503.5	-10	1903.3	1503.5	0	1903.3	1503.5	-10	1303.3	1453.5	0	1353.3	1453.5	0	1303.3	1453.5	-10	1353.3	1453.5	-10	1353.3	1403.5	0	1353.3	1403.5	-10	1353.3	1478.5	0	1378.3	1478.5	0	1353.3	1478.5	-10	1378.3	1478.5	-10	1378.3	1453.5	0	1378.3	1453.5	-10	1378.3	1491	-0	1390.8	1503.5	0	1390.8	1491	0	1378.3	1491	-10	1390.8	1503.5	-10	1390.8	1491	-10	1403.3	1491	0	1403.3	1491	-10	1390.8	1478.5	0	1390.8	1478.5	-10	1403.3	1478.5	0	1403.3	1478.5	-10	1378.3	1466	-0	1390.8	1466	0	1378.3	1466	-10	1390.8	1466	-10	1403.3	1466	0	1403.3	1466	-10	1390.8	1453.5	0	1390.8	1453.5	-10	1403.3	1453.5	0	1403.3	1453.5	-10	1353.3	1428.5	-0	1378.3	1428.5	0	1353.3	1428.5	-10	1378.3	1428.5	-10	1378.3	1403.5	0	1378.3	1403.5	-10	1378.3	1441	0	1390.8	1441	0	1378.3	1441	-10	1390.8	1441	-10	1403.3	1441	0	1403.3	1441	-10	1390.8	1428.5	0	1390.8	1428.5	-10	1403.3	1428.5	0	1403.3	1428.5	-10	1378.3	1416	0	1390.8	1416	0	1378.3	1416	-10	1390.8	1416	-10	1403.3	1416	0	1403.3	1416	-10	1390.8	1403.5	0	1390.8	1403.5	-10	1403.3	1403.5	0	1403.3	1403.5	-10	1415.8	1503.5	-0	1415.8	1491	0	1415.8	1503.5	-10	1415.8	1491	-10	1428.3	1491	0	1428.3	1491	-10	1415.8	1478.5	0	1415.8	1478.5	-10	1428.3	1478.5	0	1428.3	1478.5	-10	1440.8	1503.5	-0	1440.8	1491	0	1440.8	1503.5	-10	1440.8	1491	-10	1453.3	1491	0	1453.3	1491	-10	1440.8	1478.5	0	1440.8	1478.5	-10	1453.3	1478.5	0	1453.3	1478.5	-10	1415.8	1466	0	1415.8	1466	-10	1428.3	1466	0	1428.3	1466	-10	1415.8	1453.5	0	1415.8	1453.5	-10	1428.3	1453.5	0	1428.3	1453.5	-10	1440.8	1466	0	1440.8	1466	-10	1453.3	1466	0	1453.3	1466	-10	1440.8	1453.5	0	1440.8	1453.5	-10	1453.3	1453.5	0	1453.3	1453.5	-10	1465.8	1503.5	-0	1465.8	1491	0	1465.8	1503.5	-10	1465.8	1491	-10	1478.3	1491	0	1478.3	1491	-10	1465.8	1478.5	0	1465.8	1478.5	-10	1478.3	1478.5	0	1478.3	1478.5	-10	1490.8	1503.5	-0	1490.8	1491	0	1490.8	1503.5	-10	1490.8	1491	-10	1503.3	1491	0	1503.3	1491	-10	1490.8	1478.5	0	1490.8	1478.5	-10	1503.3	1478.5	0	1503.3	1478.5	-10	1465.8	1466	0	1465.8	1466	-10	1478.3	1466	0	1478.3	1466	-10	1465.8	1453.5	0	1465.8	1453.5	-10	1478.3	1453.5	0	1478.3	1453.5	-10	1490.8	1466	0	1490.8	1466	-10	1503.3	1466	0	1503.3	1466	-10	1490.8	1453.5	0	1490.8	1453.5	-10	1503.3	1453.5	0	1503.3	1453.5	-10	1415.8	1441	0	1415.8	1441	-10	1428.3	1441	0	1428.3	1441	-10	1415.8	1428.5	0	1415.8	1428.5	-10	1428.3	1428.5	0	1428.3	1428.5	-10	1440.8	1441	0	1440.8	1441	-10	1453.3	1441	0	1453.3	1441	-10	1440.8	1428.5	0	1440.8	1428.5	-10	1453.3	1428.5	0	1453.3	1428.5	-10	1415.8	1416	0	1415.8	1416	-10	1428.3	1416	0	1428.3	1416	-10	1415.8	1403.5	0	1415.8	1403.5	-10	1428.3	1403.5	0	1428.3	1403.5	-10	1440.8	1416	0	1440.8	1416	-10	1453.3	1416	0	1453.3	1416	-10	1440.8	1403.5	0	1440.8	1403.5	-10	1453.3	1403.5	0	1453.3	1403.5	-10	1465.8	1441	0	1465.8	1441	-10	1478.3	1441	0	1478.3	1441	-10	1465.8	1428.5	0	1465.8	1428.5	-10	1478.3	1428.5	0	1478.3	1428.5	-10	1490.8	1441	0	1490.8	1441	-10	1503.3	1441	0	1503.3	1441	-10	1490.8	1428.5	0	1490.8	1428.5	-10	1503.3	1428.5	0	1503.3	1428.5	-10	1465.8	1416	0	1465.8	1416	-10	1478.3	1416	0	1478.3	1416	-10	1465.8	1403.5	0	1465.8	1403.5	-10	1478.3	1403.5	0	1478.3	1403.5	-10	1490.8	1416	0	1490.8	1416	-10	1503.3	1416	0	1503.3	1416	-10	1490.8	1403.5	0	1490.8	1403.5	-10	1503.3	1403.5	0	1503.3	1403.5	-10	1515.8	1503.5	-0	1515.8	1491	0	1515.8	1503.5	-10	1515.8	1491	-10	1528.3	1491	0	1528.3	1491	-10	1515.8	1478.5	0	1515.8	1478.5	-10	1528.3	1478.5	0	1528.3	1478.5	-10	1540.8	1503.5	0	1540.8	1491	0	1540.8	1503.5	-10	1540.8	1491	-10	1553.3	1491	0	1553.3	1491	-10	1540.8	1478.5	0	1540.8	1478.5	-10	1553.3	1478.5	0	1553.3	1478.5	-10	1515.8	1466	0	1515.8	1466	-10	1528.3	1466	0	1528.3	1466	-10	1515.8	1453.5	0	1515.8	1453.5	-10	1528.3	1453.5	0	1528.3	1453.5	-10	1540.8	1466	0	1540.8	1466	-10	1553.3	1466	0	1553.3	1466	-10	1540.8	1453.5	0	1540.8	1453.5	-10	1553.3	1453.5	0	1553.3	1453.5	-10	1565.8	1503.5	0	1565.8	1491	0	1565.8	1503.5	-10	1565.8	1491	-10	1578.3	1491	0	1578.3	1491	-10	1565.8	1478.5	0	1565.8	1478.5	-10	1578.3	1478.5	0	1578.3	1478.5	-10	1590.8	1503.5	0	1590.8	1491	0	1590.8	1503.5	-10	1590.8	1491	-10	1603.3	1491	0	1603.3	1491	-10	1590.8	1478.5	0	1590.8	1478.5	-10	1603.3	1478.5	0	1603.3	1478.5	-10	1565.8	1466	0	1565.8	1466	-10	1578.3	1466	0	1578.3	1466	-10	1565.8	1453.5	0	1565.8	1453.5	-10	1578.3	1453.5	0	1578.3	1453.5	-10	1590.8	1466	0	1590.8	1466	-10	1603.3	1466	0	1603.3	1466	-10	1590.8	1453.5	0	1590.8	1453.5	-10	1603.3	1453.5	0	1603.3	1453.5	-10	1515.8	1441	0	1515.8	1441	-10	1528.3	1441	0	1528.3	1441	-10	1515.8	1428.5	0	1515.8	1428.5	-10	1528.3	1428.5	0	1528.3	1428.5	-10	1540.8	1441	0	1540.8	1441	-10	1553.3	1441	0	1553.3	1441	-10	1540.8	1428.5	0	1540.8	1428.5	-10	1553.3	1428.5	0	1553.3	1428.5	-10	1515.8	1416	0	1515.8	1416	-10	1528.3	1416	0	1528.3	1416	-10	1515.8	1403.5	0	1515.8	1403.5	-10	1528.3	1403.5	0	1528.3	1403.5	-10	1540.8	1416	0	1540.8	1416	-10	1553.3	1416	0	1553.3	1416	-10	1540.8	1403.5	0	1540.8	1403.5	-10	1553.3	1403.5	0	1553.3	1403.5	-10	1565.8	1441	0	1565.8	1441	-10	1578.3	1441	0	1578.3	1441	-10	1565.8	1428.5	0	1565.8	1428.5	-10	1578.3	1428.5	0	1578.3	1428.5	-10	1590.8	1441	0	1590.8	1441	-10	1603.3	1441	0	1603.3	1441	-10	1590.8	1428.5	0	1590.8	1428.5	-10	1603.3	1428.5	0	1603.3	1428.5	-10	1565.8	1416	0	1565.8	1416	-10	1578.3	1416	0	1578.3	1416	-10	1565.8	1403.5	0	1565.8	1403.5	-10	1578.3	1403.5	0	1578.3	1403.5	-10	1590.8	1416	0	1590.8	1416	-10	1603.3	1416	0	1603.3	1416	-10	1590.8	1403.5	0	1590.8	1403.5	-10	1603.3	1403.5	0	1603.3	1403.5	-10	1615.8	1503.5	-0	1615.8	1491	0	1615.8	1503.5	-10	1615.8	1491	-10	1628.3	1491	0	1628.3	1491	-10	1615.8	1478.5	0	1615.8	1478.5	-10	1628.3	1478.5	0	1628.3	1478.5	-10	1640.8	1503.5	-0	1640.8	1491	0	1640.8	1503.5	-10	1640.8	1491	-10	1653.3	1491	0	1653.3	1491	-10	1640.8	1478.5	0	1640.8	1478.5	-10	1653.3	1478.5	0	1653.3	1478.5	-10	1615.8	1466	0	1615.8	1466	-10	1628.3	1466	0	1628.3	1466	-10	1615.8	1453.5	0	1615.8	1453.5	-10	1628.3	1453.5	0	1628.3	1453.5	-10	1640.8	1466	0	1640.8	1466	-10	1653.3	1466	0	1653.3	1466	-10	1640.8	1453.5	0	1640.8	1453.5	-10	1653.3	1453.5	0	1653.3	1453.5	-10	1665.8	1503.5	0	1665.8	1491	0	1665.8	1503.5	-10	1665.8	1491	-10	1678.3	1491	0	1678.3	1491	-10	1665.8	1478.5	0	1665.8	1478.5	-10	1678.3	1478.5	0	1678.3	1478.5	-10	1690.8	1503.5	0	1690.8	1491	0	1690.8	1503.5	-10	1690.8	1491	-10	1703.3	1491	0	1703.3	1491	-10	1690.8	1478.5	0	1690.8	1478.5	-10	1703.3	1478.5	0	1703.3	1478.5	-10	1665.8	1466	0	1665.8	1466	-10	1678.3	1466	0	1678.3	1466	-10	1665.8	1453.5	0	1665.8	1453.5	-10	1678.3	1453.5	0	1678.3	1453.5	-10	1690.8	1466	0	1690.8	1466	-10	1703.3	1466	0	1703.3	1466	-10	1690.8	1453.5	0	1690.8	1453.5	-10	1703.3	1453.5	0	1703.3	1453.5	-10	1615.8	1441	0	1615.8	1441	-10	1628.3	1441	0	1628.3	1441	-10	1615.8	1428.5	0	1615.8	1428.5	-10	1628.3	1428.5	0	1628.3	1428.5	-10	1640.8	1441	0	1640.8	1441	-10	1653.3	1441	0	1653.3	1441	-10	1640.8	1428.5	0	1640.8	1428.5	-10	1653.3	1428.5	0	1653.3	1428.5	-10	1615.8	1416	0	1615.8	1416	-10	1628.3	1416	0	1628.3	1416	-10	1615.8	1403.5	0	1615.8	1403.5	-10	1628.3	1403.5	0	1628.3	1403.5	-10	1640.8	1416	0	1640.8	1416	-10	1653.3	1416	0	1653.3	1416	-10	1640.8	1403.5	0	1640.8	1403.5	-10	1653.3	1403.5	0	1653.3	1403.5	-10	1665.8	1441	0	1665.8	1441	-10	1678.3	1441	0	1678.3	1441	-10	1665.8	1428.5	0	1665.8	1428.5	-10	1678.3	1428.5	0	1678.3	1428.5	-10	1690.8	1441	0	1690.8	1441	-10	1703.3	1441	0	1703.3	1441	-10	1690.8	1428.5	0	1690.8	1428.5	-10	1703.3	1428.5	0	1703.3	1428.5	-10	1665.8	1416	0	1665.8	1416	-10	1678.3	1416	0	1678.3	1416	-10	1665.8	1403.5	0	1665.8	1403.5	-10	1678.3	1403.5	0	1678.3	1403.5	-10	1690.8	1416	0	1690.8	1416	-10	1703.3	1416	0	1703.3	1416	-10	1690.8	1403.5	0	1690.8	1403.5	-10	1703.3	1403.5	0	1703.3	1403.5	-10	1715.8	1503.5	-0	1715.8	1491	0	1715.8	1503.5	-10	1715.8	1491	-10	1728.3	1491	0	1728.3	1491	-10	1715.8	1478.5	0	1715.8	1478.5	-10	1728.3	1478.5	0	1728.3	1478.5	-10	1740.8	1503.5	-0	1740.8	1491	0	1740.8	1503.5	-10	1740.8	1491	-10	1753.3	1491	0	1753.3	1491	-10	1740.8	1478.5	0	1740.8	1478.5	-10	1753.3	1478.5	0	1753.3	1478.5	-10	1715.8	1466	0	1715.8	1466	-10	1728.3	1466	0	1728.3	1466	-10	1715.8	1453.5	0	1715.8	1453.5	-10	1728.3	1453.5	0	1728.3	1453.5	-10	1740.8	1466	0	1740.8	1466	-10	1753.3	1466	0	1753.3	1466	-10	1740.8	1453.5	0	1740.8	1453.5	-10	1753.3	1453.5	0	1753.3	1453.5	-10	1765.8	1503.5	0	1765.8	1491	0	1765.8	1503.5	-10	1765.8	1491	-10	1778.3	1491	0	1778.3	1491	-10	1765.8	1478.5	0	1765.8	1478.5	-10	1778.3	1478.5	0	1778.3	1478.5	-10	1790.8	1503.5	-0	1790.8	1491	0	1790.8	1503.5	-10	1790.8	1491	-10	1803.3	1491	0	1803.3	1491	-10	1790.8	1478.5	0	1790.8	1478.5	-10	1803.3	1478.5	0	1803.3	1478.5	-10	1765.8	1466	0	1765.8	1466	-10	1778.3	1466	0	1778.3	1466	-10	1765.8	1453.5	0	1765.8	1453.5	-10	1778.3	1453.5	0	1778.3	1453.5	-10	1790.8	1466	0	1790.8	1466	-10	1803.3	1466	-0	1803.3	1466	-10	1790.8	1453.5	0	1790.8	1453.5	-10	1803.3	1453.5	0	1803.3	1453.5	-10	1715.8	1441	0	1715.8	1441	-10	1728.3	1441	0	1728.3	1441	-10	1715.8	1428.5	0	1715.8	1428.5	-10	1728.3	1428.5	0	1728.3	1428.5	-10	1740.8	1441	0	1740.8	1441	-10	1753.3	1441	0	1753.3	1441	-10	1740.8	1428.5	0	1740.8	1428.5	-10	1753.3	1428.5	0	1753.3	1428.5	-10	1715.8	1416	0	1715.8	1416	-10	1728.3	1416	0	1728.3	1416	-10	1715.8	1403.5	0	1715.8	1403.5	-10	1728.3	1403.5	0	1728.3	1403.5	-10	1740.8	1416	0	1740.8	1416	-10	1753.3	1416	0	1753.3	1416	-10	1740.8	1403.5	0	1740.8	1403.5	-10	1753.3	1403.5	0	1753.3	1403.5	-10	1765.8	1441	0	1765.8	1441	-10	1778.3	1441	0	1778.3	1441	-10	1765.8	1428.5	0	1765.8	1428.5	-10	1778.3	1428.5	0	1778.3	1428.5	-10	1790.8	1441	0	1790.8	1441	-10	1803.3	1441	-0	1803.3	1441	-10	1790.8	1428.5	0	1790.8	1428.5	-10	1803.3	1428.5	0	1803.3	1428.5	-10	1765.8	1416	0	1765.8	1416	-10	1778.3	1416	0	1778.3	1416	-10	1765.8	1403.5	0	1765.8	1403.5	-10	1778.3	1403.5	0	1778.3	1403.5	-10	1790.8	1416	0	1790.8	1416	-10	1803.3	1416	0	1803.3	1416	-10	1790.8	1403.5	0	1790.8	1403.5	-10	1803.3	1403.5	0	1803.3	1403.5	-10	1853.3	1453.5	0	1903.3	1453.5	0	1853.3	1453.5	-10	1903.3	1453.5	-10	1853.3	1403.5	0	1903.3	1403.5	0	1853.3	1403.5	-10	1903.3	1403.5	-10	1828.3	1503.5	0	1828.3	1478.5	0	1828.3	1503.5	-10	1828.3	1478.5	-10	1853.3	1478.5	0	1853.3	1478.5	-10	1828.3	1453.5	0	1828.3	1453.5	-10	1828.3	1428.5	0	1828.3	1428.5	-10	1853.3	1428.5	-0	1853.3	1428.5	-10	1828.3	1403.5	0	1828.3	1403.5	-10	1303.3	1353.5	-0	1353.3	1353.5	0	1303.3	1353.5	-10	1353.3	1353.5	-10	1353.3	1303.5	0	1353.3	1303.5	-10	1403.3	1353.5	0	1403.3	1353.5	-10	1353.3	1378.5	-0	1378.3	1378.5	0	1353.3	1378.5	-10	1378.3	1378.5	-10	1378.3	1353.5	-0	1378.3	1353.5	-10	1403.3	1378.5	0	1403.3	1378.5	-10	1378.3	1391	-0	1390.8	1391	0	1378.3	1391	-10	1390.8	1391	-10	1403.3	1391	0	1403.3	1391	-10	1390.8	1378.5	-0	1390.8	1378.5	-10	1453.3	1353.5	0	1453.3	1303.5	-0	1453.3	1353.5	-10	1453.3	1303.5	-10	1503.3	1353.5	0	1503.3	1353.5	-10	1428.3	1378.5	0	1428.3	1353.5	-0	1428.3	1378.5	-10	1428.3	1353.5	-10	1453.3	1378.5	0	1453.3	1378.5	-10	1415.8	1391	0	1415.8	1391	-10	1428.3	1391	0	1428.3	1391	-10	1415.8	1378.5	0	1415.8	1378.5	-10	1440.8	1391	0	1440.8	1391	-10	1453.3	1391	0	1453.3	1391	-10	1440.8	1378.5	-0	1440.8	1378.5	-10	1478.3	1378.5	0	1478.3	1353.5	0	1478.3	1378.5	-10	1478.3	1353.5	-10	1503.3	1378.5	0	1503.3	1378.5	-10	1465.8	1391	0	1465.8	1391	-10	1478.3	1391	0	1478.3	1391	-10	1465.8	1378.5	-0	1465.8	1378.5	-10	1490.8	1391	0	1490.8	1391	-10	1503.3	1391	0	1503.3	1391	-10	1490.8	1378.5	-0	1490.8	1378.5	-10	1553.3	1353.5	0	1553.3	1303.5	-0	1553.3	1353.5	-10	1553.3	1303.5	-10	1603.3	1353.5	0	1603.3	1353.5	-10	1528.3	1378.5	0	1528.3	1353.5	-0	1528.3	1378.5	-10	1528.3	1353.5	-10	1553.3	1378.5	0	1553.3	1378.5	-10	1515.8	1391	0	1515.8	1391	-10	1528.3	1391	0	1528.3	1391	-10	1515.8	1378.5	-0	1515.8	1378.5	-10	1540.8	1391	0	1540.8	1391	-10	1553.3	1391	0	1553.3	1391	-10	1540.8	1378.5	0	1540.8	1378.5	-10	1578.3	1378.5	0	1578.3	1353.5	-0	1578.3	1378.5	-10	1578.3	1353.5	-10	1603.3	1378.5	0	1603.3	1378.5	-10	1565.8	1391	0	1565.8	1391	-10	1578.3	1391	0	1578.3	1391	-10	1565.8	1378.5	0	1565.8	1378.5	-10	1590.8	1391	0	1590.8	1391	-10	1603.3	1391	0	1603.3	1391	-10	1590.8	1378.5	0	1590.8	1378.5	-10	1653.3	1353.5	0	1653.3	1303.5	-0	1653.3	1353.5	-10	1653.3	1303.5	-10	1703.3	1353.5	0	1703.3	1353.5	-10	1628.3	1378.5	0	1628.3	1353.5	0	1628.3	1378.5	-10	1628.3	1353.5	-10	1653.3	1378.5	0	1653.3	1378.5	-10	1615.8	1391	0	1615.8	1391	-10	1628.3	1391	0	1628.3	1391	-10	1615.8	1378.5	0	1615.8	1378.5	-10	1640.8	1391	0	1640.8	1391	-10	1653.3	1391	0	1653.3	1391	-10	1640.8	1378.5	0	1640.8	1378.5	-10	1678.3	1378.5	0	1678.3	1353.5	-0	1678.3	1378.5	-10	1678.3	1353.5	-10	1703.3	1378.5	0	1703.3	1378.5	-10	1665.8	1391	0	1665.8	1391	-10	1678.3	1391	0	1678.3	1391	-10	1665.8	1378.5	0	1665.8	1378.5	-10	1690.8	1391	0	1690.8	1391	-10	1703.3	1391	0	1703.3	1391	-10	1690.8	1378.5	0	1690.8	1378.5	-10	1753.3	1353.5	0	1753.3	1303.5	0	1753.3	1353.5	-10	1753.3	1303.5	-10	1803.3	1353.5	0	1803.3	1353.5	-10	1728.3	1378.5	0	1728.3	1353.5	-0	1728.3	1378.5	-10	1728.3	1353.5	-10	1753.3	1378.5	0	1753.3	1378.5	-10	1715.8	1391	0	1715.8	1391	-10	1728.3	1391	0	1728.3	1391	-10	1715.8	1378.5	-0	1715.8	1378.5	-10	1740.8	1391	0	1740.8	1391	-10	1753.3	1391	0	1753.3	1391	-10	1740.8	1378.5	-0	1740.8	1378.5	-10	1778.3	1378.5	0	1778.3	1353.5	-0	1778.3	1378.5	-10	1778.3	1353.5	-10	1803.3	1378.5	0	1803.3	1378.5	-10	1765.8	1391	0	1765.8	1391	-10	1778.3	1391	0	1778.3	1391	-10	1765.8	1378.5	-0	1765.8	1378.5	-10	1790.8	1391	0	1790.8	1391	-10	1803.3	1391	-0	1803.3	1391	-10	1790.8	1378.5	-0	1790.8	1378.5	-10	1853.3	1353.5	0	1903.3	1353.5	0	1853.3	1353.5	-10	1903.3	1353.5	-10	1853.3	1303.5	-0	1853.3	1303.5	-10	1828.3	1378.5	0	1828.3	1378.5	-10	1853.3	1378.5	-0	1853.3	1378.5	-10	1828.3	1353.5	0	1828.3	1353.5	-10	1303.3	1553.5	-40	1353.3	1603.5	-40	1353.3	1553.5	-40	1403.3	1553.5	-40	1353.3	1503.5	-40	1353.3	1528.5	-40	1378.3	1553.5	-40	1378.3	1528.5	-40	1403.3	1528.5	-40	1378.3	1503.5	-40	1403.3	1503.5	-40	1453.3	1603.5	-40	1453.3	1553.5	-40	1503.3	1553.5	-40	1428.3	1553.5	-40	1428.3	1528.5	-40	1453.3	1528.5	-40	1428.3	1503.5	-40	1453.3	1503.5	-40	1478.3	1553.5	-40	1478.3	1528.5	-40	1503.3	1528.5	-40	1478.3	1503.5	-40	1503.3	1503.5	-40	1553.3	1603.5	-40	1553.3	1553.5	-40	1603.3	1553.5	-40	1528.3	1553.5	-40	1528.3	1528.5	-40	1553.3	1528.5	-40	1528.3	1503.5	-40	1553.3	1503.5	-40	1578.3	1553.5	-40	1578.3	1528.5	-40	1603.3	1528.5	-40	1578.3	1503.5	-40	1603.3	1503.5	-40	1653.3	1603.5	-40	1653.3	1553.5	-40	1703.3	1553.5	-40	1628.3	1553.5	-40	1628.3	1528.5	-40	1653.3	1528.5	-40	1628.3	1503.5	-40	1653.3	1503.5	-40	1678.3	1553.5	-40	1678.3	1528.5	-40	1703.3	1528.5	-40	1678.3	1503.5	-40	1703.3	1503.5	-40	1753.3	1603.5	-40	1753.3	1553.5	-40	1803.3	1553.5	-40	1728.3	1553.5	-40	1728.3	1528.5	-40	1753.3	1528.5	-40	1728.3	1503.5	-40	1753.3	1503.5	-40	1778.3	1553.5	-40	1778.3	1528.5	-40	1803.3	1528.5	-40	1778.3	1503.5	-40	1803.3	1503.5	-40	1853.3	1603.5	-40	1853.3	1553.5	-40	1903.3	1553.5	-40	1853.3	1503.5	-40	1903.3	1503.5	-40	1303.3	1453.5	-40	1353.3	1453.5	-40	1353.3	1403.5	-40	1353.3	1478.5	-40	1378.3	1478.5	-40	1378.3	1453.5	-40	1378.3	1491	-40	1390.8	1503.5	-40	1390.8	1491	-40	1403.3	1491	-40	1390.8	1478.5	-40	1403.3	1478.5	-40	1378.3	1466	-40	1390.8	1466	-40	1403.3	1466	-40	1390.8	1453.5	-40	1403.3	1453.5	-40	1353.3	1428.5	-40	1378.3	1428.5	-40	1378.3	1403.5	-40	1378.3	1441	-40	1390.8	1441	-40	1403.3	1441	-40	1390.8	1428.5	-40	1403.3	1428.5	-40	1378.3	1416	-40	1390.8	1416	-40	1403.3	1416	-40	1390.8	1403.5	-40	1403.3	1403.5	-40	1415.8	1503.5	-40	1415.8	1491	-40	1428.3	1491	-40	1415.8	1478.5	-40	1428.3	1478.5	-40	1440.8	1503.5	-40	1440.8	1491	-40	1453.3	1491	-40	1440.8	1478.5	-40	1453.3	1478.5	-40	1415.8	1466	-40	1428.3	1466	-40	1415.8	1453.5	-40	1428.3	1453.5	-40	1440.8	1466	-40	1453.3	1466	-40	1440.8	1453.5	-40	1453.3	1453.5	-40	1465.8	1503.5	-40	1465.8	1491	-40	1478.3	1491	-40	1465.8	1478.5	-40	1478.3	1478.5	-40	1490.8	1503.5	-40	1490.8	1491	-40	1503.3	1491	-40	1490.8	1478.5	-40	1503.3	1478.5	-40	1465.8	1466	-40	1478.3	1466	-40	1465.8	1453.5	-40	1478.3	1453.5	-40	1490.8	1466	-40	1503.3	1466	-40	1490.8	1453.5	-40	1503.3	1453.5	-40	1415.8	1441	-40	1428.3	1441	-40	1415.8	1428.5	-40	1428.3	1428.5	-40	1440.8	1441	-40	1453.3	1441	-40	1440.8	1428.5	-40	1453.3	1428.5	-40	1415.8	1416	-40	1428.3	1416	-40	1415.8	1403.5	-40	1428.3	1403.5	-40	1440.8	1416	-40	1453.3	1416	-40	1440.8	1403.5	-40	1453.3	1403.5	-40	1465.8	1441	-40	1478.3	1441	-40	1465.8	1428.5	-40	1478.3	1428.5	-40	1490.8	1441	-40	1503.3	1441	-40	1490.8	1428.5	-40	1503.3	1428.5	-40	1465.8	1416	-40	1478.3	1416	-40	1465.8	1403.5	-40	1478.3	1403.5	-40	1490.8	1416	-40	1503.3	1416	-40	1490.8	1403.5	-40	1503.3	1403.5	-40	1515.8	1503.5	-40	1515.8	1491	-40	1528.3	1491	-40	1515.8	1478.5	-40	1528.3	1478.5	-40	1540.8	1503.5	-40	1540.8	1491	-40	1553.3	1491	-40	1540.8	1478.5	-40	1553.3	1478.5	-40	1515.8	1466	-40	1528.3	1466	-40	1515.8	1453.5	-40	1528.3	1453.5	-40	1540.8	1466	-40	1553.3	1466	-40	1540.8	1453.5	-40	1553.3	1453.5	-40	1565.8	1503.5	-40	1565.8	1491	-40	1578.3	1491	-40	1565.8	1478.5	-40	1578.3	1478.5	-40	1590.8	1503.5	-40	1590.8	1491	-40	1603.3	1491	-40	1590.8	1478.5	-40	1603.3	1478.5	-40	1565.8	1466	-40	1578.3	1466	-40	1565.8	1453.5	-40	1578.3	1453.5	-40	1590.8	1466	-40	1603.3	1466	-40	1590.8	1453.5	-40	1603.3	1453.5	-40	1515.8	1441	-40	1528.3	1441	-40	1515.8	1428.5	-40	1528.3	1428.5	-40	1540.8	1441	-40	1553.3	1441	-40	1540.8	1428.5	-40	1553.3	1428.5	-40	1515.8	1416	-40	1528.3	1416	-40	1515.8	1403.5	-40	1528.3	1403.5	-40	1540.8	1416	-40	1553.3	1416	-40	1540.8	1403.5	-40	1553.3	1403.5	-40	1565.8	1441	-40	1578.3	1441	-40	1565.8	1428.5	-40	1578.3	1428.5	-40	1590.8	1441	-40	1603.3	1441	-40	1590.8	1428.5	-40	1603.3	1428.5	-40	1565.8	1416	-40	1578.3	1416	-40	1565.8	1403.5	-40	1578.3	1403.5	-40	1590.8	1416	-40	1603.3	1416	-40	1590.8	1403.5	-40	1603.3	1403.5	-40	1615.8	1503.5	-40	1615.8	1491	-40	1628.3	1491	-40	1615.8	1478.5	-40	1628.3	1478.5	-40	1640.8	1503.5	-40	1640.8	1491	-40	1653.3	1491	-40	1640.8	1478.5	-40	1653.3	1478.5	-40	1615.8	1466	-40	1628.3	1466	-40	1615.8	1453.5	-40	1628.3	1453.5	-40	1640.8	1466	-40	1653.3	1466	-40	1640.8	1453.5	-40	1653.3	1453.5	-40	1665.8	1503.5	-40	1665.8	1491	-40	1678.3	1491	-40	1665.8	1478.5	-40	1678.3	1478.5	-40	1690.8	1503.5	-40	1690.8	1491	-40	1703.3	1491	-40	1690.8	1478.5	-40	1703.3	1478.5	-40	1665.8	1466	-40	1678.3	1466	-40	1665.8	1453.5	-40	1678.3	1453.5	-40	1690.8	1466	-40	1703.3	1466	-40	1690.8	1453.5	-40	1703.3	1453.5	-40	1615.8	1441	-40	1628.3	1441	-40	1615.8	1428.5	-40	1628.3	1428.5	-40	1640.8	1441	-40	1653.3	1441	-40	1640.8	1428.5	-40	1653.3	1428.5	-40	1615.8	1416	-40	1628.3	1416	-40	1615.8	1403.5	-40	1628.3	1403.5	-40	1640.8	1416	-40	1653.3	1416	-40	1640.8	1403.5	-40	1653.3	1403.5	-40	1665.8	1441	-40	1678.3	1441	-40	1665.8	1428.5	-40	1678.3	1428.5	-40	1690.8	1441	-40	1703.3	1441	-40	1690.8	1428.5	-40	1703.3	1428.5	-40	1665.8	1416	-40	1678.3	1416	-40	1665.8	1403.5	-40	1678.3	1403.5	-40	1690.8	1416	-40	1703.3	1416	-40	1690.8	1403.5	-40	1703.3	1403.5	-40	1715.8	1503.5	-40	1715.8	1491	-40	1728.3	1491	-40	1715.8	1478.5	-40	1728.3	1478.5	-40	1740.8	1503.5	-40	1740.8	1491	-40	1753.3	1491	-40	1740.8	1478.5	-40	1753.3	1478.5	-40	1715.8	1466	-40	1728.3	1466	-40	1715.8	1453.5	-40	1728.3	1453.5	-40	1740.8	1466	-40	1753.3	1466	-40	1740.8	1453.5	-40	1753.3	1453.5	-40	1765.8	1503.5	-40	1765.8	1491	-40	1778.3	1491	-40	1765.8	1478.5	-40	1778.3	1478.5	-40	1790.8	1503.5	-40	1790.8	1491	-40	1803.3	1491	-40	1790.8	1478.5	-40	1803.3	1478.5	-40	1765.8	1466	-40	1778.3	1466	-40	1765.8	1453.5	-40	1778.3	1453.5	-40	1790.8	1466	-40	1803.3	1466	-40	1790.8	1453.5	-40	1803.3	1453.5	-40	1715.8	1441	-40	1728.3	1441	-40	1715.8	1428.5	-40	1728.3	1428.5	-40	1740.8	1441	-40	1753.3	1441	-40	1740.8	1428.5	-40	1753.3	1428.5	-40	1715.8	1416	-40	1728.3	1416	-40	1715.8	1403.5	-40	1728.3	1403.5	-40	1740.8	1416	-40	1753.3	1416	-40	1740.8	1403.5	-40	1753.3	1403.5	-40	1765.8	1441	-40	1778.3	1441	-40	1765.8	1428.5	-40	1778.3	1428.5	-40	1790.8	1441	-40	1803.3	1441	-40	1790.8	1428.5	-40	1803.3	1428.5	-40	1765.8	1416	-40	1778.3	1416	-40	1765.8	1403.5	-40	1778.3	1403.5	-40	1790.8	1416	-40	1803.3	1416	-40	1790.8	1403.5	-40	1803.3	1403.5	-40	1853.3	1453.5	-40	1903.3	1453.5	-40	1853.3	1403.5	-40	1903.3	1403.5	-40	1828.3	1503.5	-40	1828.3	1478.5	-40	1853.3	1478.5	-40	1828.3	1453.5	-40	1828.3	1428.5	-40	1853.3	1428.5	-40	1828.3	1403.5	-40	1303.3	1353.5	-40	1353.3	1353.5	-40	1353.3	1303.5	-40	1403.3	1353.5	-40	1353.3	1378.5	-40	1378.3	1378.5	-40	1378.3	1353.5	-40	1403.3	1378.5	-40	1378.3	1391	-40	1390.8	1391	-40	1403.3	1391	-40	1390.8	1378.5	-40	1453.3	1353.5	-40	1453.3	1303.5	-40	1503.3	1353.5	-40	1428.3	1378.5	-40	1428.3	1353.5	-40	1453.3	1378.5	-40	1415.8	1391	-40	1428.3	1391	-40	1415.8	1378.5	-40	1440.8	1391	-40	1453.3	1391	-40	1440.8	1378.5	-40	1478.3	1378.5	-40	1478.3	1353.5	-40	1503.3	1378.5	-40	1465.8	1391	-40	1478.3	1391	-40	1465.8	1378.5	-40	1490.8	1391	-40	1503.3	1391	-40	1490.8	1378.5	-40	1553.3	1353.5	-40	1553.3	1303.5	-40	1603.3	1353.5	-40	1528.3	1378.5	-40	1528.3	1353.5	-40	1553.3	1378.5	-40	1515.8	1391	-40	1528.3	1391	-40	1515.8	1378.5	-40	1540.8	1391	-40	1553.3	1391	-40	1540.8	1378.5	-40	1578.3	1378.5	-40	1578.3	1353.5	-40	1603.3	1378.5	-40	1565.8	1391	-40	1578.3	1391	-40	1565.8	1378.5	-40	1590.8	1391	-40	1603.3	1391	-40	1590.8	1378.5	-40	1653.3	1353.5	-40	1653.3	1303.5	-40	1703.3	1353.5	-40	1628.3	1378.5	-40	1628.3	1353.5	-40	1653.3	1378.5	-40	1615.8	1391	-40	1628.3	1391	-40	1615.8	1378.5	-40	1640.8	1391	-40	1653.3	1391	-40	1640.8	1378.5	-40	1678.3	1378.5	-40	1678.3	1353.5	-40	1703.3	1378.5	-40	1665.8	1391	-40	1678.3	1391	-40	1665.8	1378.5	-40	1690.8	1391	-40	1703.3	1391	-40	1690.8	1378.5	-40	1753.3	1353.5	-40	1753.3	1303.5	-40	1803.3	1353.5	-40	1728.3	1378.5	-40	1728.3	1353.5	-40	1753.3	1378.5	-40	1715.8	1391	-40	1728.3	1391	-40	1715.8	1378.5	-40	1740.8	1391	-40	1753.3	1391	-40	1740.8	1378.5	-40	1778.3	1378.5	-40	1778.3	1353.5	-40	1803.3	1378.5	-40	1765.8	1391	-40	1778.3	1391	-40	1765.8	1378.5	-40	1790.8	1391	-40	1803.3	1391	-40	1790.8	1378.5	-40	1853.3	1353.5	-40	1903.3	1353.5	-40	1853.3	1303.5	-40	1828.3	1378.5	-40	1853.3	1378.5	-40	1828.3	1353.5	-40	1303.3	1553.5	-70	1353.3	1603.5	-70	1353.3	1553.5	-70	1403.3	1553.5	-70	1353.3	1503.5	-70	1353.3	1528.5	-70	1378.3	1553.5	-70	1378.3	1528.5	-70	1403.3	1528.5	-70	1378.3	1503.5	-70	1403.3	1503.5	-70	1453.3	1603.5	-70	1453.3	1553.5	-70	1503.3	1553.5	-70	1428.3	1553.5	-70	1428.3	1528.5	-70	1453.3	1528.5	-70	1428.3	1503.5	-70	1453.3	1503.5	-70	1478.3	1553.5	-70	1478.3	1528.5	-70	1503.3	1528.5	-70	1478.3	1503.5	-70	1503.3	1503.5	-70	1553.3	1603.5	-70	1553.3	1553.5	-70	1603.3	1553.5	-70	1528.3	1553.5	-70	1528.3	1528.5	-70	1553.3	1528.5	-70	1528.3	1503.5	-70	1553.3	1503.5	-70	1578.3	1553.5	-70	1578.3	1528.5	-70	1603.3	1528.5	-70	1578.3	1503.5	-70	1603.3	1503.5	-70	1653.3	1603.5	-70	1653.3	1553.5	-70	1703.3	1553.5	-70	1628.3	1553.5	-70	1628.3	1528.5	-70	1653.3	1528.5	-70	1628.3	1503.5	-70	1653.3	1503.5	-70	1678.3	1553.5	-70	1678.3	1528.5	-70	1703.3	1528.5	-70	1678.3	1503.5	-70	1703.3	1503.5	-70	1753.3	1603.5	-70	1753.3	1553.5	-70	1803.3	1553.5	-70	1728.3	1553.5	-70	1728.3	1528.5	-70	1753.3	1528.5	-70	1728.3	1503.5	-70	1753.3	1503.5	-70	1778.3	1553.5	-70	1778.3	1528.5	-70	1803.3	1528.5	-70	1778.3	1503.5	-70	1803.3	1503.5	-70	1853.3	1603.5	-70	1853.3	1553.5	-70	1903.3	1553.5	-70	1853.3	1503.5	-70	1903.3	1503.5	-70	1303.3	1453.5	-70	1353.3	1453.5	-70	1353.3	1403.5	-70	1353.3	1478.5	-70	1378.3	1478.5	-70	1378.3	1453.5	-70	1378.3	1491	-70	1390.8	1503.5	-70	1390.8	1491	-70	1403.3	1491	-70	1390.8	1478.5	-70	1403.3	1478.5	-70	1378.3	1466	-70	1390.8	1466	-70	1403.3	1466	-70	1390.8	1453.5	-70	1403.3	1453.5	-70	1353.3	1428.5	-70	1378.3	1428.5	-70	1378.3	1403.5	-70	1378.3	1441	-70	1390.8	1441	-70	1403.3	1441	-70	1390.8	1428.5	-70	1403.3	1428.5	-70	1378.3	1416	-70	1390.8	1416	-70	1403.3	1416	-70	1390.8	1403.5	-70	1403.3	1403.5	-70	1415.8	1503.5	-70	1415.8	1491	-70	1428.3	1491	-70	1415.8	1478.5	-70	1428.3	1478.5	-70	1440.8	1503.5	-70	1440.8	1491	-70	1453.3	1491	-70	1440.8	1478.5	-70	1453.3	1478.5	-70	1415.8	1466	-70	1428.3	1466	-70	1415.8	1453.5	-70	1428.3	1453.5	-70	1440.8	1466	-70	1453.3	1466	-70	1440.8	1453.5	-70	1453.3	1453.5	-70	1465.8	1503.5	-70	1465.8	1491	-70	1478.3	1491	-70	1465.8	1478.5	-70	1478.3	1478.5	-70	1490.8	1503.5	-70	1490.8	1491	-70	1503.3	1491	-70	1490.8	1478.5	-70	1503.3	1478.5	-70	1465.8	1466	-70	1478.3	1466	-70	1465.8	1453.5	-70	1478.3	1453.5	-70	1490.8	1466	-70	1503.3	1466	-70	1490.8	1453.5	-70	1503.3	1453.5	-70	1415.8	1441	-70	1428.3	1441	-70	1415.8	1428.5	-70	1428.3	1428.5	-70	1440.8	1441	-70	1453.3	1441	-70	1440.8	1428.5	-70	1453.3	1428.5	-70	1415.8	1416	-70	1428.3	1416	-70	1415.8	1403.5	-70	1428.3	1403.5	-70	1440.8	1416	-70	1453.3	1416	-70	1440.8	1403.5	-70	1453.3	1403.5	-70	1465.8	1441	-70	1478.3	1441	-70	1465.8	1428.5	-70	1478.3	1428.5	-70	1490.8	1441	-70	1503.3	1441	-70	1490.8	1428.5	-70	1503.3	1428.5	-70	1465.8	1416	-70	1478.3	1416	-70	1465.8	1403.5	-70	1478.3	1403.5	-70	1490.8	1416	-70	1503.3	1416	-70	1490.8	1403.5	-70	1503.3	1403.5	-70	1515.8	1503.5	-70	1515.8	1491	-70	1528.3	1491	-70	1515.8	1478.5	-70	1528.3	1478.5	-70	1540.8	1503.5	-70	1540.8	1491	-70	1553.3	1491	-70	1540.8	1478.5	-70	1553.3	1478.5	-70	1515.8	1466	-70	1528.3	1466	-70	1515.8	1453.5	-70	1528.3	1453.5	-70	1540.8	1466	-70	1553.3	1466	-70	1540.8	1453.5	-70	1553.3	1453.5	-70	1565.8	1503.5	-70	1565.8	1491	-70	1578.3	1491	-70	1565.8	1478.5	-70	1578.3	1478.5	-70	1590.8	1503.5	-70	1590.8	1491	-70	1603.3	1491	-70	1590.8	1478.5	-70	1603.3	1478.5	-70	1565.8	1466	-70	1578.3	1466	-70	1565.8	1453.5	-70	1578.3	1453.5	-70	1590.8	1466	-70	1603.3	1466	-70	1590.8	1453.5	-70	1603.3	1453.5	-70	1515.8	1441	-70	1528.3	1441	-70	1515.8	1428.5	-70	1528.3	1428.5	-70	1540.8	1441	-70	1553.3	1441	-70	1540.8	1428.5	-70	1553.3	1428.5	-70	1515.8	1416	-70	1528.3	1416	-70	1515.8	1403.5	-70	1528.3	1403.5	-70	1540.8	1416	-70	1553.3	1416	-70	1540.8	1403.5	-70	1553.3	1403.5	-70	1565.8	1441	-70	1578.3	1441	-70	1565.8	1428.5	-70	1578.3	1428.5	-70	1590.8	1441	-70	1603.3	1441	-70	1590.8	1428.5	-70	1603.3	1428.5	-70	1565.8	1416	-70	1578.3	1416	-70	1565.8	1403.5	-70	1578.3	1403.5	-70	1590.8	1416	-70	1603.3	1416	-70	1590.8	1403.5	-70	1603.3	1403.5	-70	1615.8	1503.5	-70	1615.8	1491	-70	1628.3	1491	-70	1615.8	1478.5	-70	1628.3	1478.5	-70	1640.8	1503.5	-70	1640.8	1491	-70	1653.3	1491	-70	1640.8	1478.5	-70	1653.3	1478.5	-70	1615.8	1466	-70	1628.3	1466	-70	1615.8	1453.5	-70	1628.3	1453.5	-70	1640.8	1466	-70	1653.3	1466	-70	1640.8	1453.5	-70	1653.3	1453.5	-70	1665.8	1503.5	-70	1665.8	1491	-70	1678.3	1491	-70	1665.8	1478.5	-70	1678.3	1478.5	-70	1690.8	1503.5	-70	1690.8	1491	-70	1703.3	1491	-70	1690.8	1478.5	-70	1703.3	1478.5	-70	1665.8	1466	-70	1678.3	1466	-70	1665.8	1453.5	-70	1678.3	1453.5	-70	1690.8	1466	-70	1703.3	1466	-70	1690.8	1453.5	-70	1703.3	1453.5	-70	1615.8	1441	-70	1628.3	1441	-70	1615.8	1428.5	-70	1628.3	1428.5	-70	1640.8	1441	-70	1653.3	1441	-70	1640.8	1428.5	-70	1653.3	1428.5	-70	1615.8	1416	-70	1628.3	1416	-70	1615.8	1403.5	-70	1628.3	1403.5	-70	1640.8	1416	-70	1653.3	1416	-70	1640.8	1403.5	-70	1653.3	1403.5	-70	1665.8	1441	-70	1678.3	1441	-70	1665.8	1428.5	-70	1678.3	1428.5	-70	1690.8	1441	-70	1703.3	1441	-70	1690.8	1428.5	-70	1703.3	1428.5	-70	1665.8	1416	-70	1678.3	1416	-70	1665.8	1403.5	-70	1678.3	1403.5	-70	1690.8	1416	-70	1703.3	1416	-70	1690.8	1403.5	-70	1703.3	1403.5	-70	1715.8	1503.5	-70	1715.8	1491	-70	1728.3	1491	-70	1715.8	1478.5	-70	1728.3	1478.5	-70	1740.8	1503.5	-70	1740.8	1491	-70	1753.3	1491	-70	1740.8	1478.5	-70	1753.3	1478.5	-70	1715.8	1466	-70	1728.3	1466	-70	1715.8	1453.5	-70	1728.3	1453.5	-70	1740.8	1466	-70	1753.3	1466	-70	1740.8	1453.5	-70	1753.3	1453.5	-70	1765.8	1503.5	-70	1765.8	1491	-70	1778.3	1491	-70	1765.8	1478.5	-70	1778.3	1478.5	-70	1790.8	1503.5	-70	1790.8	1491	-70	1803.3	1491	-70	1790.8	1478.5	-70	1803.3	1478.5	-70	1765.8	1466	-70	1778.3	1466	-70	1765.8	1453.5	-70	1778.3	1453.5	-70	1790.8	1466	-70	1803.3	1466	-70	1790.8	1453.5	-70	1803.3	1453.5	-70	1715.8	1441	-70	1728.3	1441	-70	1715.8	1428.5	-70	1728.3	1428.5	-70	1740.8	1441	-70	1753.3	1441	-70	1740.8	1428.5	-70	1753.3	1428.5	-70	1715.8	1416	-70	1728.3	1416	-70	1715.8	1403.5	-70	1728.3	1403.5	-70	1740.8	1416	-70	1753.3	1416	-70	1740.8	1403.5	-70	1753.3	1403.5	-70	1765.8	1441	-70	1778.3	1441	-70	1765.8	1428.5	-70	1778.3	1428.5	-70	1790.8	1441	-70	1803.3	1441	-70	1790.8	1428.5	-70	1803.3	1428.5	-70	1765.8	1416	-70	1778.3	1416	-70	1765.8	1403.5	-70	1778.3	1403.5	-70	1790.8	1416	-70	1803.3	1416	-70	1790.8	1403.5	-70	1803.3	1403.5	-70	1853.3	1453.5	-70	1903.3	1453.5	-70	1853.3	1403.5	-70	1903.3	1403.5	-70	1828.3	1503.5	-70	1828.3	1478.5	-70	1853.3	1478.5	-70	1828.3	1453.5	-70	1828.3	1428.5	-70	1853.3	1428.5	-70	1828.3	1403.5	-70	1303.3	1353.5	-70	1353.3	1353.5	-70	1353.3	1303.5	-70	1403.3	1353.5	-70	1353.3	1378.5	-70	1378.3	1378.5	-70	1378.3	1353.5	-70	1403.3	1378.5	-70	1378.3	1391	-70	1390.8	1391	-70	1403.3	1391	-70	1390.8	1378.5	-70	1453.3	1353.5	-70	1453.3	1303.5	-70	1503.3	1353.5	-70	1428.3	1378.5	-70	1428.3	1353.5	-70	1453.3	1378.5	-70	1415.8	1391	-70	1428.3	1391	-70	1415.8	1378.5	-70	1440.8	1391	-70	1453.3	1391	-70	1440.8	1378.5	-70	1478.3	1378.5	-70	1478.3	1353.5	-70	1503.3	1378.5	-70	1465.8	1391	-70	1478.3	1391	-70	1465.8	1378.5	-70	1490.8	1391	-70	1503.3	1391	-70	1490.8	1378.5	-70	1553.3	1353.5	-70	1553.3	1303.5	-70	1603.3	1353.5	-70	1528.3	1378.5	-70	1528.3	1353.5	-70	1553.3	1378.5	-70	1515.8	1391	-70	1528.3	1391	-70	1515.8	1378.5	-70	1540.8	1391	-70	1553.3	1391	-70	1540.8	1378.5	-70	1578.3	1378.5	-70	1578.3	1353.5	-70	1603.3	1378.5	-70	1565.8	1391	-70	1578.3	1391	-70	1565.8	1378.5	-70	1590.8	1391	-70	1603.3	1391	-70	1590.8	1378.5	-70	1653.3	1353.5	-70	1653.3	1303.5	-70	1703.3	1353.5	-70	1628.3	1378.5	-70	1628.3	1353.5	-70	1653.3	1378.5	-70	1615.8	1391	-70	1628.3	1391	-70	1615.8	1378.5	-70	1640.8	1391	-70	1653.3	1391	-70	1640.8	1378.5	-70	1678.3	1378.5	-70	1678.3	1353.5	-70	1703.3	1378.5	-70	1665.8	1391	-70	1678.3	1391	-70	1665.8	1378.5	-70	1690.8	1391	-70	1703.3	1391	-70	1690.8	1378.5	-70	1753.3	1353.5	-70	1753.3	1303.5	-70	1803.3	1353.5	-70	1728.3	1378.5	-70	1728.3	1353.5	-70	1753.3	1378.5	-70	1715.8	1391	-70	1728.3	1391	-70	1715.8	1378.5	-70	1740.8	1391	-70	1753.3	1391	-70	1740.8	1378.5	-70	1778.3	1378.5	-70	1778.3	1353.5	-70	1803.3	1378.5	-70	1765.8	1391	-70	1778.3	1391	-70	1765.8	1378.5	-70	1790.8	1391	-70	1803.3	1391	-70	1790.8	1378.5	-70	1853.3	1353.5	-70	1903.3	1353.5	-70	1853.3	1303.5	-70	1828.3	1378.5	-70	1853.3	1378.5	-70	1828.3	1353.5	-70	1303.3	1553.5	-100	1353.3	1603.5	-100	1353.3	1553.5	-100	1403.3	1553.5	-100	1353.3	1503.5	-100	1353.3	1528.5	-100	1378.3	1553.5	-100	1378.3	1528.5	-100	1403.3	1528.5	-100	1378.3	1503.5	-100	1403.3	1503.5	-100	1453.3	1603.5	-100	1453.3	1553.5	-100	1503.3	1553.5	-100	1428.3	1553.5	-100	1428.3	1528.5	-100	1453.3	1528.5	-100	1428.3	1503.5	-100	1453.3	1503.5	-100	1478.3	1553.5	-100	1478.3	1528.5	-100	1503.3	1528.5	-100	1478.3	1503.5	-100	1503.3	1503.5	-100	1553.3	1603.5	-100	1553.3	1553.5	-100	1603.3	1553.5	-100	1528.3	1553.5	-100	1528.3	1528.5	-100	1553.3	1528.5	-100	1528.3	1503.5	-100	1553.3	1503.5	-100	1578.3	1553.5	-100	1578.3	1528.5	-100	1603.3	1528.5	-100	1578.3	1503.5	-100	1603.3	1503.5	-100	1653.3	1603.5	-100	1653.3	1553.5	-100	1703.3	1553.5	-100	1628.3	1553.5	-100	1628.3	1528.5	-100	1653.3	1528.5	-100	1628.3	1503.5	-100	1653.3	1503.5	-100	1678.3	1553.5	-100	1678.3	1528.5	-100	1703.3	1528.5	-100	1678.3	1503.5	-100	1703.3	1503.5	-100	1753.3	1603.5	-100	1753.3	1553.5	-100	1803.3	1553.5	-100	1728.3	1553.5	-100	1728.3	1528.5	-100	1753.3	1528.5	-100	1728.3	1503.5	-100	1753.3	1503.5	-100	1778.3	1553.5	-100	1778.3	1528.5	-100	1803.3	1528.5	-100	1778.3	1503.5	-100	1803.3	1503.5	-100	1853.3	1603.5	-100	1853.3	1553.5	-100	1903.3	1553.5	-100	1853.3	1503.5	-100	1903.3	1503.5	-100	1303.3	1453.5	-100	1353.3	1453.5	-100	1353.3	1403.5	-100	1353.3	1478.5	-100	1378.3	1478.5	-100	1378.3	1453.5	-100	1378.3	1491	-100	1390.8	1503.5	-100	1390.8	1491	-100	1403.3	1491	-100	1390.8	1478.5	-100	1403.3	1478.5	-100	1378.3	1466	-100	1390.8	1466	-100	1403.3	1466	-100	1390.8	1453.5	-100	1403.3	1453.5	-100	1353.3	1428.5	-100	1378.3	1428.5	-100	1378.3	1403.5	-100	1378.3	1441	-100	1390.8	1441	-100	1403.3	1441	-100	1390.8	1428.5	-100	1403.3	1428.5	-100	1378.3	1416	-100	1390.8	1416	-100	1403.3	1416	-100	1390.8	1403.5	-100	1403.3	1403.5	-100	1415.8	1503.5	-100	1415.8	1491	-100	1428.3	1491	-100	1415.8	1478.5	-100	1428.3	1478.5	-100	1440.8	1503.5	-100	1440.8	1491	-100	1453.3	1491	-100	1440.8	1478.5	-100	1453.3	1478.5	-100	1415.8	1466	-100	1428.3	1466	-100	1415.8	1453.5	-100	1428.3	1453.5	-100	1440.8	1466	-100	1453.3	1466	-100	1440.8	1453.5	-100	1453.3	1453.5	-100	1465.8	1503.5	-100	1465.8	1491	-100	1478.3	1491	-100	1465.8	1478.5	-100	1478.3	1478.5	-100	1490.8	1503.5	-100	1490.8	1491	-100	1503.3	1491	-100	1490.8	1478.5	-100	1503.3	1478.5	-100	1465.8	1466	-100	1478.3	1466	-100	1465.8	1453.5	-100	1478.3	1453.5	-100	1490.8	1466	-100	1503.3	1466	-100	1490.8	1453.5	-100	1503.3	1453.5	-100	1415.8	1441	-100	1428.3	1441	-100	1415.8	1428.5	-100	1428.3	1428.5	-100	1440.8	1441	-100	1453.3	1441	-100	1440.8	1428.5	-100	1453.3	1428.5	-100	1415.8	1416	-100	1428.3	1416	-100	1415.8	1403.5	-100	1428.3	1403.5	-100	1440.8	1416	-100	1453.3	1416	-100	1440.8	1403.5	-100	1453.3	1403.5	-100	1465.8	1441	-100	1478.3	1441	-100	1465.8	1428.5	-100	1478.3	1428.5	-100	1490.8	1441	-100	1503.3	1441	-100	1490.8	1428.5	-100	1503.3	1428.5	-100	1465.8	1416	-100	1478.3	1416	-100	1465.8	1403.5	-100	1478.3	1403.5	-100	1490.8	1416	-100	1503.3	1416	-100	1490.8	1403.5	-100	1503.3	1403.5	-100	1515.8	1503.5	-100	1515.8	1491	-100	1528.3	1491	-100	1515.8	1478.5	-100	1528.3	1478.5	-100	1540.8	1503.5	-100	1540.8	1491	-100	1553.3	1491	-100	1540.8	1478.5	-100	1553.3	1478.5	-100	1515.8	1466	-100	1528.3	1466	-100	1515.8	1453.5	-100	1528.3	1453.5	-100	1540.8	1466	-100	1553.3	1466	-100	1540.8	1453.5	-100	1553.3	1453.5	-100	1565.8	1503.5	-100	1565.8	1491	-100	1578.3	1491	-100	1565.8	1478.5	-100	1578.3	1478.5	-100	1590.8	1503.5	-100	1590.8	1491	-100	1603.3	1491	-100	1590.8	1478.5	-100	1603.3	1478.5	-100	1565.8	1466	-100	1578.3	1466	-100	1565.8	1453.5	-100	1578.3	1453.5	-100	1590.8	1466	-100	1603.3	1466	-100	1590.8	1453.5	-100	1603.3	1453.5	-100	1515.8	1441	-100	1528.3	1441	-100	1515.8	1428.5	-100	1528.3	1428.5	-100	1540.8	1441	-100	1553.3	1441	-100	1540.8	1428.5	-100	1553.3	1428.5	-100	1515.8	1416	-100	1528.3	1416	-100	1515.8	1403.5	-100	1528.3	1403.5	-100	1540.8	1416	-100	1553.3	1416	-100	1540.8	1403.5	-100	1553.3	1403.5	-100	1565.8	1441	-100	1578.3	1441	-100	1565.8	1428.5	-100	1578.3	1428.5	-100	1590.8	1441	-100	1603.3	1441	-100	1590.8	1428.5	-100	1603.3	1428.5	-100	1565.8	1416	-100	1578.3	1416	-100	1565.8	1403.5	-100	1578.3	1403.5	-100	1590.8	1416	-100	1603.3	1416	-100	1590.8	1403.5	-100	1603.3	1403.5	-100	1615.8	1503.5	-100	1615.8	1491	-100	1628.3	1491	-100	1615.8	1478.5	-100	1628.3	1478.5	-100	1640.8	1503.5	-100	1640.8	1491	-100	1653.3	1491	-100	1640.8	1478.5	-100	1653.3	1478.5	-100	1615.8	1466	-100	1628.3	1466	-100	1615.8	1453.5	-100	1628.3	1453.5	-100	1640.8	1466	-100	1653.3	1466	-100	1640.8	1453.5	-100	1653.3	1453.5	-100	1665.8	1503.5	-100	1665.8	1491	-100	1678.3	1491	-100	1665.8	1478.5	-100	1678.3	1478.5	-100	1690.8	1503.5	-100	1690.8	1491	-100	1703.3	1491	-100	1690.8	1478.5	-100	1703.3	1478.5	-100	1665.8	1466	-100	1678.3	1466	-100	1665.8	1453.5	-100	1678.3	1453.5	-100	1690.8	1466	-100	1703.3	1466	-100	1690.8	1453.5	-100	1703.3	1453.5	-100	1615.8	1441	-100	1628.3	1441	-100	1615.8	1428.5	-100	1628.3	1428.5	-100	1640.8	1441	-100	1653.3	1441	-100	1640.8	1428.5	-100	1653.3	1428.5	-100	1615.8	1416	-100	1628.3	1416	-100	1615.8	1403.5	-100	1628.3	1403.5	-100	1640.8	1416	-100	1653.3	1416	-100	1640.8	1403.5	-100	1653.3	1403.5	-100	1665.8	1441	-100	1678.3	1441	-100	1665.8	1428.5	-100	1678.3	1428.5	-100	1690.8	1441	-100	1703.3	1441	-100	1690.8	1428.5	-100	1703.3	1428.5	-100	1665.8	1416	-100	1678.3	1416	-100	1665.8	1403.5	-100	1678.3	1403.5	-100	1690.8	1416	-100	1703.3	1416	-100	1690.8	1403.5	-100	1703.3	1403.5	-100	1715.8	1503.5	-100	1715.8	1491	-100	1728.3	1491	-100	1715.8	1478.5	-100	1728.3	1478.5	-100	1740.8	1503.5	-100	1740.8	1491	-100	1753.3	1491	-100	1740.8	1478.5	-100	1753.3	1478.5	-100	1715.8	1466	-100	1728.3	1466	-100	1715.8	1453.5	-100	1728.3	1453.5	-100	1740.8	1466	-100	1753.3	1466	-100	1740.8	1453.5	-100	1753.3	1453.5	-100	1765.8	1503.5	-100	1765.8	1491	-100	1778.3	1491	-100	1765.8	1478.5	-100	1778.3	1478.5	-100	1790.8	1503.5	-100	1790.8	1491	-100	1803.3	1491	-100	1790.8	1478.5	-100	1803.3	1478.5	-100	1765.8	1466	-100	1778.3	1466	-100	1765.8	1453.5	-100	1778.3	1453.5	-100	1790.8	1466	-100	1803.3	1466	-100	1790.8	1453.5	-100	1803.3	1453.5	-100	1715.8	1441	-100	1728.3	1441	-100	1715.8	1428.5	-100	1728.3	1428.5	-100	1740.8	1441	-100	1753.3	1441	-100	1740.8	1428.5	-100	1753.3	1428.5	-100	1715.8	1416	-100	1728.3	1416	-100	1715.8	1403.5	-100	1728.3	1403.5	-100	1740.8	1416	-100	1753.3	1416	-100	1740.8	1403.5	-100	1753.3	1403.5	-100	1765.8	1441	-100	1778.3	1441	-100	1765.8	1428.5	-100	1778.3	1428.5	-100	1790.8	1441	-100	1803.3	1441	-100	1790.8	1428.5	-100	1803.3	1428.5	-100	1765.8	1416	-100	1778.3	1416	-100	1765.8	1403.5	-100	1778.3	1403.5	-100	1790.8	1416	-100	1803.3	1416	-100	1790.8	1403.5	-100	1803.3	1403.5	-100	1853.3	1453.5	-100	1903.3	1453.5	-100	1853.3	1403.5	-100	1903.3	1403.5	-100	1828.3	1503.5	-100	1828.3	1478.5	-100	1853.3	1478.5	-100	1828.3	1453.5	-100	1828.3	1428.5	-100	1853.3	1428.5	-100	1828.3	1403.5	-100	1303.3	1353.5	-100	1353.3	1353.5	-100	1353.3	1303.5	-100	1403.3	1353.5	-100	1353.3	1378.5	-100	1378.3	1378.5	-100	1378.3	1353.5	-100	1403.3	1378.5	-100	1378.3	1391	-100	1390.8	1391	-100	1403.3	1391	-100	1390.8	1378.5	-100	1453.3	1353.5	-100	1453.3	1303.5	-100	1503.3	1353.5	-100	1428.3	1378.5	-100	1428.3	1353.5	-100	1453.3	1378.5	-100	1415.8	1391	-100	1428.3	1391	-100	1415.8	1378.5	-100	1440.8	1391	-100	1453.3	1391	-100	1440.8	1378.5	-100	1478.3	1378.5	-100	1478.3	1353.5	-100	1503.3	1378.5	-100	1465.8	1391	-100	1478.3	1391	-100	1465.8	1378.5	-100	1490.8	1391	-100	1503.3	1391	-100	1490.8	1378.5	-100	1553.3	1353.5	-100	1553.3	1303.5	-100	1603.3	1353.5	-100	1528.3	1378.5	-100	1528.3	1353.5	-100	1553.3	1378.5	-100	1515.8	1391	-100	1528.3	1391	-100	1515.8	1378.5	-100	1540.8	1391	-100	1553.3	1391	-100	1540.8	1378.5	-100	1578.3	1378.5	-100	1578.3	1353.5	-100	1603.3	1378.5	-100	1565.8	1391	-100	1578.3	1391	-100	1565.8	1378.5	-100	1590.8	1391	-100	1603.3	1391	-100	1590.8	1378.5	-100	1653.3	1353.5	-100	1653.3	1303.5	-100	1703.3	1353.5	-100	1628.3	1378.5	-100	1628.3	1353.5	-100	1653.3	1378.5	-100	1615.8	1391	-100	1628.3	1391	-100	1615.8	1378.5	-100	1640.8	1391	-100	1653.3	1391	-100	1640.8	1378.5	-100	1678.3	1378.5	-100	1678.3	1353.5	-100	1703.3	1378.5	-100	1665.8	1391	-100	1678.3	1391	-100	1665.8	1378.5	-100	1690.8	1391	-100	1703.3	1391	-100	1690.8	1378.5	-100	1753.3	1353.5	-100	1753.3	1303.5	-100	1803.3	1353.5	-100	1728.3	1378.5	-100	1728.3	1353.5	-100	1753.3	1378.5	-100	1715.8	1391	-100	1728.3	1391	-100	1715.8	1378.5	-100	1740.8	1391	-100	1753.3	1391	-100	1740.8	1378.5	-100	1778.3	1378.5	-100	1778.3	1353.5	-100	1803.3	1378.5	-100	1765.8	1391	-100	1778.3	1391	-100	1765.8	1378.5	-100	1790.8	1391	-100	1803.3	1391	-100	1790.8	1378.5	-100	1853.3	1353.5	-100	1903.3	1353.5	-100	1853.3	1303.5	-100	1828.3	1378.5	-100	1853.3	1378.5	-100	1828.3	1353.5	-100	
</DataArray>
</Points>
<Cells>
<DataArray type="Int32" Name="connectivity" format="ascii">
0	1	2	3	4	5	6	7
2	3	8	9	6	7	10	11
8	9	12	13	10	11	14	15
12	13	16	17	14	15	18	19
16	17	20	21	18	19	22	23
20	21	24	25	22	23	26	27
24	25	28	29	26	27	30	31
28	29	32	33	30	31	34	35
1	36	3	37	5	38	7	39
3	37	9	40	7	39	11	41
9	40	13	42	11	41	15	43
13	42	17	44	15	43	19	45
17	44	21	46	19	45	23	47
21	46	25	48	23	47	27	49
25	48	29	50	27	49	31	51
29	50	33	52	31	51	35	53
36	54	37	55	38	56	39	57
37	55	40	58	39	57	41	59
40	58	42	60	41	59	43	61
42	60	44	62	43	61	45	63
44	62	46	64	45	63	47	65
46	64	48	66	47	65	49	67
48	66	50	68	49	67	51	69
50	68	52	70	51	69	53	71
54	72	55	73	56	74	57	75
55	73	58	76	57	75	59	77
58	345	346	347	59	348	349	350
346	347	60	351	349	350	61	352
347	355	356	357	350	358	359	360
356	357	351	361	359	360	352	362
357	363	361	365	360	364	362	366
355	353	357	363	358	354	360	364
345	76	347	353	348	77	350	354
60	351	367	368	61	352	369	370
367	368	62	371	369	370	63	372
368	377	383	384	370	378	385	386
383	384	371	387	385	386	372	388
384	389	387	391	386	390	388	392
377	381	384	389	378	382	386	390
351	361	373	374	352	362	375	376
373	374	368	377	375	376	370	378
374	379	377	381	376	380	378	382
361	365	374	379	362	366	376	380
62	371	393	394	63	372	395	396
393	394	64	397	395	396	65	398
394	403	409	410	396	404	411	412
409	410	397	413	411	412	398	414
410	415	413	417	412	416	414	418
403	407	410	415	404	408	412	416
371	387	399	400	372	388	401	402
399	400	394	403	401	402	396	404
400	405	403	407	402	406	404	408
387	391	400	405	388	392	402	406
64	397	419	420	65	398	421	422
419	420	66	423	421	422	67	424
420	429	435	436	422	430	437	438
435	436	423	439	437	438	424	440
436	441	439	443	438	442	440	444
429	433	436	441	430	434	438	442
397	413	425	426	398	414	427	428
425	426	420	429	427	428	422	430
426	431	429	433	428	432	430	434
413	417	426	431	414	418	428	432
66	423	445	446	67	424	447	448
445	446	68	449	447	448	69	450
446	455	461	462	448	456	463	464
461	462	449	465	463	464	450	466
462	467	465	469	464	468	466	470
455	459	462	467	456	460	464	468
423	439	451	452	424	440	453	454
451	452	446	455	453	454	448	456
452	457	455	459	454	458	456	460
439	443	452	457	440	444	454	458
68	449	471	472	69	450	473	474
471	472	70	475	473	474	71	476
472	477	475	479	474	478	476	480
449	469	472	477	450	470	474	478
72	78	73	79	74	80	75	81
73	79	76	82	75	81	77	83
76	481	353	482	77	483	354	484
353	487	363	488	354	489	364	490
363	493	494	495	364	496	497	498
494	495	365	499	497	498	366	500
495	501	499	503	498	502	500	504
493	488	495	501	496	490	498	502
488	505	501	506	490	507	502	508
501	506	503	509	502	508	504	510
506	511	509	513	508	512	510	514
505	491	506	511	507	492	508	512
487	482	488	491	489	484	490	492
482	515	491	516	484	517	492	518
491	521	511	522	492	523	512	524
511	522	513	525	512	524	514	526
522	527	525	529	524	528	526	530
521	516	522	527	523	518	524	528
516	531	527	532	518	533	528	534
527	532	529	535	528	534	530	536
532	537	535	539	534	538	536	540
531	519	532	537	533	520	534	538
515	485	516	519	517	486	518	520
481	82	482	485	483	83	484	486
365	499	541	542	366	500	543	544
541	542	379	545	543	544	380	546
542	547	545	549	544	548	546	550
499	503	542	547	500	504	544	548
379	545	551	552	380	546	553	554
551	552	381	555	553	554	382	556
552	557	555	559	554	558	556	560
545	549	552	557	546	550	554	558
549	563	557	569	550	564	558	570
557	569	559	571	558	570	560	572
569	573	571	575	570	574	572	576
563	567	569	573	564	568	570	574
503	509	547	561	504	510	548	562
547	561	549	563	548	562	550	564
561	565	563	567	562	566	564	568
509	513	561	565	510	514	562	566
381	555	577	578	382	556	579	580
577	578	389	581	579	580	390	582
578	583	581	585	580	584	582	586
555	559	578	583	556	560	580	584
389	581	587	588	390	582	589	590
587	588	391	591	589	590	392	592
588	593	591	595	590	594	592	596
581	585	588	593	582	586	590	594
585	599	593	605	586	600	594	606
593	605	595	607	594	606	596	608
605	609	607	611	606	610	608	612
599	603	605	609	600	604	606	610
559	571	583	597	560	572	584	598
583	597	585	599	584	598	586	600
597	601	599	603	598	602	600	604
571	575	597	601	572	576	598	602
575	623	601	645	576	624	602	646
601	645	603	647	602	646	604	648
645	649	647	651	646	650	648	652
623	627	645	649	624	628	646	650
603	647	609	653	604	648	610	654
609	653	611	655	610	654	612	656
653	657	655	659	654	658	656	660
647	651	653	657	648	652	654	658
651	663	657	669	652	664	658	670
657	669	659	671	658	670	660	672
669	673	671	675	670	674	672	676
663	667	669	673	664	668	670	674
627	639	649	661	628	640	650	662
649	661	651	663	650	662	652	664
661	665	663	667	662	666	664	668
639	643	661	665	640	644	662	666
513	525	565	613	514	526	566	614
565	613	567	615	566	614	568	616
613	617	615	619	614	618	616	620
525	529	613	617	526	530	614	618
567	615	573	621	568	616	574	622
573	621	575	623	574	622	576	624
621	625	623	627	622	626	624	628
615	619	621	625	616	620	622	626
619	631	625	637	620	632	626	638
625	637	627	639	626	638	628	640
637	641	639	643	638	642	640	644
631	635	637	641	632	636	638	642
529	535	617	629	530	536	618	630
617	629	619	631	618	630	620	632
629	633	631	635	630	634	632	636
535	539	629	633	536	540	630	634
391	591	677	678	392	592	679	680
677	678	405	681	679	680	406	682
678	683	681	685	680	684	682	686
591	595	678	683	592	596	680	684
405	681	687	688	406	682	689	690
687	688	407	691	689	690	408	692
688	693	691	695	690	694	692	696
681	685	688	693	682	686	690	694
685	699	693	705	686	700	694	706
693	705	695	707	694	706	696	708
705	709	707	711	706	710	708	712
699	703	705	709	700	704	706	710
595	607	683	697	596	608	684	698
683	697	685	699	684	698	686	700
697	701	699	703	698	702	700	704
607	611	697	701	608	612	698	702
407	691	713	714	408	692	715	716
713	714	415	717	715	716	416	718
714	719	717	721	716	720	718	722
691	695	714	719	692	696	716	720
415	717	723	724	416	718	725	726
723	724	417	727	725	726	418	728
724	729	727	731	726	730	728	732
717	721	724	729	718	722	726	730
721	735	729	741	722	736	730	742
729	741	731	743	730	742	732	744
741	745	743	747	742	746	744	748
735	739	741	745	736	740	742	746
695	707	719	733	696	708	720	734
719	733	721	735	720	734	722	736
733	737	735	739	734	738	736	740
707	711	733	737	708	712	734	738
711	759	737	781	712	760	738	782
737	781	739	783	738	782	740	784
781	785	783	787	782	786	784	788
759	763	781	785	760	764	782	786
739	783	745	789	740	784	746	790
745	789	747	791	746	790	748	792
789	793	791	795	790	794	792	796
783	787	789	793	784	788	790	794
787	799	793	805	788	800	794	806
793	805	795	807	794	806	796	808
805	809	807	811	806	810	808	812
799	803	805	809	800	804	806	810
763	775	785	797	764	776	786	798
785	797	787	799	786	798	788	800
797	801	799	803	798	802	800	804
775	779	797	801	776	780	798	802
611	655	701	749	612	656	702	750
701	749	703	751	702	750	704	752
749	753	751	755	750	754	752	756
655	659	749	753	656	660	750	754
703	751	709	757	704	752	710	758
709	757	711	759	710	758	712	760
757	761	759	763	758	762	760	764
751	755	757	761	752	756	758	762
755	767	761	773	756	768	762	774
761	773	763	775	762	774	764	776
773	777	775	779	774	778	776	780
767	771	773	777	768	772	774	778
659	671	753	765	660	672	754	766
753	765	755	767	754	766	756	768
765	769	767	771	766	770	768	772
671	675	765	769	672	676	766	770
417	727	813	814	418	728	815	816
813	814	431	817	815	816	432	818
814	819	817	821	816	820	818	822
727	731	814	819	728	732	816	820
431	817	823	824	432	818	825	826
823	824	433	827	825	826	434	828
824	829	827	831	826	830	828	832
817	821	824	829	818	822	826	830
821	835	829	841	822	836	830	842
829	841	831	843	830	842	832	844
841	845	843	847	842	846	844	848
835	839	841	845	836	840	842	846
731	743	819	833	732	744	820	834
819	833	821	835	820	834	822	836
833	837	835	839	834	838	836	840
743	747	833	837	744	748	834	838
433	827	849	850	434	828	851	852
849	850	441	853	851	852	442	854
850	855	853	857	852	856	854	858
827	831	850	855	828	832	852	856
441	853	859	860	442	854	861	862
859	860	443	863	861	862	444	864
860	865	863	867	862	866	864	868
853	857	860	865	854	858	862	866
857	871	865	877	858	872	866	878
865	877	867	879	866	878	868	880
877	881	879	883	878	882	880	884
871	875	877	881	872	876	878	882
831	843	855	869	832	844	856	870
855	869	857	871	856	870	858	872
869	873	871	875	870	874	872	876
843	847	869	873	844	848	870	874
847	895	873	917	848	896	874	918
873	917	875	919	874	918	876	920
917	921	919	923	918	922	920	924
895	899	917	921	896	900	918	922
875	919	881	925	876	920	882	926
881	925	883	927	882	926	884	928
925	929	927	931	926	930	928	932
919	923	925	929	920	924	926	930
923	935	929	941	924	936	930	942
929	941	931	943	930	942	932	944
941	945	943	947	942	946	944	948
935	939	941	945	936	940	942	946
899	911	921	933	900	912	922	934
921	933	923	935	922	934	924	936
933	937	935	939	934	938	936	940
911	915	933	937	912	916	934	938
747	791	837	885	748	792	838	886
837	885	839	887	838	886	840	888
885	889	887	891	886	890	888	892
791	795	885	889	792	796	886	890
839	887	845	893	840	888	846	894
845	893	847	895	846	894	848	896
893	897	895	899	894	898	896	900
887	891	893	897	888	892	894	898
891	903	897	909	892	904	898	910
897	909	899	911	898	910	900	912
909	913	911	915	910	914	912	916
903	907	909	913	904	908	910	914
795	807	889	901	796	808	890	902
889	901	891	903	890	902	892	904
901	905	903	907	902	906	904	908
807	811	901	905	808	812	902	906
443	863	949	950	444	864	951	952
949	950	457	953	951	952	458	954
950	955	953	957	952	956	954	958
863	867	950	955	864	868	952	956
457	953	959	960	458	954	961	962
959	960	459	963	961	962	460	964
960	965	963	967	962	966	964	968
953	957	960	965	954	958	962	966
957	971	965	977	958	972	966	978
965	977	967	979	966	978	968	980
977	981	979	983	978	982	980	984
971	975	977	981	972	976	978	982
867	879	955	969	868	880	956	970
955	969	957	971	956	970	958	972
969	973	971	975	970	974	972	976
879	883	969	973	880	884	970	974
459	963	985	986	460	964	987	988
985	986	467	989	987	988	468	990
986	991	989	993	988	992	990	994
963	967	986	991	964	968	988	992
467	989	995	996	468	990	997	998
995	996	469	999	997	998	470	1000
996	1001	999	1003	998	1002	1000	1004
989	993	996	1001	990	994	998	1002
993	1007	1001	1013	994	1008	1002	1014
1001	1013	1003	1015	1002	1014	1004	1016
1013	1017	1015	1019	1014	1018	1016	1020
1007	1011	1013	1017	1008	1012	1014	1018
967	979	991	1005	968	980	992	1006
991	1005	993	1007	992	1006	994	1008
1005	1009	1007	1011	1006	1010	1008	1012
979	983	1005	1009	980	984	1006	1010
983	1031	1009	1053	984	1032	1010	1054
1009	1053	1011	1055	1010	1054	1012	1056
1053	1057	1055	1059	1054	1058	1056	1060
1031	1035	1053	1057	1032	1036	1054	1058
1011	1055	1017	1061	1012	1056	1018	1062
1017	1061	1019	1063	1018	1062	1020	1064
1061	1065	1063	1067	1062	1066	1064	1068
1055	1059	1061	1065	1056	1060	1062	1066
1059	1071	1065	1077	1060	1072	1066	1078
1065	1077	1067	1079	1066	1078	1068	1080
1077	1081	1079	1083	1078	1082	1080	1084
1071	1075	1077	1081	1072	1076	1078	1082
1035	1047	1057	1069	1036	1048	1058	1070
1057	1069	1059	1071	1058	1070	1060	1072
1069	1073	1071	1075	1070	1074	1072	1076
1047	1051	1069	1073	1048	1052	1070	1074
883	927	973	1021	884	928	974	1022
973	1021	975	1023	974	1022	976	1024
1021	1025	1023	1027	1022	1026	1024	1028
927	931	1021	1025	928	932	1022	1026
975	1023	981	1029	976	1024	982	1030
981	1029	983	1031	982	1030	984	1032
1029	1033	1031	1035	1030	1034	1032	1036
1023	1027	1029	1033	1024	1028	1030	1034
1027	1039	1033	1045	1028	1040	1034	1046
1033	1045	1035	1047	1034	1046	1036	1048
1045	1049	1047	1051	1046	1050	1048	1052
1039	1043	1045	1049	1040	1044	1046	1050
931	943	1025	1037	932	944	1026	1038
1025	1037	1027	1039	1026	1038	1028	1040
1037	1041	1039	1043	1038	1042	1040	1044
943	947	1037	1041	944	948	1038	1042
469	1003	1093	1094	470	1004	1095	1096
1093	1094	477	1097	1095	1096	478	1098
1094	1099	1097	1085	1096	1100	1098	1087
1003	1019	1094	1099	1004	1020	1096	1100
477	1085	479	1086	478	1087	480	1088
1085	1089	1086	1090	1087	1091	1088	1092
1019	1067	1099	1101	1020	1068	1100	1102
1099	1101	1085	1103	1100	1102	1087	1104
1101	1105	1103	1089	1102	1106	1104	1091
1067	1083	1101	1105	1068	1084	1102	1106
78	84	79	85	80	86	81	87
79	85	82	88	81	87	83	89
82	1107	485	1108	83	1109	486	1110
485	1115	519	1116	486	1117	520	1118
519	1123	537	1124	520	1125	538	1126
537	1124	539	1127	538	1126	540	1128
1124	1129	1127	1121	1126	1130	1128	1122
1123	1116	1124	1129	1125	1118	1126	1130
1116	1119	1121	1113	1118	1120	1122	1114
1115	1108	1116	1119	1117	1110	1118	1120
1108	1111	1113	96	1110	1112	1114	98
1107	88	1108	1111	1109	89	1110	1112
539	1127	633	1143	540	1128	634	1144
633	1143	635	1145	634	1144	636	1146
1143	1147	1145	1137	1144	1148	1146	1139
1127	1121	1143	1147	1128	1122	1144	1148
635	1145	641	1149	636	1146	642	1150
641	1149	643	1151	642	1150	644	1152
1149	1153	1151	1141	1150	1154	1152	1142
1145	1137	1149	1153	1146	1139	1150	1154
1137	1138	1141	1131	1139	1140	1142	1133
1121	1113	1137	1138	1122	1114	1139	1140
643	1151	665	1161	644	1152	666	1162
665	1161	667	1163	666	1162	668	1164
1161	1165	1163	1155	1162	1166	1164	1157
1151	1141	1161	1165	1152	1142	1162	1166
667	1163	673	1167	668	1164	674	1168
673	1167	675	1169	674	1168	676	1170
1167	1171	1169	1159	1168	1172	1170	1160
1163	1155	1167	1171	1164	1157	1168	1172
1155	1156	1159	1135	1157	1158	1160	1136
1141	1131	1155	1156	1142	1133	1157	1158
1131	1132	1135	100	1133	1134	1136	102
1113	96	1131	1132	1114	98	1133	1134
675	1169	769	1185	676	1170	770	1186
769	1185	771	1187	770	1186	772	1188
1185	1189	1187	1179	1186	1190	1188	1181
1169	1159	1185	1189	1170	1160	1186	1190
771	1187	777	1191	772	1188	778	1192
777	1191	779	1193	778	1192	780	1194
1191	1195	1193	1183	1192	1196	1194	1184
1187	1179	1191	1195	1188	1181	1192	1196
1179	1180	1183	1173	1181	1182	1184	1175
1159	1135	1179	1180	1160	1136	1181	1182
779	1193	801	1203	780	1194	802	1204
801	1203	803	1205	802	1204	804	1206
1203	1207	1205	1197	1204	1208	1206	1199
1193	1183	1203	1207	1194	1184	1204	1208
803	1205	809	1209	804	1206	810	1210
809	1209	811	1211	810	1210	812	1212
1209	1213	1211	1201	1210	1214	1212	1202
1205	1197	1209	1213	1206	1199	1210	1214
1197	1198	1201	1177	1199	1200	1202	1178
1183	1173	1197	1198	1184	1175	1199	1200
1173	1174	1177	104	1175	1176	1178	106
1135	100	1173	1174	1136	102	1175	1176
811	1211	905	1227	812	1212	906	1228
905	1227	907	1229	906	1228	908	1230
1227	1231	1229	1221	1228	1232	1230	1223
1211	1201	1227	1231	1212	1202	1228	1232
907	1229	913	1233	908	1230	914	1234
913	1233	915	1235	914	1234	916	1236
1233	1237	1235	1225	1234	1238	1236	1226
1229	1221	1233	1237	1230	1223	1234	1238
1221	1222	1225	1215	1223	1224	1226	1217
1201	1177	1221	1222	1202	1178	1223	1224
915	1235	937	1245	916	1236	938	1246
937	1245	939	1247	938	1246	940	1248
1245	1249	1247	1239	1246	1250	1248	1241
1235	1225	1245	1249	1236	1226	1246	1250
939	1247	945	1251	940	1248	946	1252
945	1251	947	1253	946	1252	948	1254
1251	1255	1253	1243	1252	1256	1254	1244
1247	1239	1251	1255	1248	1241	1252	1256
1239	1240	1243	1219	1241	1242	1244	1220
1225	1215	1239	1240	1226	1217	1241	1242
1215	1216	1219	108	1217	1218	1220	110
1177	104	1215	1216	1178	106	1217	1218
947	1253	1041	1269	948	1254	1042	1270
1041	1269	1043	1271	1042	1270	1044	1272
1269	1273	1271	1263	1270	1274	1272	1265
1253	1243	1269	1273	1254	1244	1270	1274
1043	1271	1049	1275	1044	1272	1050	1276
1049	1275	1051	1277	1050	1276	1052	1278
1275	1279	1277	1267	1276	1280	1278	1268
1271	1263	1275	1279	1272	1265	1276	1280
1263	1264	1267	1257	1265	1266	1268	1259
1243	1219	1263	1264	1244	1220	1265	1266
1051	1277	1073	1287	1052	1278	1074	1288
1073	1287	1075	1289	1074	1288	1076	1290
1287	1291	1289	1281	1288	1292	1290	1283
1277	1267	1287	1291	1278	1268	1288	1292
1075	1289	1081	1293	1076	1290	1082	1294
1081	1293	1083	1295	1082	1294	1084	1296
1293	1297	1295	1285	1294	1298	1296	1286
1289	1281	1293	1297	1290	1283	1294	1298
1281	1282	1285	1261	1283	1284	1286	1262
1267	1257	1281	1282	1268	1259	1283	1284
1257	1258	1261	112	1259	1260	1262	114
1219	108	1257	1258	1220	110	1259	1260
1083	1285	1105	1305	1084	1286	1106	1306
1105	1305	1089	1307	1106	1306	1091	1308
1305	1309	1307	1299	1306	1310	1308	1301
1285	1261	1305	1309	1286	1262	1306	1310
1089	1299	1090	1300	1091	1301	1092	1302
1299	1303	1300	116	1301	1304	1302	118
1261	112	1299	1303	1262	114	1301	1304
84	90	85	91	86	92	87	93
85	91	88	94	87	93	89	95
88	94	96	97	89	95	98	99
96	97	100	101	98	99	102	103
100	101	104	105	102	103	106	107
104	105	108	109	106	107	110	111
108	109	112	113	110	111	114	115
112	113	116	117	114	115	118	119
90	120	91	121	92	122	93	123
91	121	94	124	93	123	95	125
94	124	97	126	95	125	99	127
97	126	101	128	99	127	103	129
101	128	105	130	103	129	107	131
105	130	109	132	107	131	111	133
109	132	113	134	111	133	115	135
113	134	117	136	115	135	119	137
4	5	6	7	138	139	140	141
6	7	10	11	140	141	142	143
10	11	14	15	142	143	144	145
14	15	18	19	144	145	146	147
18	19	22	23	146	147	148	149
22	23	26	27	148	149	150	151
26	27	30	31	150	151	152	153
30	31	34	35	152	153	154	155
5	38	7	39	139	156	141	157
7	39	11	41	141	157	143	158
11	41	15	43	143	158	145	159
15	43	19	45	145	159	147	160
19	45	23	47	147	160	149	161
23	47	27	49	149	161	151	162
27	49	31	51	151	162	153	163
31	51	35	53	153	163	155	164
38	56	39	57	156	165	157	166
39	57	41	59	157	166	158	167
41	59	43	61	158	167	159	168
43	61	45	63	159	168	160	169
45	63	47	65	160	169	161	170
47	65	49	67	161	170	162	171
49	67	51	69	162	171	163	172
51	69	53	71	163	172	164	173
56	74	57	75	165	174	166	175
57	75	59	77	166	175	167	176
59	348	349	350	167	1311	1312	1313
349	350	61	352	1312	1313	168	1314
350	358	359	360	1313	1316	1317	1318
359	360	352	362	1317	1318	1314	1319
360	364	362	366	1318	1320	1319	1321
358	354	360	364	1316	1315	1318	1320
348	77	350	354	1311	176	1313	1315
61	352	369	370	168	1314	1322	1323
369	370	63	372	1322	1323	169	1324
370	378	385	386	1323	1327	1330	1331
385	386	372	388	1330	1331	1324	1332
386	390	388	392	1331	1333	1332	1334
378	382	386	390	1327	1329	1331	1333
352	362	375	376	1314	1319	1325	1326
375	376	370	378	1325	1326	1323	1327
376	380	378	382	1326	1328	1327	1329
362	366	376	380	1319	1321	1326	1328
63	372	395	396	169	1324	1335	1336
395	396	65	398	1335	1336	170	1337
396	404	411	412	1336	1340	1343	1344
411	412	398	414	1343	1344	1337	1345
412	416	414	418	1344	1346	1345	1347
404	408	412	416	1340	1342	1344	1346
372	388	401	402	1324	1332	1338	1339
401	402	396	404	1338	1339	1336	1340
402	406	404	408	1339	1341	1340	1342
388	392	402	406	1332	1334	1339	1341
65	398	421	422	170	1337	1348	1349
421	422	67	424	1348	1349	171	1350
422	430	437	438	1349	1353	1356	1357
437	438	424	440	1356	1357	1350	1358
438	442	440	444	1357	1359	1358	1360
430	434	438	442	1353	1355	1357	1359
398	414	427	428	1337	1345	1351	1352
427	428	422	430	1351	1352	1349	1353
428	432	430	434	1352	1354	1353	1355
414	418	428	432	1345	1347	1352	1354
67	424	447	448	171	1350	1361	1362
447	448	69	450	1361	1362	172	1363
448	456	463	464	1362	1366	1369	1370
463	464	450	466	1369	1370	1363	1371
464	468	466	470	1370	1372	1371	1373
456	460	464	468	1366	1368	1370	1372
424	440	453	454	1350	1358	1364	1365
453	454	448	456	1364	1365	1362	1366
454	458	456	460	1365	1367	1366	1368
440	444	454	458	1358	1360	1365	1367
69	450	473	474	172	1363	1374	1375
473	474	71	476	1374	1375	173	1376
474	478	476	480	1375	1377	1376	1378
450	470	474	478	1363	1373	1375	1377
74	80	75	81	174	177	175	178
75	81	77	83	175	178	176	179
77	483	354	484	176	1379	1315	1380
354	489	364	490	1315	1382	1320	1383
364	496	497	498	1320	1385	1386	1387
497	498	366	500	1386	1387	1321	1388
498	502	500	504	1387	1389	1388	1390
496	490	498	502	1385	1383	1387	1389
490	507	502	508	1383	1391	1389	1392
502	508	504	510	1389	1392	1390	1393
508	512	510	514	1392	1394	1393	1395
507	492	508	512	1391	1384	1392	1394
489	484	490	492	1382	1380	1383	1384
484	517	492	518	1380	1396	1384	1397
492	523	512	524	1384	1399	1394	1400
512	524	514	526	1394	1400	1395	1401
524	528	526	530	1400	1402	1401	1403
523	518	524	528	1399	1397	1400	1402
518	533	528	534	1397	1404	1402	1405
528	534	530	536	1402	1405	1403	1406
534	538	536	540	1405	1407	1406	1408
533	520	534	538	1404	1398	1405	1407
517	486	518	520	1396	1381	1397	1398
483	83	484	486	1379	179	1380	1381
366	500	543	544	1321	1388	1409	1410
543	544	380	546	1409	1410	1328	1411
544	548	546	550	1410	1412	1411	1413
500	504	544	548	1388	1390	1410	1412
380	546	553	554	1328	1411	1414	1415
553	554	382	556	1414	1415	1329	1416
554	558	556	560	1415	1417	1416	1418
546	550	554	558	1411	1413	1415	1417
550	564	558	570	1413	1420	1417	1423
558	570	560	572	1417	1423	1418	1424
570	574	572	576	1423	1425	1424	1426
564	568	570	574	1420	1422	1423	1425
504	510	548	562	1390	1393	1412	1419
548	562	550	564	1412	1419	1413	1420
562	566	564	568	1419	1421	1420	1422
510	514	562	566	1393	1395	1419	1421
382	556	579	580	1329	1416	1427	1428
579	580	390	582	1427	1428	1333	1429
580	584	582	586	1428	1430	1429	1431
556	560	580	584	1416	1418	1428	1430
390	582	589	590	1333	1429	1432	1433
589	590	392	592	1432	1433	1334	1434
590	594	592	596	1433	1435	1434	1436
582	586	590	594	1429	1431	1433	1435
586	600	594	606	1431	1438	1435	1441
594	606	596	608	1435	1441	1436	1442
606	610	608	612	1441	1443	1442	1444
600	604	606	610	1438	1440	1441	1443
560	572	584	598	1418	1424	1430	1437
584	598	586	600	1430	1437	1431	1438
598	602	600	604	1437	1439	1438	1440
572	576	598	602	1424	1426	1437	1439
576	624	602	646	1426	1450	1439	1461
602	646	604	648	1439	1461	1440	1462
646	650	648	652	1461	1463	1462	1464
624	628	646	650	1450	1452	1461	1463
604	648	610	654	1440	1462	1443	1465
610	654	612	656	1443	1465	1444	1466
654	658	656	660	1465	1467	1466	1468
648	652	654	658	1462	1464	1465	1467
652	664	658	670	1464	1470	1467	1473
658	670	660	672	1467	1473	1468	1474
670	674	672	676	1473	1475	1474	1476
664	668	670	674	1470	1472	1473	1475
628	640	650	662	1452	1458	1463	1469
650	662	652	664	1463	1469	1464	1470
662	666	664	668	1469	1471	1470	1472
640	644	662	666	1458	1460	1469	1471
514	526	566	614	1395	1401	1421	1445
566	614	568	616	1421	1445	1422	1446
614	618	616	620	1445	1447	1446	1448
526	530	614	618	1401	1403	1445	1447
568	616	574	622	1422	1446	1425	1449
574	622	576	624	1425	1449	1426	1450
622	626	624	628	1449	1451	1450	1452
616	620	622	626	1446	1448	1449	1451
620	632	626	638	1448	1454	1451	1457
626	638	628	640	1451	1457	1452	1458
638	642	640	644	1457	1459	1458	1460
632	636	638	642	1454	1456	1457	1459
530	536	618	630	1403	1406	1447	1453
618	630	620	632	1447	1453	1448	1454
630	634	632	636	1453	1455	1454	1456
536	540	630	634	1406	1408	1453	1455
392	592	679	680	1334	1434	1477	1478
679	680	406	682	1477	1478	1341	1479
680	684	682	686	1478	1480	1479	1481
592	596	680	684	1434	1436	1478	1480
406	682	689	690	1341	1479	1482	1483
689	690	408	692	1482	1483	1342	1484
690	694	692	696	1483	1485	1484	1486
682	686	690	694	1479	1481	1483	1485
686	700	694	706	1481	1488	1485	1491
694	706	696	708	1485	1491	1486	1492
706	710	708	712	1491	1493	1492	1494
700	704	706	710	1488	1490	1491	1493
596	608	684	698	1436	1442	1480	1487
684	698	686	700	1480	1487	1481	1488
698	702	700	704	1487	1489	1488	1490
608	612	698	702	1442	1444	1487	1489
408	692	715	716	1342	1484	1495	1496
715	716	416	718	1495	1496	1346	1497
716	720	718	722	1496	1498	1497	1499
692	696	716	720	1484	1486	1496	1498
416	718	725	726	1346	1497	1500	1501
725	726	418	728	1500	1501	1347	1502
726	730	728	732	1501	1503	1502	1504
718	722	726	730	1497	1499	1501	1503
722	736	730	742	1499	1506	1503	1509
730	742	732	744	1503	1509	1504	1510
742	746	744	748	1509	1511	1510	1512
736	740	742	746	1506	1508	1509	1511
696	708	720	734	1486	1492	1498	1505
720	734	722	736	1498	1505	1499	1506
734	738	736	740	1505	1507	1506	1508
708	712	734	738	1492	1494	1505	1507
712	760	738	782	1494	1518	1507	1529
738	782	740	784	1507	1529	1508	1530
782	786	784	788	1529	1531	1530	1532
760	764	782	786	1518	1520	1529	1531
740	784	746	790	1508	1530	1511	1533
746	790	748	792	1511	1533	1512	1534
790	794	792	796	1533	1535	1534	1536
784	788	790	794	1530	1532	1533	1535
788	800	794	806	1532	1538	1535	1541
794	806	796	808	1535	1541	1536	1542
806	810	808	812	1541	1543	1542	1544
800	804	806	810	1538	1540	1541	1543
764	776	786	798	1520	1526	1531	1537
786	798	788	800	1531	1537	1532	1538
798	802	800	804	1537	1539	1538	1540
776	780	798	802	1526	1528	1537	1539
612	656	702	750	1444	1466	1489	1513
702	750	704	752	1489	1513	1490	1514
750	754	752	756	1513	1515	1514	1516
656	660	750	754	1466	1468	1513	1515
704	752	710	758	1490	1514	1493	1517
710	758	712	760	1493	1517	1494	1518
758	762	760	764	1517	1519	1518	1520
752	756	758	762	1514	1516	1517	1519
756	768	762	774	1516	1522	1519	1525
762	774	764	776	1519	1525	1520	1526
774	778	776	780	1525	1527	1526	1528
768	772	774	778	1522	1524	1525	1527
660	672	754	766	1468	1474	1515	1521
754	766	756	768	1515	1521	1516	1522
766	770	768	772	1521	1523	1522	1524
672	676	766	770	1474	1476	1521	1523
418	728	815	816	1347	1502	1545	1546
815	816	432	818	1545	1546	1354	1547
816	820	818	822	1546	1548	1547	1549
728	732	816	820	1502	1504	1546	1548
432	818	825	826	1354	1547	1550	1551
825	826	434	828	1550	1551	1355	1552
826	830	828	832	1551	1553	1552	1554
818	822	826	830	1547	1549	1551	1553
822	836	830	842	1549	1556	1553	1559
830	842	832	844	1553	1559	1554	1560
842	846	844	848	1559	1561	1560	1562
836	840	842	846	1556	1558	1559	1561
732	744	820	834	1504	1510	1548	1555
820	834	822	836	1548	1555	1549	1556
834	838	836	840	1555	1557	1556	1558
744	748	834	838	1510	1512	1555	1557
434	828	851	852	1355	1552	1563	1564
851	852	442	854	1563	1564	1359	1565
852	856	854	858	1564	1566	1565	1567
828	832	852	856	1552	1554	1564	1566
442	854	861	862	1359	1565	1568	1569
861	862	444	864	1568	1569	1360	1570
862	866	864	868	1569	1571	1570	1572
854	858	862	866	1565	1567	1569	1571
858	872	866	878	1567	1574	1571	1577
866	878	868	880	1571	1577	1572	1578
878	882	880	884	1577	1579	1578	1580
872	876	878	882	1574	1576	1577	1579
832	844	856	870	1554	1560	1566	1573
856	870	858	872	1566	1573	1567	1574
870	874	872	876	1573	1575	1574	1576
844	848	870	874	1560	1562	1573	1575
848	896	874	918	1562	1586	1575	1597
874	918	876	920	1575	1597	1576	1598
918	922	920	924	1597	1599	1598	1600
896	900	918	922	1586	1588	1597	1599
876	920	882	926	1576	1598	1579	1601
882	926	884	928	1579	1601	1580	1602
926	930	928	932	1601	1603	1602	1604
920	924	926	930	1598	1600	1601	1603
924	936	930	942	1600	1606	1603	1609
930	942	932	944	1603	1609	1604	1610
942	946	944	948	1609	1611	1610	1612
936	940	942	946	1606	1608	1609	1611
900	912	922	934	1588	1594	1599	1605
922	934	924	936	1599	1605	1600	1606
934	938	936	940	1605	1607	1606	1608
912	916	934	938	1594	1596	1605	1607
748	792	838	886	1512	1534	1557	1581
838	886	840	888	1557	1581	1558	1582
886	890	888	892	1581	1583	1582	1584
792	796	886	890	1534	1536	1581	1583
840	888	846	894	1558	1582	1561	1585
846	894	848	896	1561	1585	1562	1586
894	898	896	900	1585	1587	1586	1588
888	892	894	898	1582	1584	1585	1587
892	904	898	910	1584	1590	1587	1593
898	910	900	912	1587	1593	1588	1594
910	914	912	916	1593	1595	1594	1596
904	908	910	914	1590	1592	1593	1595
796	808	890	902	1536	1542	1583	1589
890	902	892	904	1583	1589	1584	1590
902	906	904	908	1589	1591	1590	1592
808	812	902	906	1542	1544	1589	1591
444	864	951	952	1360	1570	1613	1614
951	952	458	954	1613	1614	1367	1615
952	956	954	958	1614	1616	1615	1617
864	868	952	956	1570	1572	1614	1616
458	954	961	962	1367	1615	1618	1619
961	962	460	964	1618	1619	1368	1620
962	966	964	968	1619	1621	1620	1622
954	958	962	966	1615	1617	1619	1621
958	972	966	978	1617	1624	1621	1627
966	978	968	980	1621	1627	1622	1628
978	982	980	984	1627	1629	1628	1630
972	976	978	982	1624	1626	1627	1629
868	880	956	970	1572	1578	1616	1623
956	970	958	972	1616	1623	1617	1624
970	974	972	976	1623	1625	1624	1626
880	884	970	974	1578	1580	1623	1625
460	964	987	988	1368	1620	1631	1632
987	988	468	990	1631	1632	1372	1633
988	992	990	994	1632	1634	1633	1635
964	968	988	992	1620	1622	1632	1634
468	990	997	998	1372	1633	1636	1637
997	998	470	1000	1636	1637	1373	1638
998	1002	1000	1004	1637	1639	1638	1640
990	994	998	1002	1633	1635	1637	1639
994	1008	1002	1014	1635	1642	1639	1645
1002	1014	1004	1016	1639	1645	1640	1646
1014	1018	1016	1020	1645	1647	1646	1648
1008	1012	1014	1018	1642	1644	1645	1647
968	980	992	1006	1622	1628	1634	1641
992	1006	994	1008	1634	1641	1635	1642
1006	1010	1008	1012	1641	1643	1642	1644
980	984	1006	1010	1628	1630	1641	1643
984	1032	1010	1054	1630	1654	1643	1665
1010	1054	1012	1056	1643	1665	1644	1666
1054	1058	1056	1060	1665	1667	1666	1668
1032	1036	1054	1058	1654	1656	1665	1667
1012	1056	1018	1062	1644	1666	1647	1669
1018	1062	1020	1064	1647	1669	1648	1670
1062	1066	1064	1068	1669	1671	1670	1672
1056	1060	1062	1066	1666	1668	1669	1671
1060	1072	1066	1078	1668	1674	1671	1677
1066	1078	1068	1080	1671	1677	1672	1678
1078	1082	1080	1084	1677	1679	1678	1680
1072	1076	1078	1082	1674	1676	1677	1679
1036	1048	1058	1070	1656	1662	1667	1673
1058	1070	1060	1072	1667	1673	1668	1674
1070	1074	1072	1076	1673	1675	1674	1676
1048	1052	1070	1074	1662	1664	1673	1675
884	928	974	1022	1580	1602	1625	1649
974	1022	976	1024	1625	1649	1626	1650
1022	1026	1024	1028	1649	1651	1650	1652
928	932	1022	1026	1602	1604	1649	1651
976	1024	982	1030	1626	1650	1629	1653
982	1030	984	1032	1629	1653	1630	1654
1030	1034	1032	1036	1653	1655	1654	1656
1024	1028	1030	1034	1650	1652	1653	1655
1028	1040	1034	1046	1652	1658	1655	1661
1034	1046	1036	1048	1655	1661	1656	1662
1046	1050	1048	1052	1661	1663	1662	1664
1040	1044	1046	1050	1658	1660	1661	1663
932	944	1026	1038	1604	1610	1651	1657
1026	1038	1028	1040	1651	1657	1652	1658
1038	1042	1040	1044	1657	1659	1658	1660
944	948	1038	1042	1610	1612	1657	1659
470	1004	1095	1096	1373	1640	1685	1686
1095	1096	478	1098	1685	1686	1377	1687
1096	1100	1098	1087	1686	1688	1687	1681
1004	1020	1096	1100	1640	1648	1686	1688
478	1087	480	1088	1377	1681	1378	1682
1087	1091	1088	1092	1681	1683	1682	1684
1020	1068	1100	1102	1648	1672	1688	1689
1100	1102	1087	1104	1688	1689	1681	1690
1102	1106	1104	1091	1689	1691	1690	1683
1068	1084	1102	1106	1672	1680	1689	1691
80	86	81	87	177	180	178	181
81	87	83	89	178	181	179	182
83	1109	486	1110	179	1692	1381	1693
486	1117	520	1118	1381	1696	1398	1697
520	1125	538	1126	1398	1700	1407	1701
538	1126	540	1128	1407	1701	1408	1702
1126	1130	1128	1122	1701	1703	1702	1699
1125	1118	1126	1130	1700	1697	1701	1703
1118	1120	1122	1114	1697	1698	1699	1695
1117	1110	1118	1120	1696	1693	1697	1698
1110	1112	1114	98	1693	1694	1695	186
1109	89	1110	1112	1692	182	1693	1694
540	1128	634	1144	1408	1702	1455	1710
634	1144	636	1146	1455	1710	1456	1711
1144	1148	1146	1139	1710	1712	1711	1707
1128	1122	1144	1148	1702	1699	1710	1712
636	1146	642	1150	1456	1711	1459	1713
642	1150	644	1152	1459	1713	1460	1714
1150	1154	1152	1142	1713	1715	1714	1709
1146	1139	1150	1154	1711	1707	1713	1715
1139	1140	1142	1133	1707	1708	1709	1704
1122	1114	1139	1140	1699	1695	1707	1708
644	1152	666	1162	1460	1714	1471	1719
666	1162	668	1164	1471	1719	1472	1720
1162	1166	1164	1157	1719	1721	1720	1716
1152	1142	1162	1166	1714	1709	1719	1721
668	1164	674	1168	1472	1720	1475	1722
674	1168	676	1170	1475	1722	1476	1723
1168	1172	1170	1160	1722	1724	1723	1718
1164	1157	1168	1172	1720	1716	1722	1724
1157	1158	1160	1136	1716	1717	1718	1706
1142	1133	1157	1158	1709	1704	1716	1717
1133	1134	1136	102	1704	1705	1706	188
1114	98	1133	1134	1695	186	1704	1705
676	1170	770	1186	1476	1723	1523	1731
770	1186	772	1188	1523	1731	1524	1732
1186	1190	1188	1181	1731	1733	1732	1728
1170	1160	1186	1190	1723	1718	1731	1733
772	1188	778	1192	1524	1732	1527	1734
778	1192	780	1194	1527	1734	1528	1735
1192	1196	1194	1184	1734	1736	1735	1730
1188	1181	1192	1196	1732	1728	1734	1736
1181	1182	1184	1175	1728	1729	1730	1725
1160	1136	1181	1182	1718	1706	1728	1729
780	1194	802	1204	1528	1735	1539	1740
802	1204	804	1206	1539	1740	1540	1741
1204	1208	1206	1199	1740	1742	1741	1737
1194	1184	1204	1208	1735	1730	1740	1742
804	1206	810	1210	1540	1741	1543	1743
810	1210	812	1212	1543	1743	1544	1744
1210	1214	1212	1202	1743	1745	1744	1739
1206	1199	1210	1214	1741	1737	1743	1745
1199	1200	1202	1178	1737	1738	1739	1727
1184	1175	1199	1200	1730	1725	1737	1738
1175	1176	1178	106	1725	1726	1727	190
1136	102	1175	1176	1706	188	1725	1726
812	1212	906	1228	1544	1744	1591	1752
906	1228	908	1230	1591	1752	1592	1753
1228	1232	1230	1223	1752	1754	1753	1749
1212	1202	1228	1232	1744	1739	1752	1754
908	1230	914	1234	1592	1753	1595	1755
914	1234	916	1236	1595	1755	1596	1756
1234	1238	1236	1226	1755	1757	1756	1751
1230	1223	1234	1238	1753	1749	1755	1757
1223	1224	1226	1217	1749	1750	1751	1746
1202	1178	1223	1224	1739	1727	1749	1750
916	1236	938	1246	1596	1756	1607	1761
938	1246	940	1248	1607	1761	1608	1762
1246	1250	1248	1241	1761	1763	1762	1758
1236	1226	1246	1250	1756	1751	1761	1763
940	1248	946	1252	1608	1762	1611	1764
946	1252	948	1254	1611	1764	1612	1765
1252	1256	1254	1244	1764	1766	1765	1760
1248	1241	1252	1256	1762	1758	1764	1766
1241	1242	1244	1220	1758	1759	1760	1748
1226	1217	1241	1242	1751	1746	1758	1759
1217	1218	1220	110	1746	1747	1748	192
1178	106	1217	1218	1727	190	1746	1747
948	1254	1042	1270	1612	1765	1659	1773
1042	1270	1044	1272	1659	1773	1660	1774
1270	1274	1272	1265	1773	1775	1774	1770
1254	1244	1270	1274	1765	1760	1773	1775
1044	1272	1050	1276	1660	1774	1663	1776
1050	1276	1052	1278	1663	1776	1664	1777
1276	1280	1278	1268	1776	1778	1777	1772
1272	1265	1276	1280	1774	1770	1776	1778
1265	1266	1268	1259	1770	1771	1772	1767
1244	1220	1265	1266	1760	1748	1770	1771
1052	1278	1074	1288	1664	1777	1675	1782
1074	1288	1076	1290	1675	1782	1676	1783
1288	1292	1290	1283	1782	1784	1783	1779
1278	1268	1288	1292	1777	1772	1782	1784
1076	1290	1082	1294	1676	1783	1679	1785
1082	1294	1084	1296	1679	1785	1680	1786
1294	1298	1296	1286	1785	1787	1786	1781
1290	1283	1294	1298	1783	1779	1785	1787
1283	1284	1286	1262	1779	1780	1781	1769
1268	1259	1283	1284	1772	1767	1779	1780
1259	1260	1262	114	1767	1768	1769	194
1220	110	1259	1260	1748	192	1767	1768
1084	1286	1106	1306	1680	1781	1691	1791
1106	1306	1091	1308	1691	1791	1683	1792
1306	1310	1308	1301	1791	1793	1792	1788
1286	1262	1306	1310	1781	1769	1791	1793
1091	1301	1092	1302	1683	1788	1684	1789
1301	1304	1302	118	1788	1790	1789	196
1262	114	1301	1304	1769	194	1788	1790
86	92	87	93	180	183	181	184
87	93	89	95	181	184	182	185
89	95	98	99	182	185	186	187
98	99	102	103	186	187	188	189
102	103	106	107	188	189	190	191
106	107	110	111	190	191	192	193
110	111	114	115	192	193	194	195
114	115	118	119	194	195	196	197
92	122	93	123	183	198	184	199
93	123	95	125	184	199	185	200
95	125	99	127	185	200	187	201
99	127	103	129	187	201	189	202
103	129	107	131	189	202	191	203
107	131	111	133	191	203	193	204
111	133	115	135	193	204	195	205
115	135	119	137	195	205	197	206
138	139	140	141	207	208	209	210
140	141	142	143	209	210	211	212
142	143	144	145	211	212	213	214
144	145	146	147	213	214	215	216
146	147	148	149	215	216	217	218
148	149	150	151	217	218	219	220
150	151	152	153	219	220	221	222
152	153	154	155	221	222	223	224
139	156	141	157	208	225	210	226
141	157	143	158	210	226	212	227
143	158	145	159	212	227	214	228
145	159	147	160	214	228	216	229
147	160	149	161	216	229	218	230
149	161	151	162	218	230	220	231
151	162	153	163	220	231	222	232
153	163	155	164	222	232	224	233
156	165	157	166	225	234	226	235
157	166	158	167	226	235	227	236
158	167	159	168	227	236	228	237
159	168	160	169	228	237	229	238
160	169	161	170	229	238	230	239
161	170	162	171	230	239	231	240
162	171	163	172	231	240	232	241
163	172	164	173	232	241	233	242
165	174	166	175	234	243	235	244
166	175	167	176	235	244	236	245
167	1311	1312	1313	236	1794	1795	1796
1312	1313	168	1314	1795	1796	237	1797
1313	1316	1317	1318	1796	1799	1800	1801
1317	1318	1314	1319	1800	1801	1797	1802
1318	1320	1319	1321	1801	1803	1802	1804
1316	1315	1318	1320	1799	1798	1801	1803
1311	176	1313	1315	1794	245	1796	1798
168	1314	1322	1323	237	1797	1805	1806
1322	1323	169	1324	1805	1806	238	1807
1323	1327	1330	1331	1806	1810	1813	1814
1330	1331	1324	1332	1813	1814	1807	1815
1331	1333	1332	1334	1814	1816	1815	1817
1327	1329	1331	1333	1810	1812	1814	1816
1314	1319	1325	1326	1797	1802	1808	1809
1325	1326	1323	1327	1808	1809	1806	1810
1326	1328	1327	1329	1809	1811	1810	1812
1319	1321	1326	1328	1802	1804	1809	1811
169	1324	1335	1336	238	1807	1818	1819
1335	1336	170	1337	1818	1819	239	1820
1336	1340	1343	1344	1819	1823	1826	1827
1343	1344	1337	1345	1826	1827	1820	1828
1344	1346	1345	1347	1827	1829	1828	1830
1340	1342	1344	1346	1823	1825	1827	1829
1324	1332	1338	1339	1807	1815	1821	1822
1338	1339	1336	1340	1821	1822	1819	1823
1339	1341	1340	1342	1822	1824	1823	1825
1332	1334	1339	1341	1815	1817	1822	1824
170	1337	1348	1349	239	1820	1831	1832
1348	1349	171	1350	1831	1832	240	1833
1349	1353	1356	1357	1832	1836	1839	1840
1356	1357	1350	1358	1839	1840	1833	1841
1357	1359	1358	1360	1840	1842	1841	1843
1353	1355	1357	1359	1836	1838	1840	1842
1337	1345	1351	1352	1820	1828	1834	1835
1351	1352	1349	1353	1834	1835	1832	1836
1352	1354	1353	1355	1835	1837	1836	1838
1345	1347	1352	1354	1828	1830	1835	1837
171	1350	1361	1362	240	1833	1844	1845
1361	1362	172	1363	1844	1845	241	1846
1362	1366	1369	1370	1845	1849	1852	1853
1369	1370	1363	1371	1852	1853	1846	1854
1370	1372	1371	1373	1853	1855	1854	1856
1366	1368	1370	1372	1849	1851	1853	1855
1350	1358	1364	1365	1833	1841	1847	1848
1364	1365	1362	1366	1847	1848	1845	1849
1365	1367	1366	1368	1848	1850	1849	1851
1358	1360	1365	1367	1841	1843	1848	1850
172	1363	1374	1375	241	1846	1857	1858
1374	1375	173	1376	1857	1858	242	1859
1375	1377	1376	1378	1858	1860	1859	1861
1363	1373	1375	1377	1846	1856	1858	1860
174	177	175	178	243	246	244	247
175	178	176	179	244	247	245	248
176	1379	1315	1380	245	1862	1798	1863
1315	1382	1320	1383	1798	1865	1803	1866
1320	1385	1386	1387	1803	1868	1869	1870
1386	1387	1321	1388	1869	1870	1804	1871
1387	1389	1388	1390	1870	1872	1871	1873
1385	1383	1387	1389	1868	1866	1870	1872
1383	1391	1389	1392	1866	1874	1872	1875
1389	1392	1390	1393	1872	1875	1873	1876
1392	1394	1393	1395	1875	1877	1876	1878
1391	1384	1392	1394	1874	1867	1875	1877
1382	1380	1383	1384	1865	1863	1866	1867
1380	1396	1384	1397	1863	1879	1867	1880
1384	1399	1394	1400	1867	1882	1877	1883
1394	1400	1395	1401	1877	1883	1878	1884
1400	1402	1401	1403	1883	1885	1884	1886
1399	1397	1400	1402	1882	1880	1883	1885
1397	1404	1402	1405	1880	1887	1885	1888
1402	1405	1403	1406	1885	1888	1886	1889
1405	1407	1406	1408	1888	1890	1889	1891
1404	1398	1405	1407	1887	1881	1888	1890
1396	1381	1397	1398	1879	1864	1880	1881
1379	179	1380	1381	1862	248	1863	1864
1321	1388	1409	1410	1804	1871	1892	1893
1409	1410	1328	1411	1892	1893	1811	1894
1410	1412	1411	1413	1893	1895	1894	1896
1388	1390	1410	1412	1871	1873	1893	1895
1328	1411	1414	1415	1811	1894	1897	1898
1414	1415	1329	1416	1897	1898	1812	1899
1415	1417	1416	1418	1898	1900	1899	1901
1411	1413	1415	1417	1894	1896	1898	1900
1413	1420	1417	1423	1896	1903	1900	1906
1417	1423	1418	1424	1900	1906	1901	1907
1423	1425	1424	1426	1906	1908	1907	1909
1420	1422	1423	1425	1903	1905	1906	1908
1390	1393	1412	1419	1873	1876	1895	1902
1412	1419	1413	1420	1895	1902	1896	1903
1419	1421	1420	1422	1902	1904	1903	1905
1393	1395	1419	1421	1876	1878	1902	1904
1329	1416	1427	1428	1812	1899	1910	1911
1427	1428	1333	1429	1910	1911	1816	1912
1428	1430	1429	1431	1911	1913	1912	1914
1416	1418	1428	1430	1899	1901	1911	1913
1333	1429	1432	1433	1816	1912	1915	1916
1432	1433	1334	1434	1915	1916	1817	1917
1433	1435	1434	1436	1916	1918	1917	1919
1429	1431	1433	1435	1912	1914	1916	1918
1431	1438	1435	1441	1914	1921	1918	1924
1435	1441	1436	1442	1918	1924	1919	1925
1441	1443	1442	1444	1924	1926	1925	1927
1438	1440	1441	1443	1921	1923	1924	1926
1418	1424	1430	1437	1901	1907	1913	1920
1430	1437	1431	1438	1913	1920	1914	1921
1437	1439	1438	1440	1920	1922	1921	1923
1424	1426	1437	1439	1907	1909	1920	1922
1426	1450	1439	1461	1909	1933	1922	1944
1439	1461	1440	1462	1922	1944	1923	1945
1461	1463	1462	1464	1944	1946	1945	1947
1450	1452	1461	1463	1933	1935	1944	1946
1440	1462	1443	1465	1923	1945	1926	1948
1443	1465	1444	1466	1926	1948	1927	1949
1465	1467	1466	1468	1948	1950	1949	1951
1462	1464	1465	1467	1945	1947	1948	1950
1464	1470	1467	1473	1947	1953	1950	1956
1467	1473	1468	1474	1950	1956	1951	1957
1473	1475	1474	1476	1956	1958	1957	1959
1470	1472	1473	1475	1953	1955	1956	1958
1452	1458	1463	1469	1935	1941	1946	1952
1463	1469	1464	1470	1946	1952	1947	1953
1469	1471	1470	1472	1952	1954	1953	1955
1458	1460	1469	1471	1941	1943	1952	1954
1395	1401	1421	1445	1878	1884	1904	1928
1421	1445	1422	1446	1904	1928	1905	1929
1445	1447	1446	1448	1928	1930	1929	1931
1401	1403	1445	1447	1884	1886	1928	1930
1422	1446	1425	1449	1905	1929	1908	1932
1425	1449	1426	1450	1908	1932	1909	1933
1449	1451	1450	1452	1932	1934	1933	1935
1446	1448	1449	1451	1929	1931	1932	1934
1448	1454	1451	1457	1931	1937	1934	1940
1451	1457	1452	1458	1934	1940	1935	1941
1457	1459	1458	1460	1940	1942	1941	1943
1454	1456	1457	1459	1937	1939	1940	1942
1403	1406	1447	1453	1886	1889	1930	1936
1447	1453	1448	1454	1930	1936	1931	1937
1453	1455	1454	1456	1936	1938	1937	1939
1406	1408	1453	1455	1889	1891	1936	1938
1334	1434	1477	1478	1817	1917	1960	1961
1477	1478	1341	1479	1960	1961	1824	1962
1478	1480	1479	1481	1961	1963	1962	1964
1434	1436	1478	1480	1917	1919	1961	1963
1341	1479	1482	1483	1824	1962	1965	1966
1482	1483	1342	1484	1965	1966	1825	1967
1483	1485	1484	1486	1966	1968	1967	1969
1479	1481	1483	1485	1962	1964	1966	1968
1481	1488	1485	1491	1964	1971	1968	1974
1485	1491	1486	1492	1968	1974	1969	1975
1491	1493	1492	1494	1974	1976	1975	1977
1488	1490	1491	1493	1971	1973	1974	1976
1436	1442	1480	1487	1919	1925	1963	1970
1480	1487	1481	1488	1963	1970	1964	1971
1487	1489	1488	1490	1970	1972	1971	1973
1442	1444	1487	1489	1925	1927	1970	1972
1342	1484	1495	1496	1825	1967	1978	1979
1495	1496	1346	1497	1978	1979	1829	1980
1496	1498	1497	1499	1979	1981	1980	1982
1484	1486	1496	1498	1967	1969	1979	1981
1346	1497	1500	1501	1829	1980	1983	1984
1500	1501	1347	1502	1983	1984	1830	1985
1501	1503	1502	1504	1984	1986	1985	1987
1497	1499	1501	1503	1980	1982	1984	1986
1499	1506	1503	1509	1982	1989	1986	1992
1503	1509	1504	1510	1986	1992	1987	1993
1509	1511	1510	1512	1992	1994	1993	1995
1506	1508	1509	1511	1989	1991	1992	1994
1486	1492	1498	1505	1969	1975	1981	1988
1498	1505	1499	1506	1981	1988	1982	1989
1505	1507	1506	1508	1988	1990	1989	1991
1492	1494	1505	1507	1975	1977	1988	1990
1494	1518	1507	1529	1977	2001	1990	2012
1507	1529	1508	1530	1990	2012	1991	2013
1529	1531	1530	1532	2012	2014	2013	2015
1518	1520	1529	1531	2001	2003	2012	2014
1508	1530	1511	1533	1991	2013	1994	2016
1511	1533	1512	1534	1994	2016	1995	2017
1533	1535	1534	1536	2016	2018	2017	2019
1530	1532	1533	1535	2013	2015	2016	2018
1532	1538	1535	1541	2015	2021	2018	2024
1535	1541	1536	1542	2018	2024	2019	2025
1541	1543	1542	1544	2024	2026	2025	2027
1538	1540	1541	1543	2021	2023	2024	2026
1520	1526	1531	1537	2003	2009	2014	2020
1531	1537	1532	1538	2014	2020	2015	2021
1537	1539	1538	1540	2020	2022	2021	2023
1526	1528	1537	1539	2009	2011	2020	2022
1444	1466	1489	1513	1927	1949	1972	1996
1489	1513	1490	1514	1972	1996	1973	1997
1513	1515	1514	1516	1996	1998	1997	1999
1466	1468	1513	1515	1949	1951	1996	1998
1490	1514	1493	1517	1973	1997	1976	2000
1493	1517	1494	1518	1976	2000	1977	2001
1517	1519	1518	1520	2000	2002	2001	2003
1514	1516	1517	1519	1997	1999	2000	2002
1516	1522	1519	1525	1999	2005	2002	2008
1519	1525	1520	1526	2002	2008	2003	2009
1525	1527	1526	1528	2008	2010	2009	2011
1522	1524	1525	1527	2005	2007	2008	2010
1468	1474	1515	1521	1951	1957	1998	2004
1515	1521	1516	1522	1998	2004	1999	2005
1521	1523	1522	1524	2004	2006	2005	2007
1474	1476	1521	1523	1957	1959	2004	2006
1347	1502	1545	1546	1830	1985	2028	2029
1545	1546	1354	1547	2028	2029	1837	2030
1546	1548	1547	1549	2029	2031	2030	2032
1502	1504	1546	1548	1985	1987	2029	2031
1354	1547	1550	1551	1837	2030	2033	2034
1550	1551	1355	1552	2033	2034	1838	2035
1551	1553	1552	1554	2034	2036	2035	2037
1547	1549	1551	1553	2030	2032	2034	2036
1549	1556	1553	1559	2032	2039	2036	2042
1553	1559	1554	1560	2036	2042	2037	2043
1559	1561	1560	1562	2042	2044	2043	2045
1556	1558	1559	1561	2039	2041	2042	2044
1504	1510	1548	1555	1987	1993	2031	2038
1548	1555	1549	1556	2031	2038	2032	2039
1555	1557	1556	1558	2038	2040	2039	2041
1510	1512	1555	1557	1993	1995	2038	2040
1355	1552	1563	1564	1838	2035	2046	2047
1563	1564	1359	1565	2046	2047	1842	2048
1564	1566	1565	1567	2047	2049	2048	2050
1552	1554	1564	1566	2035	2037	2047	2049
1359	1565	1568	1569	1842	2048	2051	2052
1568	1569	1360	1570	2051	2052	1843	2053
1569	1571	1570	1572	2052	2054	2053	2055
1565	1567	1569	1571	2048	2050	2052	2054
1567	1574	1571	1577	2050	2057	2054	2060
1571	1577	1572	1578	2054	2060	2055	2061
1577	1579	1578	1580	2060	2062	2061	2063
1574	1576	1577	1579	2057	2059	2060	2062
1554	1560	1566	1573	2037	2043	2049	2056
1566	1573	1567	1574	2049	2056	2050	2057
1573	1575	1574	1576	2056	2058	2057	2059
1560	1562	1573	1575	2043	2045	2056	2058
1562	1586	1575	1597	2045	2069	2058	2080
1575	1597	1576	1598	2058	2080	2059	2081
1597	1599	1598	1600	2080	2082	2081	2083
1586	1588	1597	1599	2069	2071	2080	2082
1576	1598	1579	1601	2059	2081	2062	2084
1579	1601	1580	1602	2062	2084	2063	2085
1601	1603	1602	1604	2084	2086	2085	2087
1598	1600	1601	1603	2081	2083	2084	2086
1600	1606	1603	1609	2083	2089	2086	2092
1603	1609	1604	1610	2086	2092	2087	2093
1609	1611	1610	1612	2092	2094	2093	2095
1606	1608	1609	1611	2089	2091	2092	2094
1588	1594	1599	1605	2071	2077	2082	2088
1599	1605	1600	1606	2082	2088	2083	2089
1605	1607	1606	1608	2088	2090	2089	2091
1594	1596	1605	1607	2077	2079	2088	2090
1512	1534	1557	1581	1995	2017	2040	2064
1557	1581	1558	1582	2040	2064	2041	2065
1581	1583	1582	1584	2064	2066	2065	2067
1534	1536	1581	1583	2017	2019	2064	2066
1558	1582	1561	1585	2041	2065	2044	2068
1561	1585	1562	1586	2044	2068	2045	2069
1585	1587	1586	1588	2068	2070	2069	2071
1582	1584	1585	1587	2065	2067	2068	2070
1584	1590	1587	1593	2067	2073	2070	2076
1587	1593	1588	1594	2070	2076	2071	2077
1593	1595	1594	1596	2076	2078	2077	2079
1590	1592	1593	1595	2073	2075	2076	2078
1536	1542	1583	1589	2019	2025	2066	2072
1583	1589	1584	1590	2066	2072	2067	2073
1589	1591	1590	1592	2072	2074	2073	2075
1542	1544	1589	1591	2025	2027	2072	2074
1360	1570	1613	1614	1843	2053	2096	2097
1613	1614	1367	1615	2096	2097	1850	2098
1614	1616	1615	1617	2097	2099	2098	2100
1570	1572	1614	1616	2053	2055	2097	2099
1367	1615	1618	1619	1850	2098	2101	2102
1618	1619	1368	1620	2101	2102	1851	2103
1619	1621	1620	1622	2102	2104	2103	2105
1615	1617	1619	1621	2098	2100	2102	2104
1617	1624	1621	1627	2100	2107	2104	2110
1621	1627	1622	1628	2104	2110	2105	2111
1627	1629	1628	1630	2110	2112	2111	2113
1624	1626	1627	1629	2107	2109	2110	2112
1572	1578	1616	1623	2055	2061	2099	2106
1616	1623	1617	1624	2099	2106	2100	2107
1623	1625	1624	1626	2106	2108	2107	2109
1578	1580	1623	1625	2061	2063	2106	2108
1368	1620	1631	1632	1851	2103	2114	2115
1631	1632	1372	1633	2114	2115	1855	2116
1632	1634	1633	1635	2115	2117	2116	2118
1620	1622	1632	1634	2103	2105	2115	2117
1372	1633	1636	1637	1855	2116	2119	2120
1636	1637	1373	1638	2119	2120	1856	2121
1637	1639	1638	1640	2120	2122	2121	2123
1633	1635	1637	1639	2116	2118	2120	2122
1635	1642	1639	1645	2118	2125	2122	2128
1639	1645	1640	1646	2122	2128	2123	2129
1645	1647	1646	1648	2128	2130	2129	2131
1642	1644	1645	1647	2125	2127	2128	2130
1622	1628	1634	1641	2105	2111	2117	2124
1634	1641	1635	1642	2117	2124	2118	2125
1641	1643	1642	1644	2124	2126	2125	2127
1628	1630	1641	1643	2111	2113	2124	2126
1630	1654	1643	1665	2113	2137	2126	2148
1643	1665	1644	1666	2126	2148	2127	2149
1665	1667	1666	1668	2148	2150	2149	2151
1654	1656	1665	1667	2137	2139	2148	2150
1644	1666	1647	1669	2127	2149	2130	2152
1647	1669	1648	1670	2130	2152	2131	2153
1669	1671	1670	1672	2152	2154	2153	2155
1666	1668	1669	1671	2149	2151	2152	2154
1668	1674	1671	1677	2151	2157	2154	2160
1671	1677	1672	1678	2154	2160	2155	2161
1677	1679	1678	1680	2160	2162	2161	2163
1674	1676	1677	1679	2157	2159	2160	2162
1656	1662	1667	1673	2139	2145	2150	2156
1667	1673	1668	1674	2150	2156	2151	2157
1673	1675	1674	1676	2156	2158	2157	2159
1662	1664	1673	1675	2145	2147	2156	2158
1580	1602	1625	1649	2063	2085	2108	2132
1625	1649	1626	1650	2108	2132	2109	2133
1649	1651	1650	1652	2132	2134	2133	2135
1602	1604	1649	1651	2085	2087	2132	2134
1626	1650	1629	1653	2109	2133	2112	2136
1629	1653	1630	1654	2112	2136	2113	2137
1653	1655	1654	1656	2136	2138	2137	2139
1650	1652	1653	1655	2133	2135	2136	2138
1652	1658	1655	1661	2135	2141	2138	2144
1655	1661	1656	1662	2138	2144	2139	2145
1661	1663	1662	1664	2144	2146	2145	2147
1658	1660	1661	1663	2141	2143	2144	2146
1604	1610	1651	1657	2087	2093	2134	2140
1651	1657	1652	1658	2134	2140	2135	2141
1657	1659	1658	1660	2140	2142	2141	2143
1610	1612	1657	1659	2093	2095	2140	2142
1373	1640	1685	1686	1856	2123	2168	2169
1685	1686	1377	1687	2168	2169	1860	2170
1686	1688	1687	1681	2169	2171	2170	2164
1640	1648	1686	1688	2123	2131	2169	2171
1377	1681	1378	1682	1860	2164	1861	2165
1681	1683	1682	1684	2164	2166	2165	2167
1648	1672	1688	1689	2131	2155	2171	2172
1688	1689	1681	1690	2171	2172	2164	2173
1689	1691	1690	1683	2172	2174	2173	2166
1672	1680	1689	1691	2155	2163	2172	2174
177	180	178	181	246	249	247	250
178	181	179	182	247	250	248	251
179	1692	1381	1693	248	2175	1864	2176
1381	1696	1398	1697	1864	2179	1881	2180
1398	1700	1407	1701	1881	2183	1890	2184
1407	1701	1408	1702	1890	2184	1891	2185
1701	1703	1702	1699	2184	2186	2185	2182
1700	1697	1701	1703	2183	2180	2184	2186
1697	1698	1699	1695	2180	2181	2182	2178
1696	1693	1697	1698	2179	2176	2180	2181
1693	1694	1695	186	2176	2177	2178	255
1692	182	1693	1694	2175	251	2176	2177
1408	1702	1455	1710	1891	2185	1938	2193
1455	1710	1456	1711	1938	2193	1939	2194
1710	1712	1711	1707	2193	2195	2194	2190
1702	1699	1710	1712	2185	2182	2193	2195
1456	1711	1459	1713	1939	2194	1942	2196
1459	1713	1460	1714	1942	2196	1943	2197
1713	1715	1714	1709	2196	2198	2197	2192
1711	1707	1713	1715	2194	2190	2196	2198
1707	1708	1709	1704	2190	2191	2192	2187
1699	1695	1707	1708	2182	2178	2190	2191
1460	1714	1471	1719	1943	2197	1954	2202
1471	1719	1472	1720	1954	2202	1955	2203
1719	1721	1720	1716	2202	2204	2203	2199
1714	1709	1719	1721	2197	2192	2202	2204
1472	1720	1475	1722	1955	2203	1958	2205
1475	1722	1476	1723	1958	2205	1959	2206
1722	1724	1723	1718	2205	2207	2206	2201
1720	1716	1722	1724	2203	2199	2205	2207
1716	1717	1718	1706	2199	2200	2201	2189
1709	1704	1716	1717	2192	2187	2199	2200
1704	1705	1706	188	2187	2188	2189	257
1695	186	1704	1705	2178	255	2187	2188
1476	1723	1523	1731	1959	2206	2006	2214
1523	1731	1524	1732	2006	2214	2007	2215
1731	1733	1732	1728	2214	2216	2215	2211
1723	1718	1731	1733	2206	2201	2214	2216
1524	1732	1527	1734	2007	2215	2010	2217
1527	1734	1528	1735	2010	2217	2011	2218
1734	1736	1735	1730	2217	2219	2218	2213
1732	1728	1734	1736	2215	2211	2217	2219
1728	1729	1730	1725	2211	2212	2213	2208
1718	1706	1728	1729	2201	2189	2211	2212
1528	1735	1539	1740	2011	2218	2022	2223
1539	1740	1540	1741	2022	2223	2023	2224
1740	1742	1741	1737	2223	2225	2224	2220
1735	1730	1740	1742	2218	2213	2223	2225
1540	1741	1543	1743	2023	2224	2026	2226
1543	1743	1544	1744	2026	2226	2027	2227
1743	1745	1744	1739	2226	2228	2227	2222
1741	1737	1743	1745	2224	2220	2226	2228
1737	1738	1739	1727	2220	2221	2222	2210
1730	1725	1737	1738	2213	2208	2220	2221
1725	1726	1727	190	2208	2209	2210	259
1706	188	1725	1726	2189	257	2208	2209
1544	1744	1591	1752	2027	2227	2074	2235
1591	1752	1592	1753	2074	2235	2075	2236
1752	1754	1753	1749	2235	2237	2236	2232
1744	1739	1752	1754	2227	2222	2235	2237
1592	1753	1595	1755	2075	2236	2078	2238
1595	1755	1596	1756	2078	2238	2079	2239
1755	1757	1756	1751	2238	2240	2239	2234
1753	1749	1755	1757	2236	2232	2238	2240
1749	1750	1751	1746	2232	2233	2234	2229
1739	1727	1749	1750	2222	2210	2232	2233
1596	1756	1607	1761	2079	2239	2090	2244
1607	1761	1608	1762	2090	2244	2091	2245
1761	1763	1762	1758	2244	2246	2245	2241
1756	1751	1761	1763	2239	2234	2244	2246
1608	1762	1611	1764	2091	2245	2094	2247
1611	1764	1612	1765	2094	2247	2095	2248
1764	1766	1765	1760	2247	2249	2248	2243
1762	1758	1764	1766	2245	2241	2247	2249
1758	1759	1760	1748	2241	2242	2243	2231
1751	1746	1758	1759	2234	2229	2241	2242
1746	1747	1748	192	2229	2230	2231	261
1727	190	1746	1747	2210	259	2229	2230
1612	1765	1659	1773	2095	2248	2142	2256
1659	1773	1660	1774	2142	2256	2143	2257
1773	1775	1774	1770	2256	2258	2257	2253
1765	1760	1773	1775	2248	2243	2256	2258
1660	1774	1663	1776	2143	2257	2146	2259
1663	1776	1664	1777	2146	2259	2147	2260
1776	1778	1777	1772	2259	2261	2260	2255
1774	1770	1776	1778	2257	2253	2259	2261
1770	1771	1772	1767	2253	2254	2255	2250
1760	1748	1770	1771	2243	2231	2253	2254
1664	1777	1675	1782	2147	2260	2158	2265
1675	1782	1676	1783	2158	2265	2159	2266
1782	1784	1783	1779	2265	2267	2266	2262
1777	1772	1782	1784	2260	2255	2265	2267
1676	1783	1679	1785	2159	2266	2162	2268
1679	1785	1680	1786	2162	2268	2163	2269
1785	1787	1786	1781	2268	2270	2269	2264
1783	1779	1785	1787	2266	2262	2268	2270
1779	1780	1781	1769	2262	2263	2264	2252
1772	1767	1779	1780	2255	2250	2262	2263
1767	1768	1769	194	2250	2251	2252	263
1748	192	1767	1768	2231	261	2250	2251
1680	1781	1691	1791	2163	2264	2174	2274
1691	1791	1683	1792	2174	2274	2166	2275
1791	1793	1792	1788	2274	2276	2275	2271
1781	1769	1791	1793	2264	2252	2274	2276
1683	1788	1684	1789	2166	2271	2167	2272
1788	1790	1789	196	2271	2273	2272	265
1769	194	1788	1790	2252	263	2271	2273
180	183	181	184	249	252	250	253
181	184	182	185	250	253	251	254
182	185	186	187	251	254	255	256
186	187	188	189	255	256	257	258
188	189	190	191	257	258	259	260
190	191	192	193	259	260	261	262
192	193	194	195	261	262	263	264
194	195	196	197	263	264	265	266
183	198	184	199	252	267	253	268
184	199	185	200	253	268	254	269
185	200	187	201	254	269	256	270
187	201	189	202	256	270	258	271
189	202	191	203	258	271	260	272
191	203	193	204	260	272	262	273
193	204	195	205	262	273	264	274
195	205	197	206	264	274	266	275
207	208	209	210	276	277	278	279
209	210	211	212	278	279	280	281
211	212	213	214	280	281	282	283
213	214	215	216	282	283	284	285
215	216	217	218	284	285	286	287
217	218	219	220	286	287	288	289
219	220	221	222	288	289	290	291
221	222	223	224	290	291	292	293
208	225	210	226	277	294	279	295
210	226	212	227	279	295	281	296
212	227	214	228	281	296	283	297
214	228	216	229	283	297	285	298
216	229	218	230	285	298	287	299
218	230	220	231	287	299	289	300
220	231	222	232	289	300	291	301
222	232	224	233	291	301	293	302
225	234	226	235	294	303	295	304
226	235	227	236	295	304	296	305
227	236	228	237	296	305	297	306
228	237	229	238	297	306	298	307
229	238	230	239	298	307	299	308
230	239	231	240	299	308	300	309
231	240	232	241	300	309	301	310
232	241	233	242	301	310	302	311
234	243	235	244	303	312	304	313
235	244	236	245	304	313	305	314
236	1794	1795	1796	305	2277	2278	2279
1795	1796	237	1797	2278	2279	306	2280
1796	1799	1800	1801	2279	2282	2283	2284
1800	1801	1797	1802	2283	2284	2280	2285
1801	1803	1802	1804	2284	2286	2285	2287
1799	1798	1801	1803	2282	2281	2284	2286
1794	245	1796	1798	2277	314	2279	2281
237	1797	1805	1806	306	2280	2288	2289
1805	1806	238	1807	2288	2289	307	2290
1806	1810	1813	1814	2289	2293	2296	2297
1813	1814	1807	1815	2296	2297	2290	2298
1814	1816	1815	1817	2297	2299	2298	2300
1810	1812	1814	1816	2293	2295	2297	2299
1797	1802	1808	1809	2280	2285	2291	2292
1808	1809	1806	1810	2291	2292	2289	2293
1809	1811	1810	1812	2292	2294	2293	2295
1802	1804	1809	1811	2285	2287	2292	2294
238	1807	1818	1819	307	2290	2301	2302
1818	1819	239	1820	2301	2302	308	2303
1819	1823	1826	1827	2302	2306	2309	2310
1826	1827	1820	1828	2309	2310	2303	2311
1827	1829	1828	1830	2310	2312	2311	2313
1823	1825	1827	1829	2306	2308	2310	2312
1807	1815	1821	1822	2290	2298	2304	2305
1821	1822	1819	1823	2304	2305	2302	2306
1822	1824	1823	1825	2305	2307	2306	2308
1815	1817	1822	1824	2298	2300	2305	2307
239	1820	1831	1832	308	2303	2314	2315
1831	1832	240	1833	2314	2315	309	2316
1832	1836	1839	1840	2315	2319	2322	2323
1839	1840	1833	1841	2322	2323	2316	2324
1840	1842	1841	1843	2323	2325	2324	2326
1836	1838	1840	1842	2319	2321	2323	2325
1820	1828	1834	1835	2303	2311	2317	2318
1834	1835	1832	1836	2317	2318	2315	2319
1835	1837	1836	1838	2318	2320	2319	2321
1828	1830	1835	1837	2311	2313	2318	2320
240	1833	1844	1845	309	2316	2327	2328
1844	1845	241	1846	2327	2328	310	2329
1845	1849	1852	1853	2328	2332	2335	2336
1852	1853	1846	1854	2335	2336	2329	2337
1853	1855	1854	1856	2336	2338	2337	2339
1849	1851	1853	1855	2332	2334	2336	2338
1833	1841	1847	1848	2316	2324	2330	2331
1847	1848	1845	1849	2330	2331	2328	2332
1848	1850	1849	1851	2331	2333	2332	2334
1841	1843	1848	1850	2324	2326	2331	2333
241	1846	1857	1858	310	2329	2340	2341
1857	1858	242	1859	2340	2341	311	2342
1858	1860	1859	1861	2341	2343	2342	2344
1846	1856	1858	1860	2329	2339	2341	2343
243	246	244	247	312	315	313	316
244	247	245	248	313	316	314	317
245	1862	1798	1863	314	2345	2281	2346
1798	1865	1803	1866	2281	2348	2286	2349
1803	1868	1869	1870	2286	2351	2352	2353
1869	1870	1804	1871	2352	2353	2287	2354
1870	1872	1871	1873	2353	2355	2354	2356
1868	1866	1870	1872	2351	2349	2353	2355
1866	1874	1872	1875	2349	2357	2355	2358
1872	1875	1873	1876	2355	2358	2356	2359
1875	1877	1876	1878	2358	2360	2359	2361
1874	1867	1875	1877	2357	2350	2358	2360
1865	1863	1866	1867	2348	2346	2349	2350
1863	1879	1867	1880	2346	2362	2350	2363
1867	1882	1877	1883	2350	2365	2360	2366
1877	1883	1878	1884	2360	2366	2361	2367
1883	1885	1884	1886	2366	2368	2367	2369
1882	1880	1883	1885	2365	2363	2366	2368
1880	1887	1885	1888	2363	2370	2368	2371
1885	1888	1886	1889	2368	2371	2369	2372
1888	1890	1889	1891	2371	2373	2372	2374
1887	1881	1888	1890	2370	2364	2371	2373
1879	1864	1880	1881	2362	2347	2363	2364
1862	248	1863	1864	2345	317	2346	2347
1804	1871	1892	1893	2287	2354	2375	2376
1892	1893	1811	1894	2375	2376	2294	2377
1893	1895	1894	1896	2376	2378	2377	2379
1871	1873	1893	1895	2354	2356	2376	2378
1811	1894	1897	1898	2294	2377	2380	2381
1897	1898	1812	1899	2380	2381	2295	2382
1898	1900	1899	1901	2381	2383	2382	2384
1894	1896	1898	1900	2377	2379	2381	2383
1896	1903	1900	1906	2379	2386	2383	2389
1900	1906	1901	1907	2383	2389	2384	2390
1906	1908	1907	1909	2389	2391	2390	2392
1903	1905	1906	1908	2386	2388	2389	2391
1873	1876	1895	1902	2356	2359	2378	2385
1895	1902	1896	1903	2378	2385	2379	2386
1902	1904	1903	1905	2385	2387	2386	2388
1876	1878	1902	1904	2359	2361	2385	2387
1812	1899	1910	1911	2295	2382	2393	2394
1910	1911	1816	1912	2393	2394	2299	2395
1911	1913	1912	1914	2394	2396	2395	2397
1899	1901	1911	1913	2382	2384	2394	2396
1816	1912	1915	1916	2299	2395	2398	2399
1915	1916	1817	1917	2398	2399	2300	2400
1916	1918	1917	1919	2399	2401	2400	2402
1912	1914	1916	1918	2395	2397	2399	2401
1914	1921	1918	1924	2397	2404	2401	2407
1918	1924	1919	1925	2401	2407	2402	2408
1924	1926	1925	1927	2407	2409	2408	2410
1921	1923	1924	1926	2404	2406	2407	2409
1901	1907	1913	1920	2384	2390	2396	2403
1913	1920	1914	1921	2396	2403	2397	2404
1920	1922	1921	1923	2403	2405	2404	2406
1907	1909	1920	1922	2390	2392	2403	2405
1909	1933	1922	1944	2392	2416	2405	2427
1922	1944	1923	1945	2405	2427	2406	2428
1944	1946	1945	1947	2427	2429	2428	2430
1933	1935	1944	1946	2416	2418	2427	2429
1923	1945	1926	1948	2406	2428	2409	2431
1926	1948	1927	1949	2409	2431	2410	2432
1948	1950	1949	1951	2431	2433	2432	2434
1945	1947	1948	1950	2428	2430	2431	2433
1947	1953	1950	1956	2430	2436	2433	2439
1950	1956	1951	1957	2433	2439	2434	2440
1956	1958	1957	1959	2439	2441	2440	2442
1953	1955	1956	1958	2436	2438	2439	2441
1935	1941	1946	1952	2418	2424	2429	2435
1946	1952	1947	1953	2429	2435	2430	2436
1952	1954	1953	1955	2435	2437	2436	2438
1941	1943	1952	1954	2424	2426	2435	2437
1878	1884	1904	1928	2361	2367	2387	2411
1904	1928	1905	1929	2387	2411	2388	2412
1928	1930	1929	1931	2411	2413	2412	2414
1884	1886	1928	1930	2367	2369	2411	2413
1905	1929	1908	1932	2388	2412	2391	2415
1908	1932	1909	1933	2391	2415	2392	2416
1932	1934	1933	1935	2415	2417	2416	2418
1929	1931	1932	1934	2412	2414	2415	2417
1931	1937	1934	1940	2414	2420	2417	2423
1934	1940	1935	1941	2417	2423	2418	2424
1940	1942	1941	1943	2423	2425	2424	2426
1937	1939	1940	1942	2420	2422	2423	2425
1886	1889	1930	1936	2369	2372	2413	2419
1930	1936	1931	1937	2413	2419	2414	2420
1936	1938	1937	1939	2419	2421	2420	2422
1889	1891	1936	1938	2372	2374	2419	2421
1817	1917	1960	1961	2300	2400	2443	2444
1960	1961	1824	1962	2443	2444	2307	2445
1961	1963	1962	1964	2444	2446	2445	2447
1917	1919	1961	1963	2400	2402	2444	2446
1824	1962	1965	1966	2307	2445	2448	2449
1965	1966	1825	1967	2448	2449	2308	2450
1966	1968	1967	1969	2449	2451	2450	2452
1962	1964	1966	1968	2445	2447	2449	2451
1964	1971	1968	1974	2447	2454	2451	2457
1968	1974	1969	1975	2451	2457	2452	2458
1974	1976	1975	1977	2457	2459	2458	2460
1971	1973	1974	1976	2454	2456	2457	2459
1919	1925	1963	1970	2402	2408	2446	2453
1963	1970	1964	1971	2446	2453	2447	2454
1970	1972	1971	1973	2453	2455	2454	2456
1925	1927	1970	1972	2408	2410	2453	2455
1825	1967	1978	1979	2308	2450	2461	2462
1978	1979	1829	1980	2461	2462	2312	2463
1979	1981	1980	1982	2462	2464	2463	2465
1967	1969	1979	1981	2450	2452	2462	2464
1829	1980	1983	1984	2312	2463	2466	2467
1983	1984	1830	1985	2466	2467	2313	2468
1984	1986	1985	1987	2467	2469	2468	2470
1980	1982	1984	1986	2463	2465	2467	2469
1982	1989	1986	1992	2465	2472	2469	2475
1986	1992	1987	1993	2469	2475	2470	2476
1992	1994	1993	1995	2475	2477	2476	2478
1989	1991	1992	1994	2472	2474	2475	2477
1969	1975	1981	1988	2452	2458	2464	2471
1981	1988	1982	1989	2464	2471	2465	2472
1988	1990	1989	1991	2471	2473	2472	2474
1975	1977	1988	1990	2458	2460	2471	2473
1977	2001	1990	2012	2460	2484	2473	2495
1990	2012	1991	2013	2473	2495	2474	2496
2012	2014	2013	2015	2495	2497	2496	2498
2001	2003	2012	2014	2484	2486	2495	2497
1991	2013	1994	2016	2474	2496	2477	2499
1994	2016	1995	2017	2477	2499	2478	2500
2016	2018	2017	2019	2499	2501	2500	2502
2013	2015	2016	2018	2496	2498	2499	2501
2015	2021	2018	2024	2498	2504	2501	2507
2018	2024	2019	2025	2501	2507	2502	2508
2024	2026	2025	2027	2507	2509	2508	2510
2021	2023	2024	2026	2504	2506	2507	2509
2003	2009	2014	2020	2486	2492	2497	2503
2014	2020	2015	2021	2497	2503	2498	2504
2020	2022	2021	2023	2503	2505	2504	2506
2009	2011	2020	2022	2492	2494	2503	2505
1927	1949	1972	1996	2410	2432	2455	2479
1972	1996	1973	1997	2455	2479	2456	2480
1996	1998	1997	1999	2479	2481	2480	2482
1949	1951	1996	1998	2432	2434	2479	2481
1973	1997	1976	2000	2456	2480	2459	2483
1976	2000	1977	2001	2459	2483	2460	2484
2000	2002	2001	2003	2483	2485	2484	2486
1997	1999	2000	2002	2480	2482	2483	2485
1999	2005	2002	2008	2482	2488	2485	2491
2002	2008	2003	2009	2485	2491	2486	2492
2008	2010	2009	2011	2491	2493	2492	2494
2005	2007	2008	2010	2488	2490	2491	2493
1951	1957	1998	2004	2434	2440	2481	2487
1998	2004	1999	2005	2481	2487	2482	2488
2004	2006	2005	2007	2487	2489	2488	2490
1957	1959	2004	2006	2440	2442	2487	2489
1830	1985	2028	2029	2313	2468	2511	2512
2028	2029	1837	2030	2511	2512	2320	2513
2029	2031	2030	2032	2512	2514	2513	2515
1985	1987	2029	2031	2468	2470	2512	2514
1837	2030	2033	2034	2320	2513	2516	2517
2033	2034	1838	2035	2516	2517	2321	2518
2034	2036	2035	2037	2517	2519	2518	2520
2030	2032	2034	2036	2513	2515	2517	2519
2032	2039	2036	2042	2515	2522	2519	2525
2036	2042	2037	2043	2519	2525	2520	2526
2042	2044	2043	2045	2525	2527	2526	2528
2039	2041	2042	2044	2522	2524	2525	2527
1987	1993	2031	2038	2470	2476	2514	2521
2031	2038	2032	2039	2514	2521	2515	2522
2038	2040	2039	2041	2521	2523	2522	2524
1993	1995	2038	2040	2476	2478	2521	2523
1838	2035	2046	2047	2321	2518	2529	2530
2046	2047	1842	2048	2529	2530	2325	2531
2047	2049	2048	2050	2530	2532	2531	2533
2035	2037	2047	2049	2518	2520	2530	2532
1842	2048	2051	2052	2325	2531	2534	2535
2051	2052	1843	2053	2534	2535	2326	2536
2052	2054	2053	2055	2535	2537	2536	2538
2048	2050	2052	2054	2531	2533	2535	2537
2050	2057	2054	2060	2533	2540	2537	2543
2054	2060	2055	2061	2537	2543	2538	2544
2060	2062	2061	2063	2543	2545	2544	2546
2057	2059	2060	2062	2540	2542	2543	2545
2037	2043	2049	2056	2520	2526	2532	2539
2049	2056	2050	2057	2532	2539	2533	2540
2056	2058	2057	2059	2539	2541	2540	2542
2043	2045	2056	2058	2526	2528	2539	2541
2045	2069	2058	2080	2528	2552	2541	2563
2058	2080	2059	2081	2541	2563	2542	2564
2080	2082	2081	2083	2563	2565	2564	2566
2069	2071	2080	2082	2552	2554	2563	2565
2059	2081	2062	2084	2542	2564	2545	2567
2062	2084	2063	2085	2545	2567	2546	2568
2084	2086	2085	2087	2567	2569	2568	2570
2081	2083	2084	2086	2564	2566	2567	2569
2083	2089	2086	2092	2566	2572	2569	2575
2086	2092	2087	2093	2569	2575	2570	2576
2092	2094	2093	2095	2575	2577	2576	2578
2089	2091	2092	2094	2572	2574	2575	2577
2071	2077	2082	2088	2554	2560	2565	2571
2082	2088	2083	2089	2565	2571	2566	2572
2088	2090	2089	2091	2571	2573	2572	2574
2077	2079	2088	2090	2560	2562	2571	2573
1995	2017	2040	2064	2478	2500	2523	2547
2040	2064	2041	2065	2523	2547	2524	2548
2064	2066	2065	2067	2547	2549	2548	2550
2017	2019	2064	2066	2500	2502	2547	2549
2041	2065	2044	2068	2524	2548	2527	2551
2044	2068	2045	2069	2527	2551	2528	2552
2068	2070	2069	2071	2551	2553	2552	2554
2065	2067	2068	2070	2548	2550	2551	2553
2067	2073	2070	2076	2550	2556	2553	2559
2070	2076	2071	2077	2553	2559	2554	2560
2076	2078	2077	2079	2559	2561	2560	2562
2073	2075	2076	2078	2556	2558	2559	2561
2019	2025	2066	2072	2502	2508	2549	2555
2066	2072	2067	2073	2549	2555	2550	2556
2072	2074	2073	2075	2555	2557	2556	2558
2025	2027	2072	2074	2508	2510	2555	2557
1843	2053	2096	2097	2326	2536	2579	2580
2096	2097	1850	2098	2579	2580	2333	2581
2097	2099	2098	2100	2580	2582	2581	2583
2053	2055	2097	2099	2536	2538	2580	2582
1850	2098	2101	2102	2333	2581	2584	2585
2101	2102	1851	2103	2584	2585	2334	2586
2102	2104	2103	2105	2585	2587	2586	2588
2098	2100	2102	2104	2581	2583	2585	2587
2100	2107	2104	2110	2583	2590	2587	2593
2104	2110	2105	2111	2587	2593	2588	2594
2110	2112	2111	2113	2593	2595	2594	2596
2107	2109	2110	2112	2590	2592	2593	2595
2055	2061	2099	2106	2538	2544	2582	2589
2099	2106	2100	2107	2582	2589	2583	2590
2106	2108	2107	2109	2589	2591	2590	2592
2061	2063	2106	2108	2544	2546	2589	2591
1851	2103	2114	2115	2334	2586	2597	2598
2114	2115	1855	2116	2597	2598	2338	2599
2115	2117	2116	2118	2598	2600	2599	2601
2103	2105	2115	2117	2586	2588	2598	2600
1855	2116	2119	2120	2338	2599	2602	2603
2119	2120	1856	2121	2602	2603	2339	2604
2120	2122	2121	2123	2603	2605	2604	2606
2116	2118	2120	2122	2599	2601	2603	2605
2118	2125	2122	2128	2601	2608	2605	2611
2122	2128	2123	2129	2605	2611	2606	2612
2128	2130	2129	2131	2611	2613	2612	2614
2125	2127	2128	2130	2608	2610	2611	2613
2105	2111	2117	2124	2588	2594	2600	2607
2117	2124	2118	2125	2600	2607	2601	2608
2124	2126	2125	2127	2607	2609	2608	2610
2111	2113	2124	2126	2594	2596	2607	2609
2113	2137	2126	2148	2596	2620	2609	2631
2126	2148	2127	2149	2609	2631	2610	2632
2148	2150	2149	2151	2631	2633	2632	2634
2137	2139	2148	2150	2620	2622	2631	2633
2127	2149	2130	2152	2610	2632	2613	2635
2130	2152	2131	2153	2613	2635	2614	2636
2152	2154	2153	2155	2635	2637	2636	2638
2149	2151	2152	2154	2632	2634	2635	2637
2151	2157	2154	2160	2634	2640	2637	2643
2154	2160	2155	2161	2637	2643	2638	2644
2160	2162	2161	2163	2643	2645	2644	2646
2157	2159	2160	2162	2640	2642	2643	2645
2139	2145	2150	2156	2622	2628	2633	2639
2150	2156	2151	2157	2633	2639	2634	2640
2156	2158	2157	2159	2639	2641	2640	2642
2145	2147	2156	2158	2628	2630	2639	2641
2063	2085	2108	2132	2546	2568	2591	2615
2108	2132	2109	2133	2591	2615	2592	2616
2132	2134	2133	2135	2615	2617	2616	2618
2085	2087	2132	2134	2568	2570	2615	2617
2109	2133	2112	2136	2592	2616	2595	2619
2112	2136	2113	2137	2595	2619	2596	2620
2136	2138	2137	2139	2619	2621	2620	2622
2133	2135	2136	2138	2616	2618	2619	2621
2135	2141	2138	2144	2618	2624	2621	2627
2138	2144	2139	2145	2621	2627	2622	2628
2144	2146	2145	2147	2627	2629	2628	2630
2141	2143	2144	2146	2624	2626	2627	2629
2087	2093	2134	2140	2570	2576	2617	2623
2134	2140	2135	2141	2617	2623	2618	2624
2140	2142	2141	2143	2623	2625	2624	2626
2093	2095	2140	2142	2576	2578	2623	2625
1856	2123	2168	2169	2339	2606	2651	2652
2168	2169	1860	2170	2651	2652	2343	2653
2169	2171	2170	2164	2652	2654	2653	2647
2123	2131	2169	2171	2606	2614	2652	2654
1860	2164	1861	2165	2343	2647	2344	2648
2164	2166	2165	2167	2647	2649	2648	2650
2131	2155	2171	2172	2614	2638	2654	2655
2171	2172	2164	2173	2654	2655	2647	2656
2172	2174	2173	2166	2655	2657	2656	2649
2155	2163	2172	2174	2638	2646	2655	2657
246	249	247	250	315	318	316	319
247	250	248	251	316	319	317	320
248	2175	1864	2176	317	2658	2347	2659
1864	2179	1881	2180	2347	2662	2364	2663
1881	2183	1890	2184	2364	2666	2373	2667
1890	2184	1891	2185	2373	2667	2374	2668
2184	2186	2185	2182	2667	2669	2668	2665
2183	2180	2184	2186	2666	2663	2667	2669
2180	2181	2182	2178	2663	2664	2665	2661
2179	2176	2180	2181	2662	2659	2663	2664
2176	2177	2178	255	2659	2660	2661	324
2175	251	2176	2177	2658	320	2659	2660
1891	2185	1938	2193	2374	2668	2421	2676
1938	2193	1939	2194	2421	2676	2422	2677
2193	2195	2194	2190	2676	2678	2677	2673
2185	2182	2193	2195	2668	2665	2676	2678
1939	2194	1942	2196	2422	2677	2425	2679
1942	2196	1943	2197	2425	2679	2426	2680
2196	2198	2197	2192	2679	2681	2680	2675
2194	2190	2196	2198	2677	2673	2679	2681
2190	2191	2192	2187	2673	2674	2675	2670
2182	2178	2190	2191	2665	2661	2673	2674
1943	2197	1954	2202	2426	2680	2437	2685
1954	2202	1955	2203	2437	2685	2438	2686
2202	2204	2203	2199	2685	2687	2686	2682
2197	2192	2202	2204	2680	2675	2685	2687
1955	2203	1958	2205	2438	2686	2441	2688
1958	2205	1959	2206	2441	2688	2442	2689
2205	2207	2206	2201	2688	2690	2689	2684
2203	2199	2205	2207	2686	2682	2688	2690
2199	2200	2201	2189	2682	2683	2684	2672
2192	2187	2199	2200	2675	2670	2682	2683
2187	2188	2189	257	2670	2671	2672	326
2178	255	2187	2188	2661	324	2670	2671
1959	2206	2006	2214	2442	2689	2489	2697
2006	2214	2007	2215	2489	2697	2490	2698
2214	2216	2215	2211	2697	2699	2698	2694
2206	2201	2214	2216	2689	2684	2697	2699
2007	2215	2010	2217	2490	2698	2493	2700
2010	2217	2011	2218	2493	2700	2494	2701
2217	2219	2218	2213	2700	2702	2701	2696
2215	2211	2217	2219	2698	2694	2700	2702
2211	2212	2213	2208	2694	2695	2696	2691
2201	2189	2211	2212	2684	2672	2694	2695
2011	2218	2022	2223	2494	2701	2505	2706
2022	2223	2023	2224	2505	2706	2506	2707
2223	2225	2224	2220	2706	2708	2707	2703
2218	2213	2223	2225	2701	2696	2706	2708
2023	2224	2026	2226	2506	2707	2509	2709
2026	2226	2027	2227	2509	2709	2510	2710
2226	2228	2227	2222	2709	2711	2710	2705
2224	2220	2226	2228	2707	2703	2709	2711
2220	2221	2222	2210	2703	2704	2705	2693
2213	2208	2220	2221	2696	2691	2703	2704
2208	2209	2210	259	2691	2692	2693	328
2189	257	2208	2209	2672	326	2691	2692
2027	2227	2074	2235	2510	2710	2557	2718
2074	2235	2075	2236	2557	2718	2558	2719
2235	2237	2236	2232	2718	2720	2719	2715
2227	2222	2235	2237	2710	2705	2718	2720
2075	2236	2078	2238	2558	2719	2561	2721
2078	2238	2079	2239	2561	2721	2562	2722
2238	2240	2239	2234	2721	2723	2722	2717
2236	2232	2238	2240	2719	2715	2721	2723
2232	2233	2234	2229	2715	2716	2717	2712
2222	2210	2232	2233	2705	2693	2715	2716
2079	2239	2090	2244	2562	2722	2573	2727
2090	2244	2091	2245	2573	2727	2574	2728
2244	2246	2245	2241	2727	2729	2728	2724
2239	2234	2244	2246	2722	2717	2727	2729
2091	2245	2094	2247	2574	2728	2577	2730
2094	2247	2095	2248	2577	2730	2578	2731
2247	2249	2248	2243	2730	2732	2731	2726
2245	2241	2247	2249	2728	2724	2730	2732
2241	2242	2243	2231	2724	2725	2726	2714
2234	2229	2241	2242	2717	2712	2724	2725
2229	2230	2231	261	2712	2713	2714	330
2210	259	2229	2230	2693	328	2712	2713
2095	2248	2142	2256	2578	2731	2625	2739
2142	2256	2143	2257	2625	2739	2626	2740
2256	2258	2257	2253	2739	2741	2740	2736
2248	2243	2256	2258	2731	2726	2739	2741
2143	2257	2146	2259	2626	2740	2629	2742
2146	2259	2147	2260	2629	2742	2630	2743
2259	2261	2260	2255	2742	2744	2743	2738
2257	2253	2259	2261	2740	2736	2742	2744
2253	2254	2255	2250	2736	2737	2738	2733
2243	2231	2253	2254	2726	2714	2736	2737
2147	2260	2158	2265	2630	2743	2641	2748
2158	2265	2159	2266	2641	2748	2642	2749
2265	2267	2266	2262	2748	2750	2749	2745
2260	2255	2265	2267	2743	2738	2748	2750
2159	2266	2162	2268	2642	2749	2645	2751
2162	2268	2163	2269	2645	2751	2646	2752
2268	2270	2269	2264	2751	2753	2752	2747
2266	2262	2268	2270	2749	2745	2751	2753
2262	2263	2264	2252	2745	2746	2747	2735
2255	2250	2262	2263	2738	2733	2745	2746
2250	2251	2252	263	2733	2734	2735	332
2231	261	2250	2251	2714	330	2733	2734
2163	2264	2174	2274	2646	2747	2657	2757
2174	2274	2166	2275	2657	2757	2649	2758
2274	2276	2275	2271	2757	2759	2758	2754
2264	2252	2274	2276	2747	2735	2757	2759
2166	2271	2167	2272	2649	2754	2650	2755
2271	2273	2272	265	2754	2756	2755	334
2252	263	2271	2273	2735	332	2754	2756
249	252	250	253	318	321	319	322
250	253	251	254	319	322	320	323
251	254	255	256	320	323	324	325
255	256	257	258	324	325	326	327
257	258	259	260	326	327	328	329
259	260	261	262	328	329	330	331
261	262	263	264	330	331	332	333
263	264	265	266	332	333	334	335
252	267	253	268	321	336	322	337
253	268	254	269	322	337	323	338
254	269	256	270	323	338	325	339
256	270	258	271	325	339	327	340
258	271	260	272	327	340	329	341
260	272	262	273	329	341	331	342
262	273	264	274	331	342	333	343
264	274	266	275	333	343	335	344
</DataArray>
<DataArray type="Int32" Name="offsets" format="ascii">
8	16	24	32	40	48	56	64	72	80	88	96	104	112	120	128	136	144	152	160	168	176	184	192	200	208	216	224	232	240	248	256	264	272	280	288	296	304	312	320	328	336	344	352	360	368	376	384	392	400	408	416	424	432	440	448	456	464	472	480	488	496	504	512	520	528	536	544	552	560	568	576	584	592	600	608	616	624	632	640	648	656	664	672	680	688	696	704	712	720	728	736	744	752	760	768	776	784	792	800	808	816	824	832	840	848	856	864	872	880	888	896	904	912	920	928	936	944	952	960	968	976	984	992	1000	1008	1016	1024	1032	1040	1048	1056	1064	1072	1080	1088	1096	1104	1112	1120	1128	1136	1144	1152	1160	1168	1176	1184	1192	1200	1208	1216	1224	1232	1240	1248	1256	1264	1272	1280	1288	1296	1304	1312	1320	1328	1336	1344	1352	1360	1368	1376	1384	1392	1400	1408	1416	1424	1432	1440	1448	1456	1464	1472	1480	1488	1496	1504	1512	1520	1528	1536	1544	1552	1560	1568	1576	1584	1592	1600	1608	1616	1624	1632	1640	1648	1656	1664	1672	1680	1688	1696	1704	1712	1720	1728	1736	1744	1752	1760	1768	1776	1784	1792	1800	1808	1816	1824	1832	1840	1848	1856	1864	1872	1880	1888	1896	1904	1912	1920	1928	1936	1944	1952	1960	1968	1976	1984	1992	2000	2008	2016	2024	2032	2040	2048	2056	2064	2072	2080	2088	2096	2104	2112	2120	2128	2136	2144	2152	2160	2168	2176	2184	2192	2200	2208	2216	2224	2232	2240	2248	2256	2264	2272	2280	2288	2296	2304	2312	2320	2328	2336	2344	2352	2360	2368	2376	2384	2392	2400	2408	2416	2424	2432	2440	2448	2456	2464	2472	2480	2488	2496	2504	2512	2520	2528	2536	2544	2552	2560	2568	2576	2584	2592	2600	2608	2616	2624	2632	2640	2648	2656	2664	2672	2680	2688	2696	2704	2712	2720	2728	2736	2744	2752	2760	2768	2776	2784	2792	2800	2808	2816	2824	2832	2840	2848	2856	2864	2872	2880	2888	2896	2904	2912	2920	2928	2936	2944	2952	2960	2968	2976	2984	2992	3000	3008	3016	3024	3032	3040	3048	3056	3064	3072	3080	3088	3096	3104	3112	3120	3128	3136	3144	3152	3160	3168	3176	3184	3192	3200	3208	3216	3224	3232	3240	3248	3256	3264	3272	3280	3288	3296	3304	3312	3320	3328	3336	3344	3352	3360	3368	3376	3384	3392	3400	3408	3416	3424	3432	3440	3448	3456	3464	3472	3480	3488	3496	3504	3512	3520	3528	3536	3544	3552	3560	3568	3576	3584	3592	3600	3608	3616	3624	3632	3640	3648	3656	3664	3672	3680	3688	3696	3704	3712	3720	3728	3736	3744	3752	3760	3768	3776	3784	3792	3800	3808	3816	3824	3832	3840	3848	3856	3864	3872	3880	3888	3896	3904	3912	3920	3928	3936	3944	3952	3960	3968	3976	3984	3992	4000	4008	4016	4024	4032	4040	4048	4056	4064	4072	4080	4088	4096	4104	4112	4120	4128	4136	4144	4152	4160	4168	4176	4184	4192	4200	4208	4216	4224	4232	4240	4248	4256	4264	4272	4280	4288	4296	4304	4312	4320	4328	4336	4344	4352	4360	4368	4376	4384	4392	4400	4408	4416	4424	4432	4440	4448	4456	4464	4472	4480	4488	4496	4504	4512	4520	4528	4536	4544	4552	4560	4568	4576	4584	4592	4600	4608	4616	4624	4632	4640	4648	4656	4664	4672	4680	4688	4696	4704	4712	4720	4728	4736	4744	4752	4760	4768	4776	4784	4792	4800	4808	4816	4824	4832	4840	4848	4856	4864	4872	4880	4888	4896	4904	4912	4920	4928	4936	4944	4952	4960	4968	4976	4984	4992	5000	5008	5016	5024	5032	5040	5048	5056	5064	5072	5080	5088	5096	5104	5112	5120	5128	5136	5144	5152	5160	5168	5176	5184	5192	5200	5208	5216	5224	5232	5240	5248	5256	5264	5272	5280	5288	5296	5304	5312	5320	5328	5336	5344	5352	5360	5368	5376	5384	5392	5400	5408	5416	5424	5432	5440	5448	5456	5464	5472	5480	5488	5496	5504	5512	5520	5528	5536	5544	5552	5560	5568	5576	5584	5592	5600	5608	5616	5624	5632	5640	5648	5656	5664	5672	5680	5688	5696	5704	5712	5720	5728	5736	5744	5752	5760	5768	5776	5784	5792	5800	5808	5816	5824	5832	5840	5848	5856	5864	5872	5880	5888	5896	5904	5912	5920	5928	5936	5944	5952	5960	5968	5976	5984	5992	6000	6008	6016	6024	6032	6040	6048	6056	6064	6072	6080	6088	6096	6104	6112	6120	6128	6136	6144	6152	6160	6168	6176	6184	6192	6200	6208	6216	6224	6232	6240	6248	6256	6264	6272	6280	6288	6296	6304	6312	6320	6328	6336	6344	6352	6360	6368	6376	6384	6392	6400	6408	6416	6424	6432	6440	6448	6456	6464	6472	6480	6488	6496	6504	6512	6520	6528	6536	6544	6552	6560	6568	6576	6584	6592	6600	6608	6616	6624	6632	6640	6648	6656	6664	6672	6680	6688	6696	6704	6712	6720	6728	6736	6744	6752	6760	6768	6776	6784	6792	6800	6808	6816	6824	6832	6840	6848	6856	6864	6872	6880	6888	6896	6904	6912	6920	6928	6936	6944	6952	6960	6968	6976	6984	6992	7000	7008	7016	7024	7032	7040	7048	7056	7064	7072	7080	7088	7096	7104	7112	7120	7128	7136	7144	7152	7160	7168	7176	7184	7192	7200	7208	7216	7224	7232	7240	7248	7256	7264	7272	7280	7288	7296	7304	7312	7320	7328	7336	7344	7352	7360	7368	7376	7384	7392	7400	7408	7416	7424	7432	7440	7448	7456	7464	7472	7480	7488	7496	7504	7512	7520	7528	7536	7544	7552	7560	7568	7576	7584	7592	7600	7608	7616	7624	7632	7640	7648	7656	7664	7672	7680	7688	7696	7704	7712	7720	7728	7736	7744	7752	7760	7768	7776	7784	7792	7800	7808	7816	7824	7832	7840	7848	7856	7864	7872	7880	7888	7896	7904	7912	7920	7928	7936	7944	7952	7960	7968	7976	7984	7992	8000	8008	8016	8024	8032	8040	8048	8056	8064	8072	8080	8088	8096	8104	8112	8120	8128	8136	8144	8152	8160	8168	8176	8184	8192	8200	8208	8216	8224	8232	8240	8248	8256	8264	8272	8280	8288	8296	8304	8312	8320	8328	8336	8344	8352	8360	8368	8376	8384	8392	8400	8408	8416	8424	8432	8440	8448	8456	8464	8472	8480	8488	8496	8504	8512	8520	8528	8536	8544	8552	8560	8568	8576	8584	8592	8600	8608	8616	8624	8632	8640	8648	8656	8664	8672	8680	8688	8696	8704	8712	8720	8728	8736	8744	8752	8760	8768	8776	8784	8792	8800	8808	8816	8824	8832	8840	8848	8856	8864	8872	8880	8888	8896	8904	8912	8920	8928	8936	8944	8952	8960	8968	8976	8984	8992	9000	9008	9016	9024	9032	9040	9048	9056	9064	9072	9080	9088	9096	9104	9112	9120	9128	9136	9144	9152	9160	9168	9176	9184	9192	9200	9208	9216	9224	9232	9240	9248	9256	9264	9272	9280	9288	9296	9304	9312	9320	9328	9336	9344	9352	9360	9368	9376	9384	9392	9400	9408	9416	9424	9432	9440	9448	9456	9464	9472	9480	9488	9496	9504	9512	9520	9528	9536	9544	9552	9560	9568	9576	9584	9592	9600	9608	9616	9624	9632	9640	9648	9656	9664	9672	9680	9688	9696	9704	9712	9720	9728	9736	9744	9752	9760	9768	9776	9784	9792	9800	9808	9816	9824	9832	9840	9848	9856	9864	9872	9880	9888	9896	9904	9912	9920	9928	9936	9944	9952	9960	9968	9976	9984	9992	10000	10008	10016	10024	10032	10040	10048	10056	10064	10072	10080	10088	10096	10104	10112	10120	10128	10136	10144	10152	10160	10168	10176	10184	10192	10200	10208	10216	10224	10232	10240	10248	10256	10264	10272	10280	10288	10296	10304	10312	10320	10328	10336	10344	10352	10360	10368	10376	10384	10392	10400	10408	10416	10424	10432	10440	10448	10456	10464	10472	10480	10488	10496	10504	10512	10520	10528	10536	10544	10552	10560	10568	10576	10584	10592	10600	10608	10616	10624	10632	10640	10648	10656	10664	10672	10680	10688	10696	10704	10712	10720	10728	10736	10744	10752	10760	10768	10776	10784	10792	10800	10808	10816	10824	10832	10840	10848	10856	10864	10872	10880	10888	10896	10904	10912	10920	10928	10936	10944	10952	10960	10968	10976	10984	10992	11000	11008	11016	11024	11032	11040	11048	11056	11064	11072	11080	11088	11096	11104	11112	11120	11128	11136	11144	11152	11160	11168	11176	11184	11192	11200	11208	11216	11224	11232	11240	11248	11256	11264	11272	11280	11288	11296	11304	11312	11320	11328	11336	11344	11352	11360	11368	11376	11384	11392	11400	11408	11416	11424	11432	11440	11448	11456	11464	11472	11480	11488	11496	11504	11512	11520	11528	11536	11544	11552	11560	11568	11576	11584	11592	11600	11608	11616	11624	11632	11640	11648	11656	11664	11672	11680	11688	11696	11704	11712	11720	11728	11736	11744	11752	11760	11768	11776	11784	11792	11800	11808	11816	11824	11832	11840	11848	11856	11864	11872	11880	11888	11896	11904	11912	11920	11928	11936	11944	11952	11960	11968	11976	11984	11992	12000	12008	12016	12024	12032	12040	12048	12056	12064	12072	12080	12088	12096	12104	12112	12120	12128	12136	12144	12152	12160	12168	12176	12184	12192	12200	12208	12216	12224	12232	12240	12248	12256	12264	12272	12280	12288	12296	12304	12312	12320	12328	12336	12344	12352	12360	12368	12376	12384	12392	12400	12408	12416	12424	12432	12440	12448	12456	12464	12472	12480	12488	12496	12504	12512	12520	12528	12536	12544	12552	12560	12568	12576	12584	12592	12600	12608	12616	12624	12632	12640	12648	12656	12664	12672	12680	12688	12696	12704	12712	12720	12728	12736	12744	12752	12760	12768	12776	12784	12792	12800	12808	12816	12824	12832	12840	12848	12856	12864	12872	12880	12888	12896	12904	12912	12920	12928	12936	12944	12952	12960	12968	12976	12984	12992	13000	13008	13016	13024	13032	13040	13048	13056	13064	13072	13080	13088	13096	13104	13112	13120	13128	13136	13144	13152	13160	13168	13176	13184	13192	13200	13208	13216	13224	13232	13240	13248	13256	13264	13272	13280	13288	13296	13304	13312	13320	13328	13336	13344	13352	13360	13368	13376	13384	13392	13400	13408	13416	13424	13432	13440	13448	13456	13464	13472	13480	13488	13496	13504	13512	13520	13528	13536	13544	13552	13560	13568	13576	13584	13592	13600	13608	13616	13624	13632	13640	13648	13656	13664	13672	13680	13688	13696	13704	13712	13720	13728	13736	13744	13752	13760	13768	13776	13784	13792	13800	13808	13816	13824	13832	13840	13848	13856	13864	13872	13880	13888	13896	13904	13912	13920	13928	13936	13944	13952	13960	13968	13976	13984	13992	14000	14008	14016	14024	14032	14040	14048	14056	14064	14072	14080	14088	14096	14104	14112	14120	14128	14136	14144	14152	14160	14168	14176	14184	14192	14200	14208	14216	14224	14232	14240	14248	14256	14264	14272	14280	14288	14296	14304	14312	14320	14328	14336	14344	14352	14360	14368	14376	14384	14392	14400	14408	14416	14424	14432	14440	14448	14456	14464	14472	14480	14488	14496	14504	14512	14520	14528	14536	14544	14552	14560	14568	14576	14584	14592	14600	14608	14616	14624	14632	14640	14648	14656	14664	14672	14680	14688	14696	14704	14712	14720	14728	14736	14744	14752	14760	14768	14776	14784	14792	14800	14808	14816	14824	14832	14840	14848	14856	14864	14872	14880	14888	14896	14904	14912	14920	14928	14936	14944	14952	14960	14968	14976	14984	14992	15000	15008	15016	15024	15032	15040	15048	15056	15064	15072	15080	15088	15096	15104	15112	15120	15128	15136	15144	15152	15160	15168	15176	15184	15192	15200	15208	15216	15224	15232	15240	15248	15256	15264	15272	15280	15288	15296	15304	15312	15320	15328	15336	15344	15352	15360	15368	15376	15384	15392	15400	15408	15416	15424	15432	15440	15448	15456	15464	15472	15480	15488	15496	15504	15512	15520	15528	15536	15544	15552	15560	15568	15576	15584	15592	15600	15608	15616	15624	15632	15640	15648	15656	15664	15672	15680	
</DataArray>
<DataArray type="UInt8" Name="types" format="ascii">
11	11	11	11	11	11	11	11	11	11	11	11	11	11	11	11	11	11	11	11	11	11	11	11	11	11	11	11	11	11	11	11	11	11	11	11	11	11	11	11	11	11	11	11	11	11	11	11	11	11	11	11	11	11	11	11	11	11	11	11	11	11	11	11	11	11	11	11	11	11	11	11	11	11	11	11	11	11	11	11	11	11	11	11	11	11	11	11	11	11	11	11	11	11	11	11	11	11	11	11	11	11	11	11	11	11	11	11	11	11	11	11	11	11	11	11	11	11	11	11	11	11	11	11	11	11	11	11	11	11	11	11	11	11	11	11	11	11	11	11	11	11	11	11	11	11	11	11	11	11	11	11	11	11	11	11	11	11	11	11	11	11	11	11	11	11	11	11	11	11	11	11	11	11	11	11	11	11	11	11	11	11	11	11	11	11	11	11	11	11	11	11	11	11	11	11	11	11	11	11	11	11	11	11	11	11	11	11	11	11	11	11	11	11	11	11	11	11	11	11	11	11	11	11	11	11	11	11	11	11	11	11	11	11	11	11	11	11	11	11	11	11	11	11	11	11	11	11	11	11	11	11	11	11	11	11	11	11	11	11	11	11	11	11	11	11	11	11	11	11	11	11	11	11	11	11	11	11	11	11	11	11	11	11	11	11	11	11	11	11	11	11	11	11	11	11	11	11	11	11	11	11	11	11	11	11	11	11	11	11	11	11	11	11	11	11	11	11	11	11	11	11	11	11	11	11	11	11	11	11	11	11	11	11	11	11	11	11	11	11	11	11	11	11	11	11	11	11	11	11	11	11	11	11	11	11	11	11	11	11	11	11	11	11	11	11	11	11	11	11	11	11	11	11	11	11	11	11	11	11	11	11	11	11	11	11	11	11	11	11	11	11	11	11	11	11	11	11	11	11	11	11	11	11	11	11	11	11	11	11	11	11	11	11	11	11	11	11	11	11	11	11	11	11	11	11	11	11	11	11	11	11	11	11	11	11	11	11	11	11	11	11	11	11	11	11	11	11	11	11	11	11	11	11	11	11	11	11	11	11	11	11	11	11	11	11	11	11	11	11	11	11	11	11	11	11	11	11	11	11	11	11	11	11	11	11	11	11	11	11	11	11	11	11	11	11	11	11	11	11	11	11	11	11	11	11	11	11	11	11	11	11	11	11	11	11	11	11	11	11	11	11	11	11	11	11	11	11	11	11	11	11	11	11	11	11	11	11	11	11	11	11	11	11	11	11	11	11	11	11	11	11	11	11	11	11	11	11	11	11	11	11	11	11	11	11	11	11	11	11	11	11	11	11	11	11	11	11	11	11	11	11	11	11	11	11	11	11	11	11	11	11	11	11	11	11	11	11	11	11	11	11	11	11	11	11	11	11	11	11	11	11	11	11	11	11	11	11	11	11	11	11	11	11	11	11	11	11	11	11	11	11	11	11	11	11	11	11	11	11	11	11	11	11	11	11	11	11	11	11	11	11	11	11	11	11	11	11	11	11	11	11	11	11	11	11	11	11	11	11	11	11	11	11	11	11	11	11	11	11	11	11	11	11	11	11	11	11	11	11	11	11	11	11	11	11	11	11	11	11	11	11	11	11	11	11	11	11	11	11	11	11	11	11	11	11	11	11	11	11	11	11	11	11	11	11	11	11	11	11	11	11	11	11	11	11	11	11	11	11	11	11	11	11	11	11	11	11	11	11	11	11	11	11	11	11	11	11	11	11	11	11	11	11	11	11	11	11	11	11	11	11	11	11	11	11	11	11	11	11	11	11	11	11	11	11	11	11	11	11	11	11	11	11	11	11	11	11	11	11	11	11	11	11	11	11	11	11	11	11	11	11	11	11	11	11	11	11	11	11	11	11	11	11	11	11	11	11	11	11	11	11	11	11	11	11	11	11	11	11	11	11	11	11	11	11	11	11	11	11	11	11	11	11	11	11	11	11	11	11	11	11	11	11	11	11	11	11	11	11	11	11	11	11	11	11	11	11	11	11	11	11	11	11	11	11	11	11	11	11	11	11	11	11	11	11	11	11	11	11	11	11	11	11	11	11	11	11	11	11	11	11	11	11	11	11	11	11	11	11	11	11	11	11	11	11	11	11	11	11	11	11	11	11	11	11	11	11	11	11	11	11	11	11	11	11	11	11	11	11	11	11	11	11	11	11	11	11	11	11	11	11	11	11	11	11	11	11	11	11	11	11	11	11	11	11	11	11	11	11	11	11	11	11	11	11	11	11	11	11	11	11	11	11	11	11	11	11	11	11	11	11	11	11	11	11	11	11	11	11	11	11	11	11	11	11	11	11	11	11	11	11	11	11	11	11	11	11	11	11	11	11	11	11	11	11	11	11	11	11	11	11	11	11	11	11	11	11	11	11	11	11	11	11	11	11	11	11	11	11	11	11	11	11	11	11	11	11	11	11	11	11	11	11	11	11	11	11	11	11	11	11	11	11	11	11	11	11	11	11	11	11	11	11	11	11	11	11	11	11	11	11	11	11	11	11	11	11	11	11	11	11	11	11	11	11	11	11	11	11	11	11	11	11	11	11	11	11	11	11	11	11	11	11	11	11	11	11	11	11	11	11	11	11	11	11	11	11	11	11	11	11	11	11	11	11	11	11	11	11	11	11	11	11	11	11	11	11	11	11	11	11	11	11	11	11	11	11	11	11	11	11	11	11	11	11	11	11	11	11	11	11	11	11	11	11	11	11	11	11	11	11	11	11	11	11	11	11	11	11	11	11	11	11	11	11	11	11	11	11	11	11	11	11	11	11	11	11	11	11	11	11	11	11	11	11	11	11	11	11	11	11	11	11	11	11	11	11	11	11	11	11	11	11	11	11	11	11	11	11	11	11	11	11	11	11	11	11	11	11	11	11	11	11	11	11	11	11	11	11	11	11	11	11	11	11	11	11	11	11	11	11	11	11	11	11	11	11	11	11	11	11	11	11	11	11	11	11	11	11	11	11	11	11	11	11	11	11	11	11	11	11	11	11	11	11	11	11	11	11	11	11	11	11	11	11	11	11	11	11	11	11	11	11	11	11	11	11	11	11	11	11	11	11	11	11	11	11	11	11	11	11	11	11	11	11	11	11	11	11	11	11	11	11	11	11	11	11	11	11	11	11	11	11	11	11	11	11	11	11	11	11	11	11	11	11	11	11	11	11	11	11	11	11	11	11	11	11	11	11	11	11	11	11	11	11	11	11	11	11	11	11	11	11	11	11	11	11	11	11	11	11	11	11	11	11	11	11	11	11	11	11	11	11	11	11	11	11	11	11	11	11	11	11	11	11	11	11	11	11	11	11	11	11	11	11	11	11	11	11	11	11	11	11	11	11	11	11	11	11	11	11	11	11	11	11	11	11	11	11	11	11	11	11	11	11	11	11	11	11	11	11	11	11	11	11	11	11	11	11	11	11	11	11	11	11	11	11	11	11	11	11	11	11	11	11	11	11	11	11	11	11	11	11	11	11	11	11	11	11	11	11	11	11	11	11	11	11	11	11	11	11	11	11	11	11	11	11	11	11	11	11	11	11	11	11	11	11	11	11	11	11	11	11	11	11	11	11	11	11	11	11	11	11	11	11	11	11	11	11	11	11	11	11	11	11	11	11	11	11	11	11	11	11	11	11	11	11	11	11	11	11	11	11	11	11	11	11	11	11	11	11	11	11	11	11	11	11	11	11	11	11	11	11	11	11	11	11	11	11	11	11	11	11	11	11	11	11	11	11	11	11	11	11	11	11	11	11	11	11	11	11	11	11	11	11	11	11	11	11	11	11	11	11	11	11	11	11	11	11	11	11	11	11	11	11	11	11	11	11	11	11	11	11	11	11	11	11	11	11	11	11	11	11	11	11	11	11	11	11	11	11	11	11	11	11	11	11	11	11	11	11	11	11	11	11	11	11	11	11	11	11	11	11	11	11	11	11	11	11	11	11	11	11	11	11	11	11	11	11	11	11	11	11	11	11	11	11	11	11	11	11	11	11	11	11	11	11	11	11	11	11	11	11	11	11	11	11	11	11	11	11	11	11	11	11	11	11	11	11	11	11	11	11	11	11	11	11	11	11	11	11	11	11	11	11	11	11	11	11	11	11	11	11	11	11	11	11	11	11	11	11	11	11	11	11	11	11	11	11	11	11	11	11	11	11	11	11	11	11	11	11	11	11	11	11	11	11	11	11	11	11	11	11	11	11	11	11	11	11	11	11	11	11	11	11	11	11	11	11	11	11	11	11	11	11	11	11	11	11	11	11	11	11	11	11	11	11	11	11	11	11	11	11	11	11	11	11	11	11	11	11	11	11	11	11	11	11	11	11	11	11	11	11	11	11	11	11	11	11	11	11	11	11	11	11	11	11	11	11	11	11	11	11	11	11	11	11	11	11	11	11	11	11	11	11	11	11	11	11	11	11	11	11	11	11	11	11	11	11	</DataArray>
</Cells>
<CellData Scalars="scalars">
<DataArray type="Int32" Name="nodeid" format="ascii">1	2	3	4	5	6	7	8	9	10	11	12	13	14	15	16	17	18	19	20	21	22	23	24	25	26	257	258	261	262	264	263	259	265	266	273	274	276	275	269	270	272	271	277	278	285	286	288	287	281	282	284	283	289	290	297	298	300	299	293	294	296	295	301	302	309	310	312	311	305	306	308	307	313	314	316	315	33	34	317	321	325	326	328	327	329	330	332	331	323	333	337	338	340	339	341	342	344	343	335	319	353	354	356	355	357	358	360	359	365	366	368	367	361	362	364	363	373	374	376	375	377	378	380	379	385	386	388	387	381	382	384	383	413	414	416	415	417	418	420	419	425	426	428	427	421	422	424	423	393	394	396	395	397	398	400	399	405	406	408	407	401	402	404	403	437	438	440	439	441	442	444	443	449	450	452	451	445	446	448	447	457	458	460	459	461	462	464	463	469	470	472	471	465	466	468	467	497	498	500	499	501	502	504	503	509	510	512	511	505	506	508	507	477	478	480	479	481	482	484	483	489	490	492	491	485	486	488	487	521	522	524	523	525	526	528	527	533	534	536	535	529	530	532	531	541	542	544	543	545	546	548	547	553	554	556	555	549	550	552	551	581	582	584	583	585	586	588	587	593	594	596	595	589	590	592	591	561	562	564	563	565	566	568	567	573	574	576	575	569	570	572	571	605	606	608	607	609	610	612	611	617	618	620	619	613	614	616	615	625	626	628	627	629	630	632	631	637	638	640	639	633	634	636	635	665	666	668	667	669	670	672	671	677	678	680	679	673	674	676	675	645	646	648	647	649	650	652	651	657	658	660	659	653	654	656	655	685	686	688	687	682	684	689	690	692	691	41	42	693	697	701	702	704	703	700	699	696	695	713	714	716	715	717	718	720	719	712	711	725	726	728	727	729	730	732	731	724	723	708	707	741	742	744	743	745	746	748	747	740	739	753	754	756	755	757	758	760	759	752	751	736	735	769	770	772	771	773	774	776	775	768	767	781	782	784	783	785	786	788	787	780	779	764	763	797	798	800	799	801	802	804	803	796	795	809	810	812	811	813	814	816	815	808	807	792	791	821	822	824	823	818	820	819	49	50	51	52	53	54	55	56	57	58	59	60	61	62	63	64	65	66	67	68	69	70	71	72	73	74	75	76	77	78	79	80	81	82	83	84	85	86	87	88	89	90	825	826	829	830	832	831	827	833	834	841	842	844	843	837	838	840	839	845	846	853	854	856	855	849	850	852	851	857	858	865	866	868	867	861	862	864	863	869	870	877	878	880	879	873	874	876	875	881	882	884	883	97	98	885	889	893	894	896	895	897	898	900	899	891	901	905	906	908	907	909	910	912	911	903	887	921	922	924	923	925	926	928	927	933	934	936	935	929	930	932	931	941	942	944	943	945	946	948	947	953	954	956	955	949	950	952	951	981	982	984	983	985	986	988	987	993	994	996	995	989	990	992	991	961	962	964	963	965	966	968	967	973	974	976	975	969	970	972	971	1005	1006	1008	1007	1009	1010	1012	1011	1017	1018	1020	1019	1013	1014	1016	1015	1025	1026	1028	1027	1029	1030	1032	1031	1037	1038	1040	1039	1033	1034	1036	1035	1065	1066	1068	1067	1069	1070	1072	1071	1077	1078	1080	1079	1073	1074	1076	1075	1045	1046	1048	1047	1049	1050	1052	1051	1057	1058	1060	1059	1053	1054	1056	1055	1089	1090	1092	1091	1093	1094	1096	1095	1101	1102	1104	1103	1097	1098	1100	1099	1109	1110	1112	1111	1113	1114	1116	1115	1121	1122	1124	1123	1117	1118	1120	1119	1149	1150	1152	1151	1153	1154	1156	1155	1161	1162	1164	1163	1157	1158	1160	1159	1129	1130	1132	1131	1133	1134	1136	1135	1141	1142	1144	1143	1137	1138	1140	1139	1173	1174	1176	1175	1177	1178	1180	1179	1185	1186	1188	1187	1181	1182	1184	1183	1193	1194	1196	1195	1197	1198	1200	1199	1205	1206	1208	1207	1201	1202	1204	1203	1233	1234	1236	1235	1237	1238	1240	1239	1245	1246	1248	1247	1241	1242	1244	1243	1213	1214	1216	1215	1217	1218	1220	1219	1225	1226	1228	1227	1221	1222	1224	1223	1253	1254	1256	1255	1250	1252	1257	1258	1260	1259	105	106	1261	1265	1269	1270	1272	1271	1268	1267	1264	1263	1281	1282	1284	1283	1285	1286	1288	1287	1280	1279	1293	1294	1296	1295	1297	1298	1300	1299	1292	1291	1276	1275	1309	1310	1312	1311	1313	1314	1316	1315	1308	1307	1321	1322	1324	1323	1325	1326	1328	1327	1320	1319	1304	1303	1337	1338	1340	1339	1341	1342	1344	1343	1336	1335	1349	1350	1352	1351	1353	1354	1356	1355	1348	1347	1332	1331	1365	1366	1368	1367	1369	1370	1372	1371	1364	1363	1377	1378	1380	1379	1381	1382	1384	1383	1376	1375	1360	1359	1389	1390	1392	1391	1386	1388	1387	113	114	115	116	117	118	119	120	121	122	123	124	125	126	127	128	129	130	131	132	133	134	135	136	137	138	139	140	141	142	143	144	145	146	147	148	149	150	151	152	153	154	1393	1394	1397	1398	1400	1399	1395	1401	1402	1409	1410	1412	1411	1405	1406	1408	1407	1413	1414	1421	1422	1424	1423	1417	1418	1420	1419	1425	1426	1433	1434	1436	1435	1429	1430	1432	1431	1437	1438	1445	1446	1448	1447	1441	1442	1444	1443	1449	1450	1452	1451	161	162	1453	1457	1461	1462	1464	1463	1465	1466	1468	1467	1459	1469	1473	1474	1476	1475	1477	1478	1480	1479	1471	1455	1489	1490	1492	1491	1493	1494	1496	1495	1501	1502	1504	1503	1497	1498	1500	1499	1509	1510	1512	1511	1513	1514	1516	1515	1521	1522	1524	1523	1517	1518	1520	1519	1549	1550	1552	1551	1553	1554	1556	1555	1561	1562	1564	1563	1557	1558	1560	1559	1529	1530	1532	1531	1533	1534	1536	1535	1541	1542	1544	1543	1537	1538	1540	1539	1573	1574	1576	1575	1577	1578	1580	1579	1585	1586	1588	1587	1581	1582	1584	1583	1593	1594	1596	1595	1597	1598	1600	1599	1605	1606	1608	1607	1601	1602	1604	1603	1633	1634	1636	1635	1637	1638	1640	1639	1645	1646	1648	1647	1641	1642	1644	1643	1613	1614	1616	1615	1617	1618	1620	1619	1625	1626	1628	1627	1621	1622	1624	1623	1657	1658	1660	1659	1661	1662	1664	1663	1669	1670	1672	1671	1665	1666	1668	1667	1677	1678	1680	1679	1681	1682	1684	1683	1689	1690	1692	1691	1685	1686	1688	1687	1717	1718	1720	1719	1721	1722	1724	1723	1729	1730	1732	1731	1725	1726	1728	1727	1697	1698	1700	1699	1701	1702	1704	1703	1709	1710	1712	1711	1705	1706	1708	1707	1741	1742	1744	1743	1745	1746	1748	1747	1753	1754	1756	1755	1749	1750	1752	1751	1761	1762	1764	1763	1765	1766	1768	1767	1773	1774	1776	1775	1769	1770	1772	1771	1801	1802	1804	1803	1805	1806	1808	1807	1813	1814	1816	1815	1809	1810	1812	1811	1781	1782	1784	1783	1785	1786	1788	1787	1793	1794	1796	1795	1789	1790	1792	1791	1821	1822	1824	1823	1818	1820	1825	1826	1828	1827	169	170	1829	1833	1837	1838	1840	1839	1836	1835	1832	1831	1849	1850	1852	1851	1853	1854	1856	1855	1848	1847	1861	1862	1864	1863	1865	1866	1868	1867	1860	1859	1844	1843	1877	1878	1880	1879	1881	1882	1884	1883	1876	1875	1889	1890	1892	1891	1893	1894	1896	1895	1888	1887	1872	1871	1905	1906	1908	1907	1909	1910	1912	1911	1904	1903	1917	1918	1920	1919	1921	1922	1924	1923	1916	1915	1900	1899	1933	1934	1936	1935	1937	1938	1940	1939	1932	1931	1945	1946	1948	1947	1949	1950	1952	1951	1944	1943	1928	1927	1957	1958	1960	1959	1954	1956	1955	177	178	179	180	181	182	183	184	185	186	187	188	189	190	191	192	193	194	195	196	197	198	199	200	201	202	203	204	205	206	207	208	209	210	211	212	213	214	215	216	217	218	1961	1962	1965	1966	1968	1967	1963	1969	1970	1977	1978	1980	1979	1973	1974	1976	1975	1981	1982	1989	1990	1992	1991	1985	1986	1988	1987	1993	1994	2001	2002	2004	2003	1997	1998	2000	1999	2005	2006	2013	2014	2016	2015	2009	2010	2012	2011	2017	2018	2020	2019	225	226	2021	2025	2029	2030	2032	2031	2033	2034	2036	2035	2027	2037	2041	2042	2044	2043	2045	2046	2048	2047	2039	2023	2057	2058	2060	2059	2061	2062	2064	2063	2069	2070	2072	2071	2065	2066	2068	2067	2077	2078	2080	2079	2081	2082	2084	2083	2089	2090	2092	2091	2085	2086	2088	2087	2117	2118	2120	2119	2121	2122	2124	2123	2129	2130	2132	2131	2125	2126	2128	2127	2097	2098	2100	2099	2101	2102	2104	2103	2109	2110	2112	2111	2105	2106	2108	2107	2141	2142	2144	2143	2145	2146	2148	2147	2153	2154	2156	2155	2149	2150	2152	2151	2161	2162	2164	2163	2165	2166	2168	2167	2173	2174	2176	2175	2169	2170	2172	2171	2201	2202	2204	2203	2205	2206	2208	2207	2213	2214	2216	2215	2209	2210	2212	2211	2181	2182	2184	2183	2185	2186	2188	2187	2193	2194	2196	2195	2189	2190	2192	2191	2225	2226	2228	2227	2229	2230	2232	2231	2237	2238	2240	2239	2233	2234	2236	2235	2245	2246	2248	2247	2249	2250	2252	2251	2257	2258	2260	2259	2253	2254	2256	2255	2285	2286	2288	2287	2289	2290	2292	2291	2297	2298	2300	2299	2293	2294	2296	2295	2265	2266	2268	2267	2269	2270	2272	2271	2277	2278	2280	2279	2273	2274	2276	2275	2309	2310	2312	2311	2313	2314	2316	2315	2321	2322	2324	2323	2317	2318	2320	2319	2329	2330	2332	2331	2333	2334	2336	2335	2341	2342	2344	2343	2337	2338	2340	2339	2369	2370	2372	2371	2373	2374	2376	2375	2381	2382	2384	2383	2377	2378	2380	2379	2349	2350	2352	2351	2353	2354	2356	2355	2361	2362	2364	2363	2357	2358	2360	2359	2389	2390	2392	2391	2386	2388	2393	2394	2396	2395	233	234	2397	2401	2405	2406	2408	2407	2404	2403	2400	2399	2417	2418	2420	2419	2421	2422	2424	2423	2416	2415	2429	2430	2432	2431	2433	2434	2436	2435	2428	2427	2412	2411	2445	2446	2448	2447	2449	2450	2452	2451	2444	2443	2457	2458	2460	2459	2461	2462	2464	2463	2456	2455	2440	2439	2473	2474	2476	2475	2477	2478	2480	2479	2472	2471	2485	2486	2488	2487	2489	2490	2492	2491	2484	2483	2468	2467	2501	2502	2504	2503	2505	2506	2508	2507	2500	2499	2513	2514	2516	2515	2517	2518	2520	2519	2512	2511	2496	2495	2525	2526	2528	2527	2522	2524	2523	241	242	243	244	245	246	247	248	249	250	251	252	253	254	255	256	</DataArray>
<DataArray type="Int32" Name="nodenumber" format="ascii">1	2	3	4	5	6	7	8	9	10	11	12	13	14	15	16	17	18	19	20	21	22	23	24	25	26	27	28	30	31	33	32	29	34	35	40	41	43	42	36	37	39	38	44	45	50	51	53	52	46	47	49	48	54	55	60	61	63	62	56	57	59	58	64	65	70	71	73	72	66	67	69	68	74	75	77	76	78	79	80	81	82	83	85	84	87	88	90	89	86	92	93	94	96	95	98	99	101	100	97	91	102	103	105	104	106	107	109	108	114	115	117	116	110	111	113	112	118	119	121	120	122	123	125	124	130	131	133	132	126	127	129	128	150	151	153	152	154	155	157	156	162	163	165	164	158	159	161	160	134	135	137	136	138	139	141	140	146	147	149	148	142	143	145	144	166	167	169	168	170	171	173	172	178	179	181	180	174	175	177	176	182	183	185	184	186	187	189	188	194	195	197	196	190	191	193	192	214	215	217	216	218	219	221	220	226	227	229	228	222	223	225	224	198	199	201	200	202	203	205	204	210	211	213	212	206	207	209	208	230	231	233	232	234	235	237	236	242	243	245	244	238	239	241	240	246	247	249	248	250	251	253	252	258	259	261	260	254	255	257	256	278	279	281	280	282	283	285	284	290	291	293	292	286	287	289	288	262	263	265	264	266	267	269	268	274	275	277	276	270	271	273	272	294	295	297	296	298	299	301	300	306	307	309	308	302	303	305	304	310	311	313	312	314	315	317	316	322	323	325	324	318	319	321	320	342	343	345	344	346	347	349	348	354	355	357	356	350	351	353	352	326	327	329	328	330	331	333	332	338	339	341	340	334	335	337	336	358	359	361	360	362	367	363	364	366	365	368	369	370	371	372	373	375	374	377	376	379	378	380	381	383	382	384	385	387	386	389	388	390	391	393	392	394	395	397	396	399	398	401	400	402	403	405	404	406	407	409	408	411	410	412	413	415	414	416	417	419	418	421	420	423	422	424	425	427	426	428	429	431	430	433	432	434	435	437	436	438	439	441	440	443	442	445	444	446	447	449	448	450	451	453	452	455	454	456	457	459	458	460	461	463	462	465	464	467	466	468	469	471	470	472	474	473	475	476	477	478	479	480	481	482	483	484	485	486	487	488	489	490	491	492	493	494	495	496	497	498	499	500	501	502	503	504	505	506	507	508	509	510	511	512	513	514	515	516	517	518	520	521	523	522	519	524	525	530	531	533	532	526	527	529	528	534	535	540	541	543	542	536	537	539	538	544	545	550	551	553	552	546	547	549	548	554	555	560	561	563	562	556	557	559	558	564	565	567	566	568	569	570	571	572	573	575	574	577	578	580	579	576	582	583	584	586	585	588	589	591	590	587	581	592	593	595	594	596	597	599	598	604	605	607	606	600	601	603	602	608	609	611	610	612	613	615	614	620	621	623	622	616	617	619	618	640	641	643	642	644	645	647	646	652	653	655	654	648	649	651	650	624	625	627	626	628	629	631	630	636	637	639	638	632	633	635	634	656	657	659	658	660	661	663	662	668	669	671	670	664	665	667	666	672	673	675	674	676	677	679	678	684	685	687	686	680	681	683	682	704	705	707	706	708	709	711	710	716	717	719	718	712	713	715	714	688	689	691	690	692	693	695	694	700	701	703	702	696	697	699	698	720	721	723	722	724	725	727	726	732	733	735	734	728	729	731	730	736	737	739	738	740	741	743	742	748	749	751	750	744	745	747	746	768	769	771	770	772	773	775	774	780	781	783	782	776	777	779	778	752	753	755	754	756	757	759	758	764	765	767	766	760	761	763	762	784	785	787	786	788	789	791	790	796	797	799	798	792	793	795	794	800	801	803	802	804	805	807	806	812	813	815	814	808	809	811	810	832	833	835	834	836	837	839	838	844	845	847	846	840	841	843	842	816	817	819	818	820	821	823	822	828	829	831	830	824	825	827	826	848	849	851	850	852	857	853	854	856	855	858	859	860	861	862	863	865	864	867	866	869	868	870	871	873	872	874	875	877	876	879	878	880	881	883	882	884	885	887	886	889	888	891	890	892	893	895	894	896	897	899	898	901	900	902	903	905	904	906	907	909	908	911	910	913	912	914	915	917	916	918	919	921	920	923	922	924	925	927	926	928	929	931	930	933	932	935	934	936	937	939	938	940	941	943	942	945	944	946	947	949	948	950	951	953	952	955	954	957	956	958	959	961	960	962	964	963	965	966	967	968	969	970	971	972	973	974	975	976	977	978	979	980	981	982	983	984	985	986	987	988	989	990	991	992	993	994	995	996	997	998	999	1000	1001	1002	1003	1004	1005	1006	1007	1008	1010	1011	1013	1012	1009	1014	1015	1020	1021	1023	1022	1016	1017	1019	1018	1024	1025	1030	1031	1033	1032	1026	1027	1029	1028	1034	1035	1040	1041	1043	1042	1036	1037	1039	1038	1044	1045	1050	1051	1053	1052	1046	1047	1049	1048	1054	1055	1057	1056	1058	1059	1060	1061	1062	1063	1065	1064	1067	1068	1070	1069	1066	1072	1073	1074	1076	1075	1078	1079	1081	1080	1077	1071	1082	1083	1085	1084	1086	1087	1089	1088	1094	1095	1097	1096	1090	1091	1093	1092	1098	1099	1101	1100	1102	1103	1105	1104	1110	1111	1113	1112	1106	1107	1109	1108	1130	1131	1133	1132	1134	1135	1137	1136	1142	1143	1145	1144	1138	1139	1141	1140	1114	1115	1117	1116	1118	1119	1121	1120	1126	1127	1129	1128	1122	1123	1125	1124	1146	1147	1149	1148	1150	1151	1153	1152	1158	1159	1161	1160	1154	1155	1157	1156	1162	1163	1165	1164	1166	1167	1169	1168	1174	1175	1177	1176	1170	1171	1173	1172	1194	1195	1197	1196	1198	1199	1201	1200	1206	1207	1209	1208	1202	1203	1205	1204	1178	1179	1181	1180	1182	1183	1185	1184	1190	1191	1193	1192	1186	1187	1189	1188	1210	1211	1213	1212	1214	1215	1217	1216	1222	1223	1225	1224	1218	1219	1221	1220	1226	1227	1229	1228	1230	1231	1233	1232	1238	1239	1241	1240	1234	1235	1237	1236	1258	1259	1261	1260	1262	1263	1265	1264	1270	1271	1273	1272	1266	1267	1269	1268	1242	1243	1245	1244	1246	1247	1249	1248	1254	1255	1257	1256	1250	1251	1253	1252	1274	1275	1277	1276	1278	1279	1281	1280	1286	1287	1289	1288	1282	1283	1285	1284	1290	1291	1293	1292	1294	1295	1297	1296	1302	1303	1305	1304	1298	1299	1301	1300	1322	1323	1325	1324	1326	1327	1329	1328	1334	1335	1337	1336	1330	1331	1333	1332	1306	1307	1309	1308	1310	1311	1313	1312	1318	1319	1321	1320	1314	1315	1317	1316	1338	1339	1341	1340	1342	1347	1343	1344	1346	1345	1348	1349	1350	1351	1352	1353	1355	1354	1357	1356	1359	1358	1360	1361	1363	1362	1364	1365	1367	1366	1369	1368	1370	1371	1373	1372	1374	1375	1377	1376	1379	1378	1381	1380	1382	1383	1385	1384	1386	1387	1389	1388	1391	1390	1392	1393	1395	1394	1396	1397	1399	1398	1401	1400	1403	1402	1404	1405	1407	1406	1408	1409	1411	1410	1413	1412	1414	1415	1417	1416	1418	1419	1421	1420	1423	1422	1425	1424	1426	1427	1429	1428	1430	1431	1433	1432	1435	1434	1436	1437	1439	1438	1440	1441	1443	1442	1445	1444	1447	1446	1448	1449	1451	1450	1452	1454	1453	1455	1456	1457	1458	1459	1460	1461	1462	1463	1464	1465	1466	1467	1468	1469	1470	1471	1472	1473	1474	1475	1476	1477	1478	1479	1480	1481	1482	1483	1484	1485	1486	1487	1488	1489	1490	1491	1492	1493	1494	1495	1496	1497	1498	1500	1501	1503	1502	1499	1504	1505	1510	1511	1513	1512	1506	1507	1509	1508	1514	1515	1520	1521	1523	1522	1516	1517	1519	1518	1524	1525	1530	1531	1533	1532	1526	1527	1529	1528	1534	1535	1540	1541	1543	1542	1536	1537	1539	1538	1544	1545	1547	1546	1548	1549	1550	1551	1552	1553	1555	1554	1557	1558	1560	1559	1556	1562	1563	1564	1566	1565	1568	1569	1571	1570	1567	1561	1572	1573	1575	1574	1576	1577	1579	1578	1584	1585	1587	1586	1580	1581	1583	1582	1588	1589	1591	1590	1592	1593	1595	1594	1600	1601	1603	1602	1596	1597	1599	1598	1620	1621	1623	1622	1624	1625	1627	1626	1632	1633	1635	1634	1628	1629	1631	1630	1604	1605	1607	1606	1608	1609	1611	1610	1616	1617	1619	1618	1612	1613	1615	1614	1636	1637	1639	1638	1640	1641	1643	1642	1648	1649	1651	1650	1644	1645	1647	1646	1652	1653	1655	1654	1656	1657	1659	1658	1664	1665	1667	1666	1660	1661	1663	1662	1684	1685	1687	1686	1688	1689	1691	1690	1696	1697	1699	1698	1692	1693	1695	1694	1668	1669	1671	1670	1672	1673	1675	1674	1680	1681	1683	1682	1676	1677	1679	1678	1700	1701	1703	1702	1704	1705	1707	1706	1712	1713	1715	1714	1708	1709	1711	1710	1716	1717	1719	1718	1720	1721	1723	1722	1728	1729	1731	1730	1724	1725	1727	1726	1748	1749	1751	1750	1752	1753	1755	1754	1760	1761	1763	1762	1756	1757	1759	1758	1732	1733	1735	1734	1736	1737	1739	1738	1744	1745	1747	1746	1740	1741	1743	1742	1764	1765	1767	1766	1768	1769	1771	1770	1776	1777	1779	1778	1772	1773	1775	1774	1780	1781	1783	1782	1784	1785	1787	1786	1792	1793	1795	1794	1788	1789	1791	1790	1812	1813	1815	1814	1816	1817	1819	1818	1824	1825	1827	1826	1820	1821	1823	1822	1796	1797	1799	1798	1800	1801	1803	1802	1808	1809	1811	1810	1804	1805	1807	1806	1828	1829	1831	1830	1832	1837	1833	1834	1836	1835	1838	1839	1840	1841	1842	1843	1845	1844	1847	1846	1849	1848	1850	1851	1853	1852	1854	1855	1857	1856	1859	1858	1860	1861	1863	1862	1864	1865	1867	1866	1869	1868	1871	1870	1872	1873	1875	1874	1876	1877	1879	1878	1881	1880	1882	1883	1885	1884	1886	1887	1889	1888	1891	1890	1893	1892	1894	1895	1897	1896	1898	1899	1901	1900	1903	1902	1904	1905	1907	1906	1908	1909	1911	1910	1913	1912	1915	1914	1916	1917	1919	1918	1920	1921	1923	1922	1925	1924	1926	1927	1929	1928	1930	1931	1933	1932	1935	1934	1937	1936	1938	1939	1941	1940	1942	1944	1943	1945	1946	1947	1948	1949	1950	1951	1952	1953	1954	1955	1956	1957	1958	1959	1960	</DataArray>
<DataArray type="Int32" Name="layer" format="ascii">1	1	1	1	1	1	1	1	1	1	1	1	1	1	1	1	1	1	1	1	1	1	1	1	1	1	1	1	1	1	1	1	1	1	1	1	1	1	1	1	1	1	1	1	1	1	1	1	1	1	1	1	1	1	1	1	1	1	1	1	1	1	1	1	1	1	1	1	1	1	1	1	1	1	1	1	1	1	1	1	1	1	1	1	1	1	1	1	1	1	1	1	1	1	1	1	1	1	1	1	1	1	1	1	1	1	1	1	1	1	1	1	1	1	1	1	1	1	1	1	1	1	1	1	1	1	1	1	1	1	1	1	1	1	1	1	1	1	1	1	1	1	1	1	1	1	1	1	1	1	1	1	1	1	1	1	1	1	1	1	1	1	1	1	1	1	1	1	1	1	1	1	1	1	1	1	1	1	1	1	1	1	1	1	1	1	1	1	1	1	1	1	1	1	1	1	1	1	1	1	1	1	1	1	1	1	1	1	1	1	1	1	1	1	1	1	1	1	1	1	1	1	1	1	1	1	1	1	1	1	1	1	1	1	1	1	1	1	1	1	1	1	1	1	1	1	1	1	1	1	1	1	1	1	1	1	1	1	1	1	1	1	1	1	1	1	1	1	1	1	1	1	1	1	1	1	1	1	1	1	1	1	1	1	1	1	1	1	1	1	1	1	1	1	1	1	1	1	1	1	1	1	1	1	1	1	1	1	1	1	1	1	1	1	1	1	1	1	1	1	1	1	1	1	1	1	1	1	1	1	1	1	1	1	1	1	1	1	1	1	1	1	1	1	1	1	1	1	1	1	1	1	1	1	1	1	1	1	1	1	1	1	1	1	1	1	1	1	1	1	1	1	1	1	1	1	1	1	1	1	1	1	1	1	1	1	1	1	1	1	1	1	1	1	1	1	1	1	1	1	1	1	1	1	1	1	1	1	1	1	1	1	1	1	1	1	1	1	1	1	1	1	1	1	1	1	1	1	1	1	1	1	1	1	1	1	1	1	1	1	1	1	1	1	1	1	1	1	1	1	1	1	1	1	1	1	1	1	1	1	1	1	1	1	1	1	1	1	1	1	1	1	1	1	1	1	1	1	1	1	1	1	1	1	1	1	1	1	1	1	2	2	2	2	2	2	2	2	2	2	2	2	2	2	2	2	2	2	2	2	2	2	2	2	2	2	2	2	2	2	2	2	2	2	2	2	2	2	2	2	2	2	2	2	2	2	2	2	2	2	2	2	2	2	2	2	2	2	2	2	2	2	2	2	2	2	2	2	2	2	2	2	2	2	2	2	2	2	2	2	2	2	2	2	2	2	2	2	2	2	2	2	2	2	2	2	2	2	2	2	2	2	2	2	2	2	2	2	2	2	2	2	2	2	2	2	2	2	2	2	2	2	2	2	2	2	2	2	2	2	2	2	2	2	2	2	2	2	2	2	2	2	2	2	2	2	2	2	2	2	2	2	2	2	2	2	2	2	2	2	2	2	2	2	2	2	2	2	2	2	2	2	2	2	2	2	2	2	2	2	2	2	2	2	2	2	2	2	2	2	2	2	2	2	2	2	2	2	2	2	2	2	2	2	2	2	2	2	2	2	2	2	2	2	2	2	2	2	2	2	2	2	2	2	2	2	2	2	2	2	2	2	2	2	2	2	2	2	2	2	2	2	2	2	2	2	2	2	2	2	2	2	2	2	2	2	2	2	2	2	2	2	2	2	2	2	2	2	2	2	2	2	2	2	2	2	2	2	2	2	2	2	2	2	2	2	2	2	2	2	2	2	2	2	2	2	2	2	2	2	2	2	2	2	2	2	2	2	2	2	2	2	2	2	2	2	2	2	2	2	2	2	2	2	2	2	2	2	2	2	2	2	2	2	2	2	2	2	2	2	2	2	2	2	2	2	2	2	2	2	2	2	2	2	2	2	2	2	2	2	2	2	2	2	2	2	2	2	2	2	2	2	2	2	2	2	2	2	2	2	2	2	2	2	2	2	2	2	2	2	2	2	2	2	2	2	2	2	2	2	2	2	2	2	2	2	2	2	2	2	2	2	2	2	2	2	2	2	2	2	2	2	2	2	2	2	2	2	2	2	2	2	2	2	2	2	2	2	2	2	2	2	2	2	2	2	2	2	2	2	2	2	2	2	2	2	2	2	2	2	2	2	2	2	2	2	2	2	2	2	2	2	2	2	2	2	2	2	2	2	2	2	2	2	2	2	2	2	2	2	3	3	3	3	3	3	3	3	3	3	3	3	3	3	3	3	3	3	3	3	3	3	3	3	3	3	3	3	3	3	3	3	3	3	3	3	3	3	3	3	3	3	3	3	3	3	3	3	3	3	3	3	3	3	3	3	3	3	3	3	3	3	3	3	3	3	3	3	3	3	3	3	3	3	3	3	3	3	3	3	3	3	3	3	3	3	3	3	3	3	3	3	3	3	3	3	3	3	3	3	3	3	3	3	3	3	3	3	3	3	3	3	3	3	3	3	3	3	3	3	3	3	3	3	3	3	3	3	3	3	3	3	3	3	3	3	3	3	3	3	3	3	3	3	3	3	3	3	3	3	3	3	3	3	3	3	3	3	3	3	3	3	3	3	3	3	3	3	3	3	3	3	3	3	3	3	3	3	3	3	3	3	3	3	3	3	3	3	3	3	3	3	3	3	3	3	3	3	3	3	3	3	3	3	3	3	3	3	3	3	3	3	3	3	3	3	3	3	3	3	3	3	3	3	3	3	3	3	3	3	3	3	3	3	3	3	3	3	3	3	3	3	3	3	3	3	3	3	3	3	3	3	3	3	3	3	3	3	3	3	3	3	3	3	3	3	3	3	3	3	3	3	3	3	3	3	3	3	3	3	3	3	3	3	3	3	3	3	3	3	3	3	3	3	3	3	3	3	3	3	3	3	3	3	3	3	3	3	3	3	3	3	3	3	3	3	3	3	3	3	3	3	3	3	3	3	3	3	3	3	3	3	3	3	3	3	3	3	3	3	3	3	3	3	3	3	3	3	3	3	3	3	3	3	3	3	3	3	3	3	3	3	3	3	3	3	3	3	3	3	3	3	3	3	3	3	3	3	3	3	3	3	3	3	3	3	3	3	3	3	3	3	3	3	3	3	3	3	3	3	3	3	3	3	3	3	3	3	3	3	3	3	3	3	3	3	3	3	3	3	3	3	3	3	3	3	3	3	3	3	3	3	3	3	3	3	3	3	3	3	3	3	3	3	3	3	3	3	3	3	3	3	3	3	3	3	3	3	3	3	3	3	3	3	3	3	3	3	3	3	3	3	3	3	3	3	3	3	3	3	3	3	3	3	3	3	3	3	3	3	4	4	4	4	4	4	4	4	4	4	4	4	4	4	4	4	4	4	4	4	4	4	4	4	4	4	4	4	4	4	4	4	4	4	4	4	4	4	4	4	4	4	4	4	4	4	4	4	4	4	4	4	4	4	4	4	4	4	4	4	4	4	4	4	4	4	4	4	4	4	4	4	4	4	4	4	4	4	4	4	4	4	4	4	4	4	4	4	4	4	4	4	4	4	4	4	4	4	4	4	4	4	4	4	4	4	4	4	4	4	4	4	4	4	4	4	4	4	4	4	4	4	4	4	4	4	4	4	4	4	4	4	4	4	4	4	4	4	4	4	4	4	4	4	4	4	4	4	4	4	4	4	4	4	4	4	4	4	4	4	4	4	4	4	4	4	4	4	4	4	4	4	4	4	4	4	4	4	4	4	4	4	4	4	4	4	4	4	4	4	4	4	4	4	4	4	4	4	4	4	4	4	4	4	4	4	4	4	4	4	4	4	4	4	4	4	4	4	4	4	4	4	4	4	4	4	4	4	4	4	4	4	4	4	4	4	4	4	4	4	4	4	4	4	4	4	4	4	4	4	4	4	4	4	4	4	4	4	4	4	4	4	4	4	4	4	4	4	4	4	4	4	4	4	4	4	4	4	4	4	4	4	4	4	4	4	4	4	4	4	4	4	4	4	4	4	4	4	4	4	4	4	4	4	4	4	4	4	4	4	4	4	4	4	4	4	4	4	4	4	4	4	4	4	4	4	4	4	4	4	4	4	4	4	4	4	4	4	4	4	4	4	4	4	4	4	4	4	4	4	4	4	4	4	4	4	4	4	4	4	4	4	4	4	4	4	4	4	4	4	4	4	4	4	4	4	4	4	4	4	4	4	4	4	4	4	4	4	4	4	4	4	4	4	4	4	4	4	4	4	4	4	4	4	4	4	4	4	4	4	4	4	4	4	4	4	4	4	4	4	4	4	4	4	4	4	4	4	4	4	4	4	4	4	4	4	4	4	4	4	4	4	4	4	4	4	4	4	4	4	4	4	4	4	4	4	4	4	4	4	4	4	4	4	4	4	4	4	4	4	4	4	4	4	4	4	4	4	4	4	4	4	4	4	4	4	4	4	4	4	</DataArray>
<DataArray type="Int32" Name="row" format="ascii">1	1	1	1	1	1	1	1	2	2	2	2	2	2	2	2	3	3	3	3	3	3	3	3	4	4	4	4	4	4	4	4	4	4	4	4	4	4	4	4	4	4	4	4	4	4	4	4	4	4	4	4	4	4	4	4	4	4	4	4	4	4	4	4	4	4	4	4	4	4	4	4	4	4	4	4	4	5	5	5	5	5	5	5	5	5	5	5	5	5	5	5	5	5	5	5	5	5	5	5	5	5	5	5	5	5	5	5	5	5	5	5	5	5	5	5	5	5	5	5	5	5	5	5	5	5	5	5	5	5	5	5	5	5	5	5	5	5	5	5	5	5	5	5	5	5	5	5	5	5	5	5	5	5	5	5	5	5	5	5	5	5	5	5	5	5	5	5	5	5	5	5	5	5	5	5	5	5	5	5	5	5	5	5	5	5	5	5	5	5	5	5	5	5	5	5	5	5	5	5	5	5	5	5	5	5	5	5	5	5	5	5	5	5	5	5	5	5	5	5	5	5	5	5	5	5	5	5	5	5	5	5	5	5	5	5	5	5	5	5	5	5	5	5	5	5	5	5	5	5	5	5	5	5	5	5	5	5	5	5	5	5	5	5	5	5	5	5	5	5	5	5	5	5	5	5	5	5	5	5	5	5	5	5	5	5	5	5	5	5	5	5	5	5	5	5	5	5	5	5	5	5	5	5	5	5	5	5	5	5	5	5	5	5	5	5	5	5	5	5	5	5	5	5	5	5	5	5	5	5	5	5	5	5	5	5	5	5	5	5	5	5	5	5	5	5	5	5	5	5	5	5	5	5	5	5	5	5	5	5	5	5	5	5	5	5	5	6	6	6	6	6	6	6	6	6	6	6	6	6	6	6	6	6	6	6	6	6	6	6	6	6	6	6	6	6	6	6	6	6	6	6	6	6	6	6	6	6	6	6	6	6	6	6	6	6	6	6	6	6	6	6	6	6	6	6	6	6	6	6	6	6	6	6	6	6	6	6	6	6	6	6	6	6	6	6	6	6	6	6	6	6	6	6	6	6	6	6	6	6	6	6	6	6	6	6	6	6	6	6	6	6	6	6	7	7	7	7	7	7	7	7	8	8	8	8	8	8	8	8	1	1	1	1	1	1	1	1	2	2	2	2	2	2	2	2	3	3	3	3	3	3	3	3	4	4	4	4	4	4	4	4	4	4	4	4	4	4	4	4	4	4	4	4	4	4	4	4	4	4	4	4	4	4	4	4	4	4	4	4	4	4	4	4	4	4	4	4	4	4	4	4	4	4	4	4	4	5	5	5	5	5	5	5	5	5	5	5	5	5	5	5	5	5	5	5	5	5	5	5	5	5	5	5	5	5	5	5	5	5	5	5	5	5	5	5	5	5	5	5	5	5	5	5	5	5	5	5	5	5	5	5	5	5	5	5	5	5	5	5	5	5	5	5	5	5	5	5	5	5	5	5	5	5	5	5	5	5	5	5	5	5	5	5	5	5	5	5	5	5	5	5	5	5	5	5	5	5	5	5	5	5	5	5	5	5	5	5	5	5	5	5	5	5	5	5	5	5	5	5	5	5	5	5	5	5	5	5	5	5	5	5	5	5	5	5	5	5	5	5	5	5	5	5	5	5	5	5	5	5	5	5	5	5	5	5	5	5	5	5	5	5	5	5	5	5	5	5	5	5	5	5	5	5	5	5	5	5	5	5	5	5	5	5	5	5	5	5	5	5	5	5	5	5	5	5	5	5	5	5	5	5	5	5	5	5	5	5	5	5	5	5	5	5	5	5	5	5	5	5	5	5	5	5	5	5	5	5	5	5	5	5	5	5	5	5	5	5	5	5	5	5	5	5	5	5	5	5	5	5	5	5	5	5	5	5	5	5	5	5	5	5	5	5	5	5	5	5	5	5	5	5	5	5	5	5	5	5	5	5	5	5	5	5	5	5	5	6	6	6	6	6	6	6	6	6	6	6	6	6	6	6	6	6	6	6	6	6	6	6	6	6	6	6	6	6	6	6	6	6	6	6	6	6	6	6	6	6	6	6	6	6	6	6	6	6	6	6	6	6	6	6	6	6	6	6	6	6	6	6	6	6	6	6	6	6	6	6	6	6	6	6	6	6	6	6	6	6	6	6	6	6	6	6	6	6	6	6	6	6	6	6	6	6	6	6	6	6	6	6	6	6	6	6	7	7	7	7	7	7	7	7	8	8	8	8	8	8	8	8	1	1	1	1	1	1	1	1	2	2	2	2	2	2	2	2	3	3	3	3	3	3	3	3	4	4	4	4	4	4	4	4	4	4	4	4	4	4	4	4	4	4	4	4	4	4	4	4	4	4	4	4	4	4	4	4	4	4	4	4	4	4	4	4	4	4	4	4	4	4	4	4	4	4	4	4	4	5	5	5	5	5	5	5	5	5	5	5	5	5	5	5	5	5	5	5	5	5	5	5	5	5	5	5	5	5	5	5	5	5	5	5	5	5	5	5	5	5	5	5	5	5	5	5	5	5	5	5	5	5	5	5	5	5	5	5	5	5	5	5	5	5	5	5	5	5	5	5	5	5	5	5	5	5	5	5	5	5	5	5	5	5	5	5	5	5	5	5	5	5	5	5	5	5	5	5	5	5	5	5	5	5	5	5	5	5	5	5	5	5	5	5	5	5	5	5	5	5	5	5	5	5	5	5	5	5	5	5	5	5	5	5	5	5	5	5	5	5	5	5	5	5	5	5	5	5	5	5	5	5	5	5	5	5	5	5	5	5	5	5	5	5	5	5	5	5	5	5	5	5	5	5	5	5	5	5	5	5	5	5	5	5	5	5	5	5	5	5	5	5	5	5	5	5	5	5	5	5	5	5	5	5	5	5	5	5	5	5	5	5	5	5	5	5	5	5	5	5	5	5	5	5	5	5	5	5	5	5	5	5	5	5	5	5	5	5	5	5	5	5	5	5	5	5	5	5	5	5	5	5	5	5	5	5	5	5	5	5	5	5	5	5	5	5	5	5	5	5	5	5	5	5	5	5	5	5	5	5	5	5	5	5	5	5	5	5	5	6	6	6	6	6	6	6	6	6	6	6	6	6	6	6	6	6	6	6	6	6	6	6	6	6	6	6	6	6	6	6	6	6	6	6	6	6	6	6	6	6	6	6	6	6	6	6	6	6	6	6	6	6	6	6	6	6	6	6	6	6	6	6	6	6	6	6	6	6	6	6	6	6	6	6	6	6	6	6	6	6	6	6	6	6	6	6	6	6	6	6	6	6	6	6	6	6	6	6	6	6	6	6	6	6	6	6	7	7	7	7	7	7	7	7	8	8	8	8	8	8	8	8	1	1	1	1	1	1	1	1	2	2	2	2	2	2	2	2	3	3	3	3	3	3	3	3	4	4	4	4	4	4	4	4	4	4	4	4	4	4	4	4	4	4	4	4	4	4	4	4	4	4	4	4	4	4	4	4	4	4	4	4	4	4	4	4	4	4	4	4	4	4	4	4	4	4	4	4	4	5	5	5	5	5	5	5	5	5	5	5	5	5	5	5	5	5	5	5	5	5	5	5	5	5	5	5	5	5	5	5	5	5	5	5	5	5	5	5	5	5	5	5	5	5	5	5	5	5	5	5	5	5	5	5	5	5	5	5	5	5	5	5	5	5	5	5	5	5	5	5	5	5	5	5	5	5	5	5	5	5	5	5	5	5	5	5	5	5	5	5	5	5	5	5	5	5	5	5	5	5	5	5	5	5	5	5	5	5	5	5	5	5	5	5	5	5	5	5	5	5	5	5	5	5	5	5	5	5	5	5	5	5	5	5	5	5	5	5	5	5	5	5	5	5	5	5	5	5	5	5	5	5	5	5	5	5	5	5	5	5	5	5	5	5	5	5	5	5	5	5	5	5	5	5	5	5	5	5	5	5	5	5	5	5	5	5	5	5	5	5	5	5	5	5	5	5	5	5	5	5	5	5	5	5	5	5	5	5	5	5	5	5	5	5	5	5	5	5	5	5	5	5	5	5	5	5	5	5	5	5	5	5	5	5	5	5	5	5	5	5	5	5	5	5	5	5	5	5	5	5	5	5	5	5	5	5	5	5	5	5	5	5	5	5	5	5	5	5	5	5	5	5	5	5	5	5	5	5	5	5	5	5	5	5	5	5	5	5	5	6	6	6	6	6	6	6	6	6	6	6	6	6	6	6	6	6	6	6	6	6	6	6	6	6	6	6	6	6	6	6	6	6	6	6	6	6	6	6	6	6	6	6	6	6	6	6	6	6	6	6	6	6	6	6	6	6	6	6	6	6	6	6	6	6	6	6	6	6	6	6	6	6	6	6	6	6	6	6	6	6	6	6	6	6	6	6	6	6	6	6	6	6	6	6	6	6	6	6	6	6	6	6	6	6	6	6	7	7	7	7	7	7	7	7	8	8	8	8	8	8	8	8	</DataArray>
<DataArray type="Int32" Name="col" format="ascii">1	2	3	4	5	6	7	8	1	2	3	4	5	6	7	8	1	2	3	4	5	6	7	8	1	2	3	3	3	3	3	3	3	4	4	4	4	4	4	4	4	4	4	5	5	5	5	5	5	5	5	5	5	6	6	6	6	6	6	6	6	6	6	7	7	7	7	7	7	7	7	7	7	8	8	8	8	1	2	3	3	3	3	3	3	3	3	3	3	3	3	3	3	3	3	3	3	3	3	3	3	4	4	4	4	4	4	4	4	4	4	4	4	4	4	4	4	4	4	4	4	4	4	4	4	4	4	4	4	4	4	4	4	4	4	4	4	4	4	4	4	4	4	4	4	4	4	4	4	4	4	4	4	4	4	4	4	4	4	4	4	4	4	4	4	5	5	5	5	5	5	5	5	5	5	5	5	5	5	5	5	5	5	5	5	5	5	5	5	5	5	5	5	5	5	5	5	5	5	5	5	5	5	5	5	5	5	5	5	5	5	5	5	5	5	5	5	5	5	5	5	5	5	5	5	5	5	5	5	6	6	6	6	6	6	6	6	6	6	6	6	6	6	6	6	6	6	6	6	6	6	6	6	6	6	6	6	6	6	6	6	6	6	6	6	6	6	6	6	6	6	6	6	6	6	6	6	6	6	6	6	6	6	6	6	6	6	6	6	6	6	6	6	7	7	7	7	7	7	7	7	7	7	7	7	7	7	7	7	7	7	7	7	7	7	7	7	7	7	7	7	7	7	7	7	7	7	7	7	7	7	7	7	7	7	7	7	7	7	7	7	7	7	7	7	7	7	7	7	7	7	7	7	7	7	7	7	8	8	8	8	8	8	8	8	8	8	1	2	3	3	3	3	3	3	3	3	3	3	4	4	4	4	4	4	4	4	4	4	4	4	4	4	4	4	4	4	4	4	4	4	5	5	5	5	5	5	5	5	5	5	5	5	5	5	5	5	5	5	5	5	5	5	6	6	6	6	6	6	6	6	6	6	6	6	6	6	6	6	6	6	6	6	6	6	7	7	7	7	7	7	7	7	7	7	7	7	7	7	7	7	7	7	7	7	7	7	8	8	8	8	8	8	8	1	2	3	4	5	6	7	8	1	2	3	4	5	6	7	8	1	2	3	4	5	6	7	8	1	2	3	4	5	6	7	8	1	2	3	4	5	6	7	8	1	2	3	3	3	3	3	3	3	4	4	4	4	4	4	4	4	4	4	5	5	5	5	5	5	5	5	5	5	6	6	6	6	6	6	6	6	6	6	7	7	7	7	7	7	7	7	7	7	8	8	8	8	1	2	3	3	3	3	3	3	3	3	3	3	3	3	3	3	3	3	3	3	3	3	3	3	4	4	4	4	4	4	4	4	4	4	4	4	4	4	4	4	4	4	4	4	4	4	4	4	4	4	4	4	4	4	4	4	4	4	4	4	4	4	4	4	4	4	4	4	4	4	4	4	4	4	4	4	4	4	4	4	4	4	4	4	4	4	4	4	5	5	5	5	5	5	5	5	5	5	5	5	5	5	5	5	5	5	5	5	5	5	5	5	5	5	5	5	5	5	5	5	5	5	5	5	5	5	5	5	5	5	5	5	5	5	5	5	5	5	5	5	5	5	5	5	5	5	5	5	5	5	5	5	6	6	6	6	6	6	6	6	6	6	6	6	6	6	6	6	6	6	6	6	6	6	6	6	6	6	6	6	6	6	6	6	6	6	6	6	6	6	6	6	6	6	6	6	6	6	6	6	6	6	6	6	6	6	6	6	6	6	6	6	6	6	6	6	7	7	7	7	7	7	7	7	7	7	7	7	7	7	7	7	7	7	7	7	7	7	7	7	7	7	7	7	7	7	7	7	7	7	7	7	7	7	7	7	7	7	7	7	7	7	7	7	7	7	7	7	7	7	7	7	7	7	7	7	7	7	7	7	8	8	8	8	8	8	8	8	8	8	1	2	3	3	3	3	3	3	3	3	3	3	4	4	4	4	4	4	4	4	4	4	4	4	4	4	4	4	4	4	4	4	4	4	5	5	5	5	5	5	5	5	5	5	5	5	5	5	5	5	5	5	5	5	5	5	6	6	6	6	6	6	6	6	6	6	6	6	6	6	6	6	6	6	6	6	6	6	7	7	7	7	7	7	7	7	7	7	7	7	7	7	7	7	7	7	7	7	7	7	8	8	8	8	8	8	8	1	2	3	4	5	6	7	8	1	2	3	4	5	6	7	8	1	2	3	4	5	6	7	8	1	2	3	4	5	6	7	8	1	2	3	4	5	6	7	8	1	2	3	3	3	3	3	3	3	4	4	4	4	4	4	4	4	4	4	5	5	5	5	5	5	5	5	5	5	6	6	6	6	6	6	6	6	6	6	7	7	7	7	7	7	7	7	7	7	8	8	8	8	1	2	3	3	3	3	3	3	3	3	3	3	3	3	3	3	3	3	3	3	3	3	3	3	4	4	4	4	4	4	4	4	4	4	4	4	4	4	4	4	4	4	4	4	4	4	4	4	4	4	4	4	4	4	4	4	4	4	4	4	4	4	4	4	4	4	4	4	4	4	4	4	4	4	4	4	4	4	4	4	4	4	4	4	4	4	4	4	5	5	5	5	5	5	5	5	5	5	5	5	5	5	5	5	5	5	5	5	5	5	5	5	5	5	5	5	5	5	5	5	5	5	5	5	5	5	5	5	5	5	5	5	5	5	5	5	5	5	5	5	5	5	5	5	5	5	5	5	5	5	5	5	6	6	6	6	6	6	6	6	6	6	6	6	6	6	6	6	6	6	6	6	6	6	6	6	6	6	6	6	6	6	6	6	6	6	6	6	6	6	6	6	6	6	6	6	6	6	6	6	6	6	6	6	6	6	6	6	6	6	6	6	6	6	6	6	7	7	7	7	7	7	7	7	7	7	7	7	7	7	7	7	7	7	7	7	7	7	7	7	7	7	7	7	7	7	7	7	7	7	7	7	7	7	7	7	7	7	7	7	7	7	7	7	7	7	7	7	7	7	7	7	7	7	7	7	7	7	7	7	8	8	8	8	8	8	8	8	8	8	1	2	3	3	3	3	3	3	3	3	3	3	4	4	4	4	4	4	4	4	4	4	4	4	4	4	4	4	4	4	4	4	4	4	5	5	5	5	5	5	5	5	5	5	5	5	5	5	5	5	5	5	5	5	5	5	6	6	6	6	6	6	6	6	6	6	6	6	6	6	6	6	6	6	6	6	6	6	7	7	7	7	7	7	7	7	7	7	7	7	7	7	7	7	7	7	7	7	7	7	8	8	8	8	8	8	8	1	2	3	4	5	6	7	8	1	2	3	4	5	6	7	8	1	2	3	4	5	6	7	8	1	2	3	4	5	6	7	8	1	2	3	4	5	6	7	8	1	2	3	3	3	3	3	3	3	4	4	4	4	4	4	4	4	4	4	5	5	5	5	5	5	5	5	5	5	6	6	6	6	6	6	6	6	6	6	7	7	7	7	7	7	7	7	7	7	8	8	8	8	1	2	3	3	3	3	3	3	3	3	3	3	3	3	3	3	3	3	3	3	3	3	3	3	4	4	4	4	4	4	4	4	4	4	4	4	4	4	4	4	4	4	4	4	4	4	4	4	4	4	4	4	4	4	4	4	4	4	4	4	4	4	4	4	4	4	4	4	4	4	4	4	4	4	4	4	4	4	4	4	4	4	4	4	4	4	4	4	5	5	5	5	5	5	5	5	5	5	5	5	5	5	5	5	5	5	5	5	5	5	5	5	5	5	5	5	5	5	5	5	5	5	5	5	5	5	5	5	5	5	5	5	5	5	5	5	5	5	5	5	5	5	5	5	5	5	5	5	5	5	5	5	6	6	6	6	6	6	6	6	6	6	6	6	6	6	6	6	6	6	6	6	6	6	6	6	6	6	6	6	6	6	6	6	6	6	6	6	6	6	6	6	6	6	6	6	6	6	6	6	6	6	6	6	6	6	6	6	6	6	6	6	6	6	6	6	7	7	7	7	7	7	7	7	7	7	7	7	7	7	7	7	7	7	7	7	7	7	7	7	7	7	7	7	7	7	7	7	7	7	7	7	7	7	7	7	7	7	7	7	7	7	7	7	7	7	7	7	7	7	7	7	7	7	7	7	7	7	7	7	8	8	8	8	8	8	8	8	8	8	1	2	3	3	3	3	3	3	3	3	3	3	4	4	4	4	4	4	4	4	4	4	4	4	4	4	4	4	4	4	4	4	4	4	5	5	5	5	5	5	5	5	5	5	5	5	5	5	5	5	5	5	5	5	5	5	6	6	6	6	6	6	6	6	6	6	6	6	6	6	6	6	6	6	6	6	6	6	7	7	7	7	7	7	7	7	7	7	7	7	7	7	7	7	7	7	7	7	7	7	8	8	8	8	8	8	8	1	2	3	4	5	6	7	8	1	2	3	4	5	6	7	8	</DataArray>
<DataArray type="Int32" Name="vtkid" format="ascii">0	1	2	3	4	5	6	7	8	9	10	11	12	13	14	15	16	17	18	19	20	21	22	23	24	25	26	27	28	29	30	31	32	33	34	35	36	37	38	39	40	41	42	43	44	45	46	47	48	49	50	51	52	53	54	55	56	57	58	59	60	61	62	63	64	65	66	67	68	69	70	71	72	73	74	75	76	77	78	79	80	81	82	83	84	85	86	87	88	89	90	91	92	93	94	95	96	97	98	99	100	101	102	103	104	105	106	107	108	109	110	111	112	113	114	115	116	117	118	119	120	121	122	123	124	125	126	127	128	129	130	131	132	133	134	135	136	137	138	139	140	141	142	143	144	145	146	147	148	149	150	151	152	153	154	155	156	157	158	159	160	161	162	163	164	165	166	167	168	169	170	171	172	173	174	175	176	177	178	179	180	181	182	183	184	185	186	187	188	189	190	191	192	193	194	195	196	197	198	199	200	201	202	203	204	205	206	207	208	209	210	211	212	213	214	215	216	217	218	219	220	221	222	223	224	225	226	227	228	229	230	231	232	233	234	235	236	237	238	239	240	241	242	243	244	245	246	247	248	249	250	251	252	253	254	255	256	257	258	259	260	261	262	263	264	265	266	267	268	269	270	271	272	273	274	275	276	277	278	279	280	281	282	283	284	285	286	287	288	289	290	291	292	293	294	295	296	297	298	299	300	301	302	303	304	305	306	307	308	309	310	311	312	313	314	315	316	317	318	319	320	321	322	323	324	325	326	327	328	329	330	331	332	333	334	335	336	337	338	339	340	341	342	343	344	345	346	347	348	349	350	351	352	353	354	355	356	357	358	359	360	361	362	363	364	365	366	367	368	369	370	371	372	373	374	375	376	377	378	379	380	381	382	383	384	385	386	387	388	389	390	391	392	393	394	395	396	397	398	399	400	401	402	403	404	405	406	407	408	409	410	411	412	413	414	415	416	417	418	419	420	421	422	423	424	425	426	427	428	429	430	431	432	433	434	435	436	437	438	439	440	441	442	443	444	445	446	447	448	449	450	451	452	453	454	455	456	457	458	459	460	461	462	463	464	465	466	467	468	469	470	471	472	473	474	475	476	477	478	479	480	481	482	483	484	485	486	487	488	489	490	491	492	493	494	495	496	497	498	499	500	501	502	503	504	505	506	507	508	509	510	511	512	513	514	515	516	517	518	519	520	521	522	523	524	525	526	527	528	529	530	531	532	533	534	535	536	537	538	539	540	541	542	543	544	545	546	547	548	549	550	551	552	553	554	555	556	557	558	559	560	561	562	563	564	565	566	567	568	569	570	571	572	573	574	575	576	577	578	579	580	581	582	583	584	585	586	587	588	589	590	591	592	593	594	595	596	597	598	599	600	601	602	603	604	605	606	607	608	609	610	611	612	613	614	615	616	617	618	619	620	621	622	623	624	625	626	627	628	629	630	631	632	633	634	635	636	637	638	639	640	641	642	643	644	645	646	647	648	649	650	651	652	653	654	655	656	657	658	659	660	661	662	663	664	665	666	667	668	669	670	671	672	673	674	675	676	677	678	679	680	681	682	683	684	685	686	687	688	689	690	691	692	693	694	695	696	697	698	699	700	701	702	703	704	705	706	707	708	709	710	711	712	713	714	715	716	717	718	719	720	721	722	723	724	725	726	727	728	729	730	731	732	733	734	735	736	737	738	739	740	741	742	743	744	745	746	747	748	749	750	751	752	753	754	755	756	757	758	759	760	761	762	763	764	765	766	767	768	769	770	771	772	773	774	775	776	777	778	779	780	781	782	783	784	785	786	787	788	789	790	791	792	793	794	795	796	797	798	799	800	801	802	803	804	805	806	807	808	809	810	811	812	813	814	815	816	817	818	819	820	821	822	823	824	825	826	827	828	829	830	831	832	833	834	835	836	837	838	839	840	841	842	843	844	845	846	847	848	849	850	851	852	853	854	855	856	857	858	859	860	861	862	863	864	865	866	867	868	869	870	871	872	873	874	875	876	877	878	879	880	881	882	883	884	885	886	887	888	889	890	891	892	893	894	895	896	897	898	899	900	901	902	903	904	905	906	907	908	909	910	911	912	913	914	915	916	917	918	919	920	921	922	923	924	925	926	927	928	929	930	931	932	933	934	935	936	937	938	939	940	941	942	943	944	945	946	947	948	949	950	951	952	953	954	955	956	957	958	959	960	961	962	963	964	965	966	967	968	969	970	971	972	973	974	975	976	977	978	979	980	981	982	983	984	985	986	987	988	989	990	991	992	993	994	995	996	997	998	999	1000	1001	1002	1003	1004	1005	1006	1007	1008	1009	1010	1011	1012	1013	1014	1015	1016	1017	1018	1019	1020	1021	1022	1023	1024	1025	1026	1027	1028	1029	1030	1031	1032	1033	1034	1035	1036	1037	1038	1039	1040	1041	1042	1043	1044	1045	1046	1047	1048	1049	1050	1051	1052	1053	1054	1055	1056	1057	1058	1059	1060	1061	1062	1063	1064	1065	1066	1067	1068	1069	1070	1071	1072	1073	1074	1075	1076	1077	1078	1079	1080	1081	1082	1083	1084	1085	1086	1087	1088	1089	1090	1091	1092	1093	1094	1095	1096	1097	1098	1099	1100	1101	1102	1103	1104	1105	1106	1107	1108	1109	1110	1111	1112	1113	1114	1115	1116	1117	1118	1119	1120	1121	1122	1123	1124	1125	1126	1127	1128	1129	1130	1131	1132	1133	1134	1135	1136	1137	1138	1139	1140	1141	1142	1143	1144	1145	1146	1147	1148	1149	1150	1151	1152	1153	1154	1155	1156	1157	1158	1159	1160	1161	1162	1163	1164	1165	1166	1167	1168	1169	1170	1171	1172	1173	1174	1175	1176	1177	1178	1179	1180	1181	1182	1183	1184	1185	1186	1187	1188	1189	1190	1191	1192	1193	1194	1195	1196	1197	1198	1199	1200	1201	1202	1203	1204	1205	1206	1207	1208	1209	1210	1211	1212	1213	1214	1215	1216	1217	1218	1219	1220	1221	1222	1223	1224	1225	1226	1227	1228	1229	1230	1231	1232	1233	1234	1235	1236	1237	1238	1239	1240	1241	1242	1243	1244	1245	1246	1247	1248	1249	1250	1251	1252	1253	1254	1255	1256	1257	1258	1259	1260	1261	1262	1263	1264	1265	1266	1267	1268	1269	1270	1271	1272	1273	1274	1275	1276	1277	1278	1279	1280	1281	1282	1283	1284	1285	1286	1287	1288	1289	1290	1291	1292	1293	1294	1295	1296	1297	1298	1299	1300	1301	1302	1303	1304	1305	1306	1307	1308	1309	1310	1311	1312	1313	1314	1315	1316	1317	1318	1319	1320	1321	1322	1323	1324	1325	1326	1327	1328	1329	1330	1331	1332	1333	1334	1335	1336	1337	1338	1339	1340	1341	1342	1343	1344	1345	1346	1347	1348	1349	1350	1351	1352	1353	1354	1355	1356	1357	1358	1359	1360	1361	1362	1363	1364	1365	1366	1367	1368	1369	1370	1371	1372	1373	1374	1375	1376	1377	1378	1379	1380	1381	1382	1383	1384	1385	1386	1387	1388	1389	1390	1391	1392	1393	1394	1395	1396	1397	1398	1399	1400	1401	1402	1403	1404	1405	1406	1407	1408	1409	1410	1411	1412	1413	1414	1415	1416	1417	1418	1419	1420	1421	1422	1423	1424	1425	1426	1427	1428	1429	1430	1431	1432	1433	1434	1435	1436	1437	1438	1439	1440	1441	1442	1443	1444	1445	1446	1447	1448	1449	1450	1451	1452	1453	1454	1455	1456	1457	1458	1459	1460	1461	1462	1463	1464	1465	1466	1467	1468	1469	1470	1471	1472	1473	1474	1475	1476	1477	1478	1479	1480	1481	1482	1483	1484	1485	1486	1487	1488	1489	1490	1491	1492	1493	1494	1495	1496	1497	1498	1499	1500	1501	1502	1503	1504	1505	1506	1507	1508	1509	1510	1511	1512	1513	1514	1515	1516	1517	1518	1519	1520	1521	1522	1523	1524	1525	1526	1527	1528	1529	1530	1531	1532	1533	1534	1535	1536	1537	1538	1539	1540	1541	1542	1543	1544	1545	1546	1547	1548	1549	1550	1551	1552	1553	1554	1555	1556	1557	1558	1559	1560	1561	1562	1563	1564	1565	1566	1567	1568	1569	1570	1571	1572	1573	1574	1575	1576	1577	1578	1579	1580	1581	1582	1583	1584	1585	1586	1587	1588	1589	1590	1591	1592	1593	1594	1595	1596	1597	1598	1599	1600	1601	1602	1603	1604	1605	1606	1607	1608	1609	1610	1611	1612	1613	1614	1615	1616	1617	1618	1619	1620	1621	1622	1623	1624	1625	1626	1627	1628	1629	1630	1631	1632	1633	1634	1635	1636	1637	1638	1639	1640	1641	1642	1643	1644	1645	1646	1647	1648	1649	1650	1651	1652	1653	1654	1655	1656	1657	1658	1659	1660	1661	1662	1663	1664	1665	1666	1667	1668	1669	1670	1671	1672	1673	1674	1675	1676	1677	1678	1679	1680	1681	1682	1683	1684	1685	1686	1687	1688	1689	1690	1691	1692	1693	1694	1695	1696	1697	1698	1699	1700	1701	1702	1703	1704	1705	1706	1707	1708	1709	1710	1711	1712	1713	1714	1715	1716	1717	1718	1719	1720	1721	1722	1723	1724	1725	1726	1727	1728	1729	1730	1731	1732	1733	1734	1735	1736	1737	1738	1739	1740	1741	1742	1743	1744	1745	1746	1747	1748	1749	1750	1751	1752	1753	1754	1755	1756	1757	1758	1759	1760	1761	1762	1763	1764	1765	1766	1767	1768	1769	1770	1771	1772	1773	1774	1775	1776	1777	1778	1779	1780	1781	1782	1783	1784	1785	1786	1787	1788	1789	1790	1791	1792	1793	1794	1795	1796	1797	1798	1799	1800	1801	1802	1803	1804	1805	1806	1807	1808	1809	1810	1811	1812	1813	1814	1815	1816	1817	1818	1819	1820	1821	1822	1823	1824	1825	1826	1827	1828	1829	1830	1831	1832	1833	1834	1835	1836	1837	1838	1839	1840	1841	1842	1843	1844	1845	1846	1847	1848	1849	1850	1851	1852	1853	1854	1855	1856	1857	1858	1859	1860	1861	1862	1863	1864	1865	1866	1867	1868	1869	1870	1871	1872	1873	1874	1875	1876	1877	1878	1879	1880	1881	1882	1883	1884	1885	1886	1887	1888	1889	1890	1891	1892	1893	1894	1895	1896	1897	1898	1899	1900	1901	1902	1903	1904	1905	1906	1907	1908	1909	1910	1911	1912	1913	1914	1915	1916	1917	1918	1919	1920	1921	1922	1923	1924	1925	1926	1927	1928	1929	1930	1931	1932	1933	1934	1935	1936	1937	1938	1939	1940	1941	1942	1943	1944	1945	1946	1947	1948	1949	1950	1951	1952	1953	1954	1955	1956	1957	1958	1959	</DataArray>
<DataArray type="Float32" Name="top" format="ascii">0	0	0	0	0	0	0	0	0	0	0	0	0	0	0	0	0	0	0	0	0	0	0	0	0	0	0	0	0	0	0	0	0	0	0	0	0	0	0	0	0	0	0	0	0	0	0	0	0	0	0	0	0	0	0	0	0	0	0	0	0	0	0	0	0	0	0	0	0	0	0	0	0	0	0	0	0	0	0	0	0	0	0	0	0	0	0	0	0	0	0	0	0	0	0	0	0	0	0	0	0	0	0	0	0	0	0	0	0	0	0	0	0	0	0	0	0	0	0	0	0	0	0	0	0	0	0	0	0	0	0	0	0	0	0	0	0	0	0	0	0	0	0	0	0	0	0	0	0	0	0	0	0	0	0	0	0	0	0	0	0	0	0	0	0	0	0	0	0	0	0	0	0	0	0	0	0	0	0	0	0	0	0	0	0	0	0	0	0	0	0	0	0	0	0	0	0	0	0	0	0	0	0	0	0	0	0	0	0	0	0	0	0	0	0	0	0	0	0	0	0	0	0	0	0	0	0	0	0	0	0	0	0	0	0	0	0	0	0	0	0	0	0	0	0	0	0	0	0	0	0	0	0	0	0	0	0	0	0	0	0	0	0	0	0	0	0	0	0	0	0	0	0	0	0	0	0	0	0	0	0	0	0	0	0	0	0	0	0	0	0	0	0	0	0	0	0	0	0	0	0	0	0	0	0	0	0	0	0	0	0	0	0	0	0	0	0	0	0	0	0	0	0	0	0	0	0	0	0	0	0	0	0	0	0	0	0	0	0	0	0	0	0	0	0	0	0	0	0	0	0	0	0	0	0	0	0	0	0	0	0	0	0	0	0	0	0	0	0	0	0	0	0	0	0	0	0	0	0	0	0	0	0	0	0	0	0	0	0	0	0	0	0	0	0	0	0	0	0	0	0	0	0	0	0	0	0	0	0	0	0	0	0	0	0	0	0	0	0	0	0	0	0	0	0	0	0	0	0	0	0	0	0	0	0	0	0	0	0	0	0	0	0	0	0	0	0	0	0	0	0	0	0	0	0	0	0	0	0	0	0	0	0	0	0	0	0	0	0	0	0	0	0	0	0	0	0	0	0	0	0	0	0	0	0	0	0	0	0	0	-10	-10	-10	-10	-10	-10	-10	-10	-10	-10	-10	-10	-10	-10	-10	-10	-10	-10	-10	-10	-10	-10	-10	-10	-10	-10	-10	-10	-10	-10	-10	-10	-10	-10	-10	-10	-10	-10	-10	-10	-10	-10	-10	-10	-10	-10	-10	-10	-10	-10	-10	-10	-10	-10	-10	-10	-10	-10	-10	-10	-10	-10	-10	-10	-10	-10	-10	-10	-10	-10	-10	-10	-10	-10	-10	-10	-10	-10	-10	-10	-10	-10	-10	-10	-10	-10	-10	-10	-10	-10	-10	-10	-10	-10	-10	-10	-10	-10	-10	-10	-10	-10	-10	-10	-10	-10	-10	-10	-10	-10	-10	-10	-10	-10	-10	-10	-10	-10	-10	-10	-10	-10	-10	-10	-10	-10	-10	-10	-10	-10	-10	-10	-10	-10	-10	-10	-10	-10	-10	-10	-10	-10	-10	-10	-10	-10	-10	-10	-10	-10	-10	-10	-10	-10	-10	-10	-10	-10	-10	-10	-10	-10	-10	-10	-10	-10	-10	-10	-10	-10	-10	-10	-10	-10	-10	-10	-10	-10	-10	-10	-10	-10	-10	-10	-10	-10	-10	-10	-10	-10	-10	-10	-10	-10	-10	-10	-10	-10	-10	-10	-10	-10	-10	-10	-10	-10	-10	-10	-10	-10	-10	-10	-10	-10	-10	-10	-10	-10	-10	-10	-10	-10	-10	-10	-10	-10	-10	-10	-10	-10	-10	-10	-10	-10	-10	-10	-10	-10	-10	-10	-10	-10	-10	-10	-10	-10	-10	-10	-10	-10	-10	-10	-10	-10	-10	-10	-10	-10	-10	-10	-10	-10	-10	-10	-10	-10	-10	-10	-10	-10	-10	-10	-10	-10	-10	-10	-10	-10	-10	-10	-10	-10	-10	-10	-10	-10	-10	-10	-10	-10	-10	-10	-10	-10	-10	-10	-10	-10	-10	-10	-10	-10	-10	-10	-10	-10	-10	-10	-10	-10	-10	-10	-10	-10	-10	-10	-10	-10	-10	-10	-10	-10	-10	-10	-10	-10	-10	-10	-10	-10	-10	-10	-10	-10	-10	-10	-10	-10	-10	-10	-10	-10	-10	-10	-10	-10	-10	-10	-10	-10	-10	-10	-10	-10	-10	-10	-10	-10	-10	-10	-10	-10	-10	-10	-10	-10	-10	-10	-10	-10	-10	-10	-10	-10	-10	-10	-10	-10	-10	-10	-10	-10	-10	-10	-10	-10	-10	-10	-10	-10	-10	-10	-10	-10	-10	-10	-10	-10	-10	-10	-10	-10	-10	-10	-10	-10	-10	-10	-10	-10	-10	-10	-10	-10	-10	-10	-10	-10	-10	-10	-10	-10	-10	-10	-10	-10	-10	-10	-10	-10	-10	-10	-10	-10	-10	-10	-10	-10	-10	-10	-10	-10	-10	-10	-10	-10	-10	-10	-10	-10	-10	-10	-10	-10	-10	-10	-10	-10	-10	-10	-10	-10	-10	-10	-10	-10	-10	-10	-10	-10	-10	-10	-10	-10	-10	-10	-10	-10	-10	-10	-10	-10	-10	-10	-10	-10	-10	-10	-10	-10	-40	-40	-40	-40	-40	-40	-40	-40	-40	-40	-40	-40	-40	-40	-40	-40	-40	-40	-40	-40	-40	-40	-40	-40	-40	-40	-40	-40	-40	-40	-40	-40	-40	-40	-40	-40	-40	-40	-40	-40	-40	-40	-40	-40	-40	-40	-40	-40	-40	-40	-40	-40	-40	-40	-40	-40	-40	-40	-40	-40	-40	-40	-40	-40	-40	-40	-40	-40	-40	-40	-40	-40	-40	-40	-40	-40	-40	-40	-40	-40	-40	-40	-40	-40	-40	-40	-40	-40	-40	-40	-40	-40	-40	-40	-40	-40	-40	-40	-40	-40	-40	-40	-40	-40	-40	-40	-40	-40	-40	-40	-40	-40	-40	-40	-40	-40	-40	-40	-40	-40	-40	-40	-40	-40	-40	-40	-40	-40	-40	-40	-40	-40	-40	-40	-40	-40	-40	-40	-40	-40	-40	-40	-40	-40	-40	-40	-40	-40	-40	-40	-40	-40	-40	-40	-40	-40	-40	-40	-40	-40	-40	-40	-40	-40	-40	-40	-40	-40	-40	-40	-40	-40	-40	-40	-40	-40	-40	-40	-40	-40	-40	-40	-40	-40	-40	-40	-40	-40	-40	-40	-40	-40	-40	-40	-40	-40	-40	-40	-40	-40	-40	-40	-40	-40	-40	-40	-40	-40	-40	-40	-40	-40	-40	-40	-40	-40	-40	-40	-40	-40	-40	-40	-40	-40	-40	-40	-40	-40	-40	-40	-40	-40	-40	-40	-40	-40	-40	-40	-40	-40	-40	-40	-40	-40	-40	-40	-40	-40	-40	-40	-40	-40	-40	-40	-40	-40	-40	-40	-40	-40	-40	-40	-40	-40	-40	-40	-40	-40	-40	-40	-40	-40	-40	-40	-40	-40	-40	-40	-40	-40	-40	-40	-40	-40	-40	-40	-40	-40	-40	-40	-40	-40	-40	-40	-40	-40	-40	-40	-40	-40	-40	-40	-40	-40	-40	-40	-40	-40	-40	-40	-40	-40	-40	-40	-40	-40	-40	-40	-40	-40	-40	-40	-40	-40	-40	-40	-40	-40	-40	-40	-40	-40	-40	-40	-40	-40	-40	-40	-40	-40	-40	-40	-40	-40	-40	-40	-40	-40	-40	-40	-40	-40	-40	-40	-40	-40	-40	-40	-40	-40	-40	-40	-40	-40	-40	-40	-40	-40	-40	-40	-40	-40	-40	-40	-40	-40	-40	-40	-40	-40	-40	-40	-40	-40	-40	-40	-40	-40	-40	-40	-40	-40	-40	-40	-40	-40	-40	-40	-40	-40	-40	-40	-40	-40	-40	-40	-40	-40	-40	-40	-40	-40	-40	-40	-40	-40	-40	-40	-40	-40	-40	-40	-40	-40	-40	-40	-40	-40	-40	-40	-40	-40	-40	-40	-40	-40	-40	-40	-40	-40	-40	-40	-40	-40	-40	-40	-40	-40	-40	-40	-40	-40	-40	-40	-40	-40	-40	-40	-40	-40	-40	-40	-40	-40	-40	-40	-40	-40	-40	-40	-40	-40	-40	-40	-40	-40	-40	-40	-40	-40	-40	-40	-40	-40	-40	-40	-40	-40	-40	-40	-70	-70	-70	-70	-70	-70	-70	-70	-70	-70	-70	-70	-70	-70	-70	-70	-70	-70	-70	-70	-70	-70	-70	-70	-70	-70	-70	-70	-70	-70	-70	-70	-70	-70	-70	-70	-70	-70	-70	-70	-70	-70	-70	-70	-70	-70	-70	-70	-70	-70	-70	-70	-70	-70	-70	-70	-70	-70	-70	-70	-70	-70	-70	-70	-70	-70	-70	-70	-70	-70	-70	-70	-70	-70	-70	-70	-70	-70	-70	-70	-70	-70	-70	-70	-70	-70	-70	-70	-70	-70	-70	-70	-70	-70	-70	-70	-70	-70	-70	-70	-70	-70	-70	-70	-70	-70	-70	-70	-70	-70	-70	-70	-70	-70	-70	-70	-70	-70	-70	-70	-70	-70	-70	-70	-70	-70	-70	-70	-70	-70	-70	-70	-70	-70	-70	-70	-70	-70	-70	-70	-70	-70	-70	-70	-70	-70	-70	-70	-70	-70	-70	-70	-70	-70	-70	-70	-70	-70	-70	-70	-70	-70	-70	-70	-70	-70	-70	-70	-70	-70	-70	-70	-70	-70	-70	-70	-70	-70	-70	-70	-70	-70	-70	-70	-70	-70	-70	-70	-70	-70	-70	-70	-70	-70	-70	-70	-70	-70	-70	-70	-70	-70	-70	-70	-70	-70	-70	-70	-70	-70	-70	-70	-70	-70	-70	-70	-70	-70	-70	-70	-70	-70	-70	-70	-70	-70	-70	-70	-70	-70	-70	-70	-70	-70	-70	-70	-70	-70	-70	-70	-70	-70	-70	-70	-70	-70	-70	-70	-70	-70	-70	-70	-70	-70	-70	-70	-70	-70	-70	-70	-70	-70	-70	-70	-70	-70	-70	-70	-70	-70	-70	-70	-70	-70	-70	-70	-70	-70	-70	-70	-70	-70	-70	-70	-70	-70	-70	-70	-70	-70	-70	-70	-70	-70	-70	-70	-70	-70	-70	-70	-70	-70	-70	-70	-70	-70	-70	-70	-70	-70	-70	-70	-70	-70	-70	-70	-70	-70	-70	-70	-70	-70	-70	-70	-70	-70	-70	-70	-70	-70	-70	-70	-70	-70	-70	-70	-70	-70	-70	-70	-70	-70	-70	-70	-70	-70	-70	-70	-70	-70	-70	-70	-70	-70	-70	-70	-70	-70	-70	-70	-70	-70	-70	-70	-70	-70	-70	-70	-70	-70	-70	-70	-70	-70	-70	-70	-70	-70	-70	-70	-70	-70	-70	-70	-70	-70	-70	-70	-70	-70	-70	-70	-70	-70	-70	-70	-70	-70	-70	-70	-70	-70	-70	-70	-70	-70	-70	-70	-70	-70	-70	-70	-70	-70	-70	-70	-70	-70	-70	-70	-70	-70	-70	-70	-70	-70	-70	-70	-70	-70	-70	-70	-70	-70	-70	-70	-70	-70	-70	-70	-70	-70	-70	-70	-70	-70	-70	-70	-70	-70	-70	-70	-70	-70	-70	-70	-70	-70	-70	-70	-70	-70	-70	-70	-70	-70	-70	-70	-70	-70	-70	-70	-70	-70	-70	-70	-70	-70	-70	-70	-70	-70	-70	-70	-70	-70	-70	-70	-70	-70	</DataArray>
<DataArray type="Float32" Name="bottom" format="ascii">-10	-10	-10	-10	-10	-10	-10	-10	-10	-10	-10	-10	-10	-10	-10	-10	-10	-10	-10	-10	-10	-10	-10	-10	-10	-10	-10	-10	-10	-10	-10	-10	-10	-10	-10	-10	-10	-10	-10	-10	-10	-10	-10	-10	-10	-10	-10	-10	-10	-10	-10	-10	-10	-10	-10	-10	-10	-10	-10	-10	-10	-10	-10	-10	-10	-10	-10	-10	-10	-10	-10	-10	-10	-10	-10	-10	-10	-10	-10	-10	-10	-10	-10	-10	-10	-10	-10	-10	-10	-10	-10	-10	-10	-10	-10	-10	-10	-10	-10	-10	-10	-10	-10	-10	-10	-10	-10	-10	-10	-10	-10	-10	-10	-10	-10	-10	-10	-10	-10	-10	-10	-10	-10	-10	-10	-10	-10	-10	-10	-10	-10	-10	-10	-10	-10	-10	-10	-10	-10	-10	-10	-10	-10	-10	-10	-10	-10	-10	-10	-10	-10	-10	-10	-10	-10	-10	-10	-10	-10	-10	-10	-10	-10	-10	-10	-10	-10	-10	-10	-10	-10	-10	-10	-10	-10	-10	-10	-10	-10	-10	-10	-10	-10	-10	-10	-10	-10	-10	-10	-10	-10	-10	-10	-10	-10	-10	-10	-10	-10	-10	-10	-10	-10	-10	-10	-10	-10	-10	-10	-10	-10	-10	-10	-10	-10	-10	-10	-10	-10	-10	-10	-10	-10	-10	-10	-10	-10	-10	-10	-10	-10	-10	-10	-10	-10	-10	-10	-10	-10	-10	-10	-10	-10	-10	-10	-10	-10	-10	-10	-10	-10	-10	-10	-10	-10	-10	-10	-10	-10	-10	-10	-10	-10	-10	-10	-10	-10	-10	-10	-10	-10	-10	-10	-10	-10	-10	-10	-10	-10	-10	-10	-10	-10	-10	-10	-10	-10	-10	-10	-10	-10	-10	-10	-10	-10	-10	-10	-10	-10	-10	-10	-10	-10	-10	-10	-10	-10	-10	-10	-10	-10	-10	-10	-10	-10	-10	-10	-10	-10	-10	-10	-10	-10	-10	-10	-10	-10	-10	-10	-10	-10	-10	-10	-10	-10	-10	-10	-10	-10	-10	-10	-10	-10	-10	-10	-10	-10	-10	-10	-10	-10	-10	-10	-10	-10	-10	-10	-10	-10	-10	-10	-10	-10	-10	-10	-10	-10	-10	-10	-10	-10	-10	-10	-10	-10	-10	-10	-10	-10	-10	-10	-10	-10	-10	-10	-10	-10	-10	-10	-10	-10	-10	-10	-10	-10	-10	-10	-10	-10	-10	-10	-10	-10	-10	-10	-10	-10	-10	-10	-10	-10	-10	-10	-10	-10	-10	-10	-10	-10	-10	-10	-10	-10	-10	-10	-10	-10	-10	-10	-10	-10	-10	-10	-10	-10	-10	-10	-10	-10	-10	-10	-10	-10	-10	-10	-10	-10	-10	-10	-10	-10	-10	-10	-10	-10	-10	-10	-10	-10	-10	-10	-10	-10	-10	-10	-10	-10	-10	-10	-10	-10	-10	-10	-10	-10	-10	-10	-10	-10	-10	-10	-10	-10	-10	-10	-10	-10	-10	-10	-10	-40	-40	-40	-40	-40	-40	-40	-40	-40	-40	-40	-40	-40	-40	-40	-40	-40	-40	-40	-40	-40	-40	-40	-40	-40	-40	-40	-40	-40	-40	-40	-40	-40	-40	-40	-40	-40	-40	-40	-40	-40	-40	-40	-40	-40	-40	-40	-40	-40	-40	-40	-40	-40	-40	-40	-40	-40	-40	-40	-40	-40	-40	-40	-40	-40	-40	-40	-40	-40	-40	-40	-40	-40	-40	-40	-40	-40	-40	-40	-40	-40	-40	-40	-40	-40	-40	-40	-40	-40	-40	-40	-40	-40	-40	-40	-40	-40	-40	-40	-40	-40	-40	-40	-40	-40	-40	-40	-40	-40	-40	-40	-40	-40	-40	-40	-40	-40	-40	-40	-40	-40	-40	-40	-40	-40	-40	-40	-40	-40	-40	-40	-40	-40	-40	-40	-40	-40	-40	-40	-40	-40	-40	-40	-40	-40	-40	-40	-40	-40	-40	-40	-40	-40	-40	-40	-40	-40	-40	-40	-40	-40	-40	-40	-40	-40	-40	-40	-40	-40	-40	-40	-40	-40	-40	-40	-40	-40	-40	-40	-40	-40	-40	-40	-40	-40	-40	-40	-40	-40	-40	-40	-40	-40	-40	-40	-40	-40	-40	-40	-40	-40	-40	-40	-40	-40	-40	-40	-40	-40	-40	-40	-40	-40	-40	-40	-40	-40	-40	-40	-40	-40	-40	-40	-40	-40	-40	-40	-40	-40	-40	-40	-40	-40	-40	-40	-40	-40	-40	-40	-40	-40	-40	-40	-40	-40	-40	-40	-40	-40	-40	-40	-40	-40	-40	-40	-40	-40	-40	-40	-40	-40	-40	-40	-40	-40	-40	-40	-40	-40	-40	-40	-40	-40	-40	-40	-40	-40	-40	-40	-40	-40	-40	-40	-40	-40	-40	-40	-40	-40	-40	-40	-40	-40	-40	-40	-40	-40	-40	-40	-40	-40	-40	-40	-40	-40	-40	-40	-40	-40	-40	-40	-40	-40	-40	-40	-40	-40	-40	-40	-40	-40	-40	-40	-40	-40	-40	-40	-40	-40	-40	-40	-40	-40	-40	-40	-40	-40	-40	-40	-40	-40	-40	-40	-40	-40	-40	-40	-40	-40	-40	-40	-40	-40	-40	-40	-40	-40	-40	-40	-40	-40	-40	-40	-40	-40	-40	-40	-40	-40	-40	-40	-40	-40	-40	-40	-40	-40	-40	-40	-40	-40	-40	-40	-40	-40	-40	-40	-40	-40	-40	-40	-40	-40	-40	-40	-40	-40	-40	-40	-40	-40	-40	-40	-40	-40	-40	-40	-40	-40	-40	-40	-40	-40	-40	-40	-40	-40	-40	-40	-40	-40	-40	-40	-40	-40	-40	-40	-40	-40	-40	-40	-40	-40	-40	-40	-40	-40	-40	-40	-40	-40	-40	-40	-40	-40	-40	-40	-40	-40	-40	-40	-40	-40	-40	-40	-40	-40	-40	-40	-40	-40	-40	-40	-40	-40	-40	-40	-40	-40	-40	-40	-40	-40	-40	-40	-40	-40	-40	-40	-40	-40	-40	-40	-40	-40	-40	-40	-40	-40	-40	-70	-70	-70	-70	-70	-70	-70	-70	-70	-70	-70	-70	-70	-70	-70	-70	-70	-70	-70	-70	-70	-70	-70	-70	-70	-70	-70	-70	-70	-70	-70	-70	-70	-70	-70	-70	-70	-70	-70	-70	-70	-70	-70	-70	-70	-70	-70	-70	-70	-70	-70	-70	-70	-70	-70	-70	-70	-70	-70	-70	-70	-70	-70	-70	-70	-70	-70	-70	-70	-70	-70	-70	-70	-70	-70	-70	-70	-70	-70	-70	-70	-70	-70	-70	-70	-70	-70	-70	-70	-70	-70	-70	-70	-70	-70	-70	-70	-70	-70	-70	-70	-70	-70	-70	-70	-70	-70	-70	-70	-70	-70	-70	-70	-70	-70	-70	-70	-70	-70	-70	-70	-70	-70	-70	-70	-70	-70	-70	-70	-70	-70	-70	-70	-70	-70	-70	-70	-70	-70	-70	-70	-70	-70	-70	-70	-70	-70	-70	-70	-70	-70	-70	-70	-70	-70	-70	-70	-70	-70	-70	-70	-70	-70	-70	-70	-70	-70	-70	-70	-70	-70	-70	-70	-70	-70	-70	-70	-70	-70	-70	-70	-70	-70	-70	-70	-70	-70	-70	-70	-70	-70	-70	-70	-70	-70	-70	-70	-70	-70	-70	-70	-70	-70	-70	-70	-70	-70	-70	-70	-70	-70	-70	-70	-70	-70	-70	-70	-70	-70	-70	-70	-70	-70	-70	-70	-70	-70	-70	-70	-70	-70	-70	-70	-70	-70	-70	-70	-70	-70	-70	-70	-70	-70	-70	-70	-70	-70	-70	-70	-70	-70	-70	-70	-70	-70	-70	-70	-70	-70	-70	-70	-70	-70	-70	-70	-70	-70	-70	-70	-70	-70	-70	-70	-70	-70	-70	-70	-70	-70	-70	-70	-70	-70	-70	-70	-70	-70	-70	-70	-70	-70	-70	-70	-70	-70	-70	-70	-70	-70	-70	-70	-70	-70	-70	-70	-70	-70	-70	-70	-70	-70	-70	-70	-70	-70	-70	-70	-70	-70	-70	-70	-70	-70	-70	-70	-70	-70	-70	-70	-70	-70	-70	-70	-70	-70	-70	-70	-70	-70	-70	-70	-70	-70	-70	-70	-70	-70	-70	-70	-70	-70	-70	-70	-70	-70	-70	-70	-70	-70	-70	-70	-70	-70	-70	-70	-70	-70	-70	-70	-70	-70	-70	-70	-70	-70	-70	-70	-70	-70	-70	-70	-70	-70	-70	-70	-70	-70	-70	-70	-70	-70	-70	-70	-70	-70	-70	-70	-70	-70	-70	-70	-70	-70	-70	-70	-70	-70	-70	-70	-70	-70	-70	-70	-70	-70	-70	-70	-70	-70	-70	-70	-70	-70	-70	-70	-70	-70	-70	-70	-70	-70	-70	-70	-70	-70	-70	-70	-70	-70	-70	-70	-70	-70	-70	-70	-70	-70	-70	-70	-70	-70	-70	-70	-70	-70	-70	-70	-70	-70	-70	-70	-70	-70	-70	-70	-70	-70	-70	-70	-70	-70	-70	-70	-70	-70	-70	-70	-70	-70	-70	-70	-70	-70	-70	-70	-70	-70	-70	-70	-70	-100	-100	-100	-100	-100	-100	-100	-100	-100	-100	-100	-100	-100	-100	-100	-100	-100	-100	-100	-100	-100	-100	-100	-100	-100	-100	-100	-100	-100	-100	-100	-100	-100	-100	-100	-100	-100	-100	-100	-100	-100	-100	-100	-100	-100	-100	-100	-100	-100	-100	-100	-100	-100	-100	-100	-100	-100	-100	-100	-100	-100	-100	-100	-100	-100	-100	-100	-100	-100	-100	-100	-100	-100	-100	-100	-100	-100	-100	-100	-100	-100	-100	-100	-100	-100	-100	-100	-100	-100	-100	-100	-100	-100	-100	-100	-100	-100	-100	-100	-100	-100	-100	-100	-100	-100	-100	-100	-100	-100	-100	-100	-100	-100	-100	-100	-100	-100	-100	-100	-100	-100	-100	-100	-100	-100	-100	-100	-100	-100	-100	-100	-100	-100	-100	-100	-100	-100	-100	-100	-100	-100	-100	-100	-100	-100	-100	-100	-100	-100	-100	-100	-100	-100	-100	-100	-100	-100	-100	-100	-100	-100	-100	-100	-100	-100	-100	-100	-100	-100	-100	-100	-100	-100	-100	-100	-100	-100	-100	-100	-100	-100	-100	-100	-100	-100	-100	-100	-100	-100	-100	-100	-100	-100	-100	-100	-100	-100	-100	-100	-100	-100	-100	-100	-100	-100	-100	-100	-100	-100	-100	-100	-100	-100	-100	-100	-100	-100	-100	-100	-100	-100	-100	-100	-100	-100	-100	-100	-100	-100	-100	-100	-100	-100	-100	-100	-100	-100	-100	-100	-100	-100	-100	-100	-100	-100	-100	-100	-100	-100	-100	-100	-100	-100	-100	-100	-100	-100	-100	-100	-100	-100	-100	-100	-100	-100	-100	-100	-100	-100	-100	-100	-100	-100	-100	-100	-100	-100	-100	-100	-100	-100	-100	-100	-100	-100	-100	-100	-100	-100	-100	-100	-100	-100	-100	-100	-100	-100	-100	-100	-100	-100	-100	-100	-100	-100	-100	-100	-100	-100	-100	-100	-100	-100	-100	-100	-100	-100	-100	-100	-100	-100	-100	-100	-100	-100	-100	-100	-100	-100	-100	-100	-100	-100	-100	-100	-100	-100	-100	-100	-100	-100	-100	-100	-100	-100	-100	-100	-100	-100	-100	-100	-100	-100	-100	-100	-100	-100	-100	-100	-100	-100	-100	-100	-100	-100	-100	-100	-100	-100	-100	-100	-100	-100	-100	-100	-100	-100	-100	-100	-100	-100	-100	-100	-100	-100	-100	-100	-100	-100	-100	-100	-100	-100	-100	-100	-100	-100	-100	-100	-100	-100	-100	-100	-100	-100	-100	-100	-100	-100	-100	-100	-100	-100	-100	-100	-100	-100	-100	-100	-100	-100	-100	-100	-100	-100	-100	-100	-100	-100	-100	-100	-100	-100	-100	-100	-100	-100	-100	-100	-100	-100	-100	-100	-100	-100	-100	-100	-100	-100	-100	-100	-100	-100	-100	-100	-100	-100	-100	-100	-100	-100	-100	-100	-100	-100	-100	-100	-100	-100	-100	-100	-100	-100	-100	-100	-100	-100	-100	-100	-100	-100	-100	-100	-100	-100	-100	-100	-100	-100	-100	</DataArray>
<DataArray type="Float32" Name="delr" format="ascii">100	100	100	100	100	100	100	100	100	100	100	100	100	100	100	100	100	100	100	100	100	100	100	100	100	100	50	50	25	25	25	25	50	50	50	25	25	25	25	25	25	25	25	50	50	25	25	25	25	25	25	25	25	50	50	25	25	25	25	25	25	25	25	50	50	25	25	25	25	25	25	25	25	50	50	50	50	100	100	50	25	12.5	12.5	12.5	12.5	12.5	12.5	12.5	12.5	25	25	12.5	12.5	12.5	12.5	12.5	12.5	12.5	12.5	25	50	12.5	12.5	12.5	12.5	12.5	12.5	12.5	12.5	12.5	12.5	12.5	12.5	12.5	12.5	12.5	12.5	12.5	12.5	12.5	12.5	12.5	12.5	12.5	12.5	12.5	12.5	12.5	12.5	12.5	12.5	12.5	12.5	12.5	12.5	12.5	12.5	12.5	12.5	12.5	12.5	12.5	12.5	12.5	12.5	12.5	12.5	12.5	12.5	12.5	12.5	12.5	12.5	12.5	12.5	12.5	12.5	12.5	12.5	12.5	12.5	12.5	12.5	12.5	12.5	12.5	12.5	12.5	12.5	12.5	12.5	12.5	12.5	12.5	12.5	12.5	12.5	12.5	12.5	12.5	12.5	12.5	12.5	12.5	12.5	12.5	12.5	12.5	12.5	12.5	12.5	12.5	12.5	12.5	12.5	12.5	12.5	12.5	12.5	12.5	12.5	12.5	12.5	12.5	12.5	12.5	12.5	12.5	12.5	12.5	12.5	12.5	12.5	12.5	12.5	12.5	12.5	12.5	12.5	12.5	12.5	12.5	12.5	12.5	12.5	12.5	12.5	12.5	12.5	12.5	12.5	12.5	12.5	12.5	12.5	12.5	12.5	12.5	12.5	12.5	12.5	12.5	12.5	12.5	12.5	12.5	12.5	12.5	12.5	12.5	12.5	12.5	12.5	12.5	12.5	12.5	12.5	12.5	12.5	12.5	12.5	12.5	12.5	12.5	12.5	12.5	12.5	12.5	12.5	12.5	12.5	12.5	12.5	12.5	12.5	12.5	12.5	12.5	12.5	12.5	12.5	12.5	12.5	12.5	12.5	12.5	12.5	12.5	12.5	12.5	12.5	12.5	12.5	12.5	12.5	12.5	12.5	12.5	12.5	12.5	12.5	12.5	12.5	12.5	12.5	12.5	12.5	12.5	12.5	12.5	12.5	12.5	12.5	12.5	12.5	12.5	12.5	12.5	12.5	12.5	12.5	12.5	12.5	12.5	12.5	12.5	12.5	12.5	12.5	12.5	12.5	12.5	12.5	12.5	12.5	12.5	12.5	12.5	12.5	12.5	12.5	12.5	12.5	12.5	12.5	12.5	12.5	12.5	12.5	12.5	12.5	12.5	12.5	12.5	12.5	12.5	12.5	25	25	25	25	50	50	25	25	25	25	100	100	50	25	12.5	12.5	12.5	12.5	25	25	50	50	12.5	12.5	12.5	12.5	12.5	12.5	12.5	12.5	25	25	12.5	12.5	12.5	12.5	12.5	12.5	12.5	12.5	25	25	50	50	12.5	12.5	12.5	12.5	12.5	12.5	12.5	12.5	25	25	12.5	12.5	12.5	12.5	12.5	12.5	12.5	12.5	25	25	50	50	12.5	12.5	12.5	12.5	12.5	12.5	12.5	12.5	25	25	12.5	12.5	12.5	12.5	12.5	12.5	12.5	12.5	25	25	50	50	12.5	12.5	12.5	12.5	12.5	12.5	12.5	12.5	25	25	12.5	12.5	12.5	12.5	12.5	12.5	12.5	12.5	25	25	50	50	25	25	25	25	50	50	50	100	100	100	100	100	100	100	100	100	100	100	100	100	100	100	100	100	100	100	100	100	100	100	100	100	100	100	100	100	100	100	100	100	100	100	100	100	100	100	100	100	100	50	50	25	25	25	25	50	50	50	25	25	25	25	25	25	25	25	50	50	25	25	25	25	25	25	25	25	50	50	25	25	25	25	25	25	25	25	50	50	25	25	25	25	25	25	25	25	50	50	50	50	100	100	50	25	12.5	12.5	12.5	12.5	12.5	12.5	12.5	12.5	25	25	12.5	12.5	12.5	12.5	12.5	12.5	12.5	12.5	25	50	12.5	12.5	12.5	12.5	12.5	12.5	12.5	12.5	12.5	12.5	12.5	12.5	12.5	12.5	12.5	12.5	12.5	12.5	12.5	12.5	12.5	12.5	12.5	12.5	12.5	12.5	12.5	12.5	12.5	12.5	12.5	12.5	12.5	12.5	12.5	12.5	12.5	12.5	12.5	12.5	12.5	12.5	12.5	12.5	12.5	12.5	12.5	12.5	12.5	12.5	12.5	12.5	12.5	12.5	12.5	12.5	12.5	12.5	12.5	12.5	12.5	12.5	12.5	12.5	12.5	12.5	12.5	12.5	12.5	12.5	12.5	12.5	12.5	12.5	12.5	12.5	12.5	12.5	12.5	12.5	12.5	12.5	12.5	12.5	12.5	12.5	12.5	12.5	12.5	12.5	12.5	12.5	12.5	12.5	12.5	12.5	12.5	12.5	12.5	12.5	12.5	12.5	12.5	12.5	12.5	12.5	12.5	12.5	12.5	12.5	12.5	12.5	12.5	12.5	12.5	12.5	12.5	12.5	12.5	12.5	12.5	12.5	12.5	12.5	12.5	12.5	12.5	12.5	12.5	12.5	12.5	12.5	12.5	12.5	12.5	12.5	12.5	12.5	12.5	12.5	12.5	12.5	12.5	12.5	12.5	12.5	12.5	12.5	12.5	12.5	12.5	12.5	12.5	12.5	12.5	12.5	12.5	12.5	12.5	12.5	12.5	12.5	12.5	12.5	12.5	12.5	12.5	12.5	12.5	12.5	12.5	12.5	12.5	12.5	12.5	12.5	12.5	12.5	12.5	12.5	12.5	12.5	12.5	12.5	12.5	12.5	12.5	12.5	12.5	12.5	12.5	12.5	12.5	12.5	12.5	12.5	12.5	12.5	12.5	12.5	12.5	12.5	12.5	12.5	12.5	12.5	12.5	12.5	12.5	12.5	12.5	12.5	12.5	12.5	12.5	12.5	12.5	12.5	12.5	12.5	12.5	12.5	12.5	12.5	12.5	12.5	12.5	12.5	12.5	12.5	12.5	12.5	12.5	12.5	12.5	12.5	12.5	12.5	12.5	12.5	12.5	12.5	12.5	12.5	12.5	12.5	12.5	12.5	12.5	12.5	12.5	12.5	12.5	12.5	12.5	12.5	25	25	25	25	50	50	25	25	25	25	100	100	50	25	12.5	12.5	12.5	12.5	25	25	50	50	12.5	12.5	12.5	12.5	12.5	12.5	12.5	12.5	25	25	12.5	12.5	12.5	12.5	12.5	12.5	12.5	12.5	25	25	50	50	12.5	12.5	12.5	12.5	12.5	12.5	12.5	12.5	25	25	12.5	12.5	12.5	12.5	12.5	12.5	12.5	12.5	25	25	50	50	12.5	12.5	12.5	12.5	12.5	12.5	12.5	12.5	25	25	12.5	12.5	12.5	12.5	12.5	12.5	12.5	12.5	25	25	50	50	12.5	12.5	12.5	12.5	12.5	12.5	12.5	12.5	25	25	12.5	12.5	12.5	12.5	12.5	12.5	12.5	12.5	25	25	50	50	25	25	25	25	50	50	50	100	100	100	100	100	100	100	100	100	100	100	100	100	100	100	100	100	100	100	100	100	100	100	100	100	100	100	100	100	100	100	100	100	100	100	100	100	100	100	100	100	100	50	50	25	25	25	25	50	50	50	25	25	25	25	25	25	25	25	50	50	25	25	25	25	25	25	25	25	50	50	25	25	25	25	25	25	25	25	50	50	25	25	25	25	25	25	25	25	50	50	50	50	100	100	50	25	12.5	12.5	12.5	12.5	12.5	12.5	12.5	12.5	25	25	12.5	12.5	12.5	12.5	12.5	12.5	12.5	12.5	25	50	12.5	12.5	12.5	12.5	12.5	12.5	12.5	12.5	12.5	12.5	12.5	12.5	12.5	12.5	12.5	12.5	12.5	12.5	12.5	12.5	12.5	12.5	12.5	12.5	12.5	12.5	12.5	12.5	12.5	12.5	12.5	12.5	12.5	12.5	12.5	12.5	12.5	12.5	12.5	12.5	12.5	12.5	12.5	12.5	12.5	12.5	12.5	12.5	12.5	12.5	12.5	12.5	12.5	12.5	12.5	12.5	12.5	12.5	12.5	12.5	12.5	12.5	12.5	12.5	12.5	12.5	12.5	12.5	12.5	12.5	12.5	12.5	12.5	12.5	12.5	12.5	12.5	12.5	12.5	12.5	12.5	12.5	12.5	12.5	12.5	12.5	12.5	12.5	12.5	12.5	12.5	12.5	12.5	12.5	12.5	12.5	12.5	12.5	12.5	12.5	12.5	12.5	12.5	12.5	12.5	12.5	12.5	12.5	12.5	12.5	12.5	12.5	12.5	12.5	12.5	12.5	12.5	12.5	12.5	12.5	12.5	12.5	12.5	12.5	12.5	12.5	12.5	12.5	12.5	12.5	12.5	12.5	12.5	12.5	12.5	12.5	12.5	12.5	12.5	12.5	12.5	12.5	12.5	12.5	12.5	12.5	12.5	12.5	12.5	12.5	12.5	12.5	12.5	12.5	12.5	12.5	12.5	12.5	12.5	12.5	12.5	12.5	12.5	12.5	12.5	12.5	12.5	12.5	12.5	12.5	12.5	12.5	12.5	12.5	12.5	12.5	12.5	12.5	12.5	12.5	12.5	12.5	12.5	12.5	12.5	12.5	12.5	12.5	12.5	12.5	12.5	12.5	12.5	12.5	12.5	12.5	12.5	12.5	12.5	12.5	12.5	12.5	12.5	12.5	12.5	12.5	12.5	12.5	12.5	12.5	12.5	12.5	12.5	12.5	12.5	12.5	12.5	12.5	12.5	12.5	12.5	12.5	12.5	12.5	12.5	12.5	12.5	12.5	12.5	12.5	12.5	12.5	12.5	12.5	12.5	12.5	12.5	12.5	12.5	12.5	12.5	12.5	12.5	12.5	12.5	12.5	12.5	12.5	12.5	12.5	12.5	12.5	12.5	12.5	12.5	12.5	25	25	25	25	50	50	25	25	25	25	100	100	50	25	12.5	12.5	12.5	12.5	25	25	50	50	12.5	12.5	12.5	12.5	12.5	12.5	12.5	12.5	25	25	12.5	12.5	12.5	12.5	12.5	12.5	12.5	12.5	25	25	50	50	12.5	12.5	12.5	12.5	12.5	12.5	12.5	12.5	25	25	12.5	12.5	12.5	12.5	12.5	12.5	12.5	12.5	25	25	50	50	12.5	12.5	12.5	12.5	12.5	12.5	12.5	12.5	25	25	12.5	12.5	12.5	12.5	12.5	12.5	12.5	12.5	25	25	50	50	12.5	12.5	12.5	12.5	12.5	12.5	12.5	12.5	25	25	12.5	12.5	12.5	12.5	12.5	12.5	12.5	12.5	25	25	50	50	25	25	25	25	50	50	50	100	100	100	100	100	100	100	100	100	100	100	100	100	100	100	100	100	100	100	100	100	100	100	100	100	100	100	100	100	100	100	100	100	100	100	100	100	100	100	100	100	100	50	50	25	25	25	25	50	50	50	25	25	25	25	25	25	25	25	50	50	25	25	25	25	25	25	25	25	50	50	25	25	25	25	25	25	25	25	50	50	25	25	25	25	25	25	25	25	50	50	50	50	100	100	50	25	12.5	12.5	12.5	12.5	12.5	12.5	12.5	12.5	25	25	12.5	12.5	12.5	12.5	12.5	12.5	12.5	12.5	25	50	12.5	12.5	12.5	12.5	12.5	12.5	12.5	12.5	12.5	12.5	12.5	12.5	12.5	12.5	12.5	12.5	12.5	12.5	12.5	12.5	12.5	12.5	12.5	12.5	12.5	12.5	12.5	12.5	12.5	12.5	12.5	12.5	12.5	12.5	12.5	12.5	12.5	12.5	12.5	12.5	12.5	12.5	12.5	12.5	12.5	12.5	12.5	12.5	12.5	12.5	12.5	12.5	12.5	12.5	12.5	12.5	12.5	12.5	12.5	12.5	12.5	12.5	12.5	12.5	12.5	12.5	12.5	12.5	12.5	12.5	12.5	12.5	12.5	12.5	12.5	12.5	12.5	12.5	12.5	12.5	12.5	12.5	12.5	12.5	12.5	12.5	12.5	12.5	12.5	12.5	12.5	12.5	12.5	12.5	12.5	12.5	12.5	12.5	12.5	12.5	12.5	12.5	12.5	12.5	12.5	12.5	12.5	12.5	12.5	12.5	12.5	12.5	12.5	12.5	12.5	12.5	12.5	12.5	12.5	12.5	12.5	12.5	12.5	12.5	12.5	12.5	12.5	12.5	12.5	12.5	12.5	12.5	12.5	12.5	12.5	12.5	12.5	12.5	12.5	12.5	12.5	12.5	12.5	12.5	12.5	12.5	12.5	12.5	12.5	12.5	12.5	12.5	12.5	12.5	12.5	12.5	12.5	12.5	12.5	12.5	12.5	12.5	12.5	12.5	12.5	12.5	12.5	12.5	12.5	12.5	12.5	12.5	12.5	12.5	12.5	12.5	12.5	12.5	12.5	12.5	12.5	12.5	12.5	12.5	12.5	12.5	12.5	12.5	12.5	12.5	12.5	12.5	12.5	12.5	12.5	12.5	12.5	12.5	12.5	12.5	12.5	12.5	12.5	12.5	12.5	12.5	12.5	12.5	12.5	12.5	12.5	12.5	12.5	12.5	12.5	12.5	12.5	12.5	12.5	12.5	12.5	12.5	12.5	12.5	12.5	12.5	12.5	12.5	12.5	12.5	12.5	12.5	12.5	12.5	12.5	12.5	12.5	12.5	12.5	12.5	12.5	12.5	12.5	12.5	12.5	12.5	12.5	12.5	12.5	12.5	12.5	12.5	12.5	12.5	12.5	12.5	25	25	25	25	50	50	25	25	25	25	100	100	50	25	12.5	12.5	12.5	12.5	25	25	50	50	12.5	12.5	12.5	12.5	12.5	12.5	12.5	12.5	25	25	12.5	12.5	12.5	12.5	12.5	12.5	12.5	12.5	25	25	50	50	12.5	12.5	12.5	12.5	12.5	12.5	12.5	12.5	25	25	12.5	12.5	12.5	12.5	12.5	12.5	12.5	12.5	25	25	50	50	12.5	12.5	12.5	12.5	12.5	12.5	12.5	12.5	25	25	12.5	12.5	12.5	12.5	12.5	12.5	12.5	12.5	25	25	50	50	12.5	12.5	12.5	12.5	12.5	12.5	12.5	12.5	25	25	12.5	12.5	12.5	12.5	12.5	12.5	12.5	12.5	25	25	50	50	25	25	25	25	50	50	50	100	100	100	100	100	100	100	100	100	100	100	100	100	100	100	100	</DataArray>
<DataArray type="Float32" Name="delc" format="ascii">100	100	100	100	100	100	100	100	100	100	100	100	100	100	100	100	100	100	100	100	100	100	100	100	100	100	50	50	25	25	25	25	50	50	50	25	25	25	25	25	25	25	25	50	50	25	25	25	25	25	25	25	25	50	50	25	25	25	25	25	25	25	25	50	50	25	25	25	25	25	25	25	25	50	50	50	50	100	100	50	25	12.5	12.5	12.5	12.5	12.5	12.5	12.5	12.5	25	25	12.5	12.5	12.5	12.5	12.5	12.5	12.5	12.5	25	50	12.5	12.5	12.5	12.5	12.5	12.5	12.5	12.5	12.5	12.5	12.5	12.5	12.5	12.5	12.5	12.5	12.5	12.5	12.5	12.5	12.5	12.5	12.5	12.5	12.5	12.5	12.5	12.5	12.5	12.5	12.5	12.5	12.5	12.5	12.5	12.5	12.5	12.5	12.5	12.5	12.5	12.5	12.5	12.5	12.5	12.5	12.5	12.5	12.5	12.5	12.5	12.5	12.5	12.5	12.5	12.5	12.5	12.5	12.5	12.5	12.5	12.5	12.5	12.5	12.5	12.5	12.5	12.5	12.5	12.5	12.5	12.5	12.5	12.5	12.5	12.5	12.5	12.5	12.5	12.5	12.5	12.5	12.5	12.5	12.5	12.5	12.5	12.5	12.5	12.5	12.5	12.5	12.5	12.5	12.5	12.5	12.5	12.5	12.5	12.5	12.5	12.5	12.5	12.5	12.5	12.5	12.5	12.5	12.5	12.5	12.5	12.5	12.5	12.5	12.5	12.5	12.5	12.5	12.5	12.5	12.5	12.5	12.5	12.5	12.5	12.5	12.5	12.5	12.5	12.5	12.5	12.5	12.5	12.5	12.5	12.5	12.5	12.5	12.5	12.5	12.5	12.5	12.5	12.5	12.5	12.5	12.5	12.5	12.5	12.5	12.5	12.5	12.5	12.5	12.5	12.5	12.5	12.5	12.5	12.5	12.5	12.5	12.5	12.5	12.5	12.5	12.5	12.5	12.5	12.5	12.5	12.5	12.5	12.5	12.5	12.5	12.5	12.5	12.5	12.5	12.5	12.5	12.5	12.5	12.5	12.5	12.5	12.5	12.5	12.5	12.5	12.5	12.5	12.5	12.5	12.5	12.5	12.5	12.5	12.5	12.5	12.5	12.5	12.5	12.5	12.5	12.5	12.5	12.5	12.5	12.5	12.5	12.5	12.5	12.5	12.5	12.5	12.5	12.5	12.5	12.5	12.5	12.5	12.5	12.5	12.5	12.5	12.5	12.5	12.5	12.5	12.5	12.5	12.5	12.5	12.5	12.5	12.5	12.5	12.5	12.5	12.5	12.5	12.5	12.5	12.5	12.5	12.5	12.5	12.5	12.5	12.5	12.5	12.5	12.5	12.5	25	25	25	25	50	50	25	25	25	25	100	100	50	25	12.5	12.5	12.5	12.5	25	25	50	50	12.5	12.5	12.5	12.5	12.5	12.5	12.5	12.5	25	25	12.5	12.5	12.5	12.5	12.5	12.5	12.5	12.5	25	25	50	50	12.5	12.5	12.5	12.5	12.5	12.5	12.5	12.5	25	25	12.5	12.5	12.5	12.5	12.5	12.5	12.5	12.5	25	25	50	50	12.5	12.5	12.5	12.5	12.5	12.5	12.5	12.5	25	25	12.5	12.5	12.5	12.5	12.5	12.5	12.5	12.5	25	25	50	50	12.5	12.5	12.5	12.5	12.5	12.5	12.5	12.5	25	25	12.5	12.5	12.5	12.5	12.5	12.5	12.5	12.5	25	25	50	50	25	25	25	25	50	50	50	100	100	100	100	100	100	100	100	100	100	100	100	100	100	100	100	100	100	100	100	100	100	100	100	100	100	100	100	100	100	100	100	100	100	100	100	100	100	100	100	100	100	50	50	25	25	25	25	50	50	50	25	25	25	25	25	25	25	25	50	50	25	25	25	25	25	25	25	25	50	50	25	25	25	25	25	25	25	25	50	50	25	25	25	25	25	25	25	25	50	50	50	50	100	100	50	25	12.5	12.5	12.5	12.5	12.5	12.5	12.5	12.5	25	25	12.5	12.5	12.5	12.5	12.5	12.5	12.5	12.5	25	50	12.5	12.5	12.5	12.5	12.5	12.5	12.5	12.5	12.5	12.5	12.5	12.5	12.5	12.5	12.5	12.5	12.5	12.5	12.5	12.5	12.5	12.5	12.5	12.5	12.5	12.5	12.5	12.5	12.5	12.5	12.5	12.5	12.5	12.5	12.5	12.5	12.5	12.5	12.5	12.5	12.5	12.5	12.5	12.5	12.5	12.5	12.5	12.5	12.5	12.5	12.5	12.5	12.5	12.5	12.5	12.5	12.5	12.5	12.5	12.5	12.5	12.5	12.5	12.5	12.5	12.5	12.5	12.5	12.5	12.5	12.5	12.5	12.5	12.5	12.5	12.5	12.5	12.5	12.5	12.5	12.5	12.5	12.5	12.5	12.5	12.5	12.5	12.5	12.5	12.5	12.5	12.5	12.5	12.5	12.5	12.5	12.5	12.5	12.5	12.5	12.5	12.5	12.5	12.5	12.5	12.5	12.5	12.5	12.5	12.5	12.5	12.5	12.5	12.5	12.5	12.5	12.5	12.5	12.5	12.5	12.5	12.5	12.5	12.5	12.5	12.5	12.5	12.5	12.5	12.5	12.5	12.5	12.5	12.5	12.5	12.5	12.5	12.5	12.5	12.5	12.5	12.5	12.5	12.5	12.5	12.5	12.5	12.5	12.5	12.5	12.5	12.5	12.5	12.5	12.5	12.5	12.5	12.5	12.5	12.5	12.5	12.5	12.5	12.5	12.5	12.5	12.5	12.5	12.5	12.5	12.5	12.5	12.5	12.5	12.5	12.5	12.5	12.5	12.5	12.5	12.5	12.5	12.5	12.5	12.5	12.5	12.5	12.5	12.5	12.5	12.5	12.5	12.5	12.5	12.5	12.5	12.5	12.5	12.5	12.5	12.5	12.5	12.5	12.5	12.5	12.5	12.5	12.5	12.5	12.5	12.5	12.5	12.5	12.5	12.5	12.5	12.5	12.5	12.5	12.5	12.5	12.5	12.5	12.5	12.5	12.5	12.5	12.5	12.5	12.5	12.5	12.5	12.5	12.5	12.5	12.5	12.5	12.5	12.5	12.5	12.5	12.5	12.5	12.5	12.5	12.5	12.5	12.5	12.5	12.5	12.5	12.5	12.5	12.5	12.5	12.5	25	25	25	25	50	50	25	25	25	25	100	100	50	25	12.5	12.5	12.5	12.5	25	25	50	50	12.5	12.5	12.5	12.5	12.5	12.5	12.5	12.5	25	25	12.5	12.5	12.5	12.5	12.5	12.5	12.5	12.5	25	25	50	50	12.5	12.5	12.5	12.5	12.5	12.5	12.5	12.5	25	25	12.5	12.5	12.5	12.5	12.5	12.5	12.5	12.5	25	25	50	50	12.5	12.5	12.5	12.5	12.5	12.5	12.5	12.5	25	25	12.5	12.5	12.5	12.5	12.5	12.5	12.5	12.5	25	25	50	50	12.5	12.5	12.5	12.5	12.5	12.5	12.5	12.5	25	25	12.5	12.5	12.5	12.5	12.5	12.5	12.5	12.5	25	25	50	50	25	25	25	25	50	50	50	100	100	100	100	100	100	100	100	100	100	100	100	100	100	100	100	100	100	100	100	100	100	100	100	100	100	100	100	100	100	100	100	100	100	100	100	100	100	100	100	100	100	50	50	25	25	25	25	50	50	50	25	25	25	25	25	25	25	25	50	50	25	25	25	25	25	25	25	25	50	50	25	25	25	25	25	25	25	25	50	50	25	25	25	25	25	25	25	25	50	50	50	50	100	100	50	25	12.5	12.5	12.5	12.5	12.5	12.5	12.5	12.5	25	25	12.5	12.5	12.5	12.5	12.5	12.5	12.5	12.5	25	50	12.5	12.5	12.5	12.5	12.5	12.5	12.5	12.5	12.5	12.5	12.5	12.5	12.5	12.5	12.5	12.5	12.5	12.5	12.5	12.5	12.5	12.5	12.5	12.5	12.5	12.5	12.5	12.5	12.5	12.5	12.5	12.5	12.5	12.5	12.5	12.5	12.5	12.5	12.5	12.5	12.5	12.5	12.5	12.5	12.5	12.5	12.5	12.5	12.5	12.5	12.5	12.5	12.5	12.5	12.5	12.5	12.5	12.5	12.5	12.5	12.5	12.5	12.5	12.5	12.5	12.5	12.5	12.5	12.5	12.5	12.5	12.5	12.5	12.5	12.5	12.5	12.5	12.5	12.5	12.5	12.5	12.5	12.5	12.5	12.5	12.5	12.5	12.5	12.5	12.5	12.5	12.5	12.5	12.5	12.5	12.5	12.5	12.5	12.5	12.5	12.5	12.5	12.5	12.5	12.5	12.5	12.5	12.5	12.5	12.5	12.5	12.5	12.5	12.5	12.5	12.5	12.5	12.5	12.5	12.5	12.5	12.5	12.5	12.5	12.5	12.5	12.5	12.5	12.5	12.5	12.5	12.5	12.5	12.5	12.5	12.5	12.5	12.5	12.5	12.5	12.5	12.5	12.5	12.5	12.5	12.5	12.5	12.5	12.5	12.5	12.5	12.5	12.5	12.5	12.5	12.5	12.5	12.5	12.5	12.5	12.5	12.5	12.5	12.5	12.5	12.5	12.5	12.5	12.5	12.5	12.5	12.5	12.5	12.5	12.5	12.5	12.5	12.5	12.5	12.5	12.5	12.5	12.5	12.5	12.5	12.5	12.5	12.5	12.5	12.5	12.5	12.5	12.5	12.5	12.5	12.5	12.5	12.5	12.5	12.5	12.5	12.5	12.5	12.5	12.5	12.5	12.5	12.5	12.5	12.5	12.5	12.5	12.5	12.5	12.5	12.5	12.5	12.5	12.5	12.5	12.5	12.5	12.5	12.5	12.5	12.5	12.5	12.5	12.5	12.5	12.5	12.5	12.5	12.5	12.5	12.5	12.5	12.5	12.5	12.5	12.5	12.5	12.5	12.5	12.5	12.5	12.5	12.5	12.5	12.5	12.5	12.5	12.5	12.5	12.5	12.5	25	25	25	25	50	50	25	25	25	25	100	100	50	25	12.5	12.5	12.5	12.5	25	25	50	50	12.5	12.5	12.5	12.5	12.5	12.5	12.5	12.5	25	25	12.5	12.5	12.5	12.5	12.5	12.5	12.5	12.5	25	25	50	50	12.5	12.5	12.5	12.5	12.5	12.5	12.5	12.5	25	25	12.5	12.5	12.5	12.5	12.5	12.5	12.5	12.5	25	25	50	50	12.5	12.5	12.5	12.5	12.5	12.5	12.5	12.5	25	25	12.5	12.5	12.5	12.5	12.5	12.5	12.5	12.5	25	25	50	50	12.5	12.5	12.5	12.5	12.5	12.5	12.5	12.5	25	25	12.5	12.5	12.5	12.5	12.5	12.5	12.5	12.5	25	25	50	50	25	25	25	25	50	50	50	100	100	100	100	100	100	100	100	100	100	100	100	100	100	100	100	100	100	100	100	100	100	100	100	100	100	100	100	100	100	100	100	100	100	100	100	100	100	100	100	100	100	50	50	25	25	25	25	50	50	50	25	25	25	25	25	25	25	25	50	50	25	25	25	25	25	25	25	25	50	50	25	25	25	25	25	25	25	25	50	50	25	25	25	25	25	25	25	25	50	50	50	50	100	100	50	25	12.5	12.5	12.5	12.5	12.5	12.5	12.5	12.5	25	25	12.5	12.5	12.5	12.5	12.5	12.5	12.5	12.5	25	50	12.5	12.5	12.5	12.5	12.5	12.5	12.5	12.5	12.5	12.5	12.5	12.5	12.5	12.5	12.5	12.5	12.5	12.5	12.5	12.5	12.5	12.5	12.5	12.5	12.5	12.5	12.5	12.5	12.5	12.5	12.5	12.5	12.5	12.5	12.5	12.5	12.5	12.5	12.5	12.5	12.5	12.5	12.5	12.5	12.5	12.5	12.5	12.5	12.5	12.5	12.5	12.5	12.5	12.5	12.5	12.5	12.5	12.5	12.5	12.5	12.5	12.5	12.5	12.5	12.5	12.5	12.5	12.5	12.5	12.5	12.5	12.5	12.5	12.5	12.5	12.5	12.5	12.5	12.5	12.5	12.5	12.5	12.5	12.5	12.5	12.5	12.5	12.5	12.5	12.5	12.5	12.5	12.5	12.5	12.5	12.5	12.5	12.5	12.5	12.5	12.5	12.5	12.5	12.5	12.5	12.5	12.5	12.5	12.5	12.5	12.5	12.5	12.5	12.5	12.5	12.5	12.5	12.5	12.5	12.5	12.5	12.5	12.5	12.5	12.5	12.5	12.5	12.5	12.5	12.5	12.5	12.5	12.5	12.5	12.5	12.5	12.5	12.5	12.5	12.5	12.5	12.5	12.5	12.5	12.5	12.5	12.5	12.5	12.5	12.5	12.5	12.5	12.5	12.5	12.5	12.5	12.5	12.5	12.5	12.5	12.5	12.5	12.5	12.5	12.5	12.5	12.5	12.5	12.5	12.5	12.5	12.5	12.5	12.5	12.5	12.5	12.5	12.5	12.5	12.5	12.5	12.5	12.5	12.5	12.5	12.5	12.5	12.5	12.5	12.5	12.5	12.5	12.5	12.5	12.5	12.5	12.5	12.5	12.5	12.5	12.5	12.5	12.5	12.5	12.5	12.5	12.5	12.5	12.5	12.5	12.5	12.5	12.5	12.5	12.5	12.5	12.5	12.5	12.5	12.5	12.5	12.5	12.5	12.5	12.5	12.5	12.5	12.5	12.5	12.5	12.5	12.5	12.5	12.5	12.5	12.5	12.5	12.5	12.5	12.5	12.5	12.5	12.5	12.5	12.5	12.5	12.5	12.5	12.5	12.5	12.5	12.5	12.5	12.5	12.5	12.5	25	25	25	25	50	50	25	25	25	25	100	100	50	25	12.5	12.5	12.5	12.5	25	25	50	50	12.5	12.5	12.5	12.5	12.5	12.5	12.5	12.5	25	25	12.5	12.5	12.5	12.5	12.5	12.5	12.5	12.5	25	25	50	50	12.5	12.5	12.5	12.5	12.5	12.5	12.5	12.5	25	25	12.5	12.5	12.5	12.5	12.5	12.5	12.5	12.5	25	25	50	50	12.5	12.5	12.5	12.5	12.5	12.5	12.5	12.5	25	25	12.5	12.5	12.5	12.5	12.5	12.5	12.5	12.5	25	25	50	50	12.5	12.5	12.5	12.5	12.5	12.5	12.5	12.5	25	25	12.5	12.5	12.5	12.5	12.5	12.5	12.5	12.5	25	25	50	50	25	25	25	25	50	50	50	100	100	100	100	100	100	100	100	100	100	100	100	100	100	100	100	</DataArray>
</CellData>
</Piece>
</UnstructuredGrid>
</VTKFile>
