1 2 37 916 
2 1 3 38 917 
3 2 4 39 918 
4 3 5 40 919 
5 4 6 8 41 920 
6 5 7 8 921 
7 6 9 10 13 922 
8 5 6 9 11 42 923 
9 7 8 10 11 924 
10 7 9 12 15 925 
11 8 9 12 43 926 
12 10 11 17 43 927 
13 7 14 15 16 928 
14 13 19 20 929 
15 10 13 16 17 930 
16 13 15 18 19 931 
17 12 15 18 46 932 
18 16 17 19 47 933 
19 14 16 18 20 50 51 934 
20 14 19 21 59 60 935 
21 20 22 66 936 
22 21 23 67 937 
23 22 24 68 938 
24 23 25 69 939 
25 24 26 70 940 
26 25 27 71 941 
27 26 28 72 942 
28 27 29 73 943 
29 28 30 74 944 
30 29 31 75 945 
31 30 32 76 946 
32 31 33 77 947 
33 32 34 78 948 
34 33 35 79 949 
35 34 36 80 950 
36 35 81 951 
37 1 38 82 952 
38 2 37 39 83 953 
39 3 38 40 84 954 
40 4 39 41 85 955 
41 5 40 42 44 86 956 
42 8 41 43 44 957 
43 11 12 42 45 46 48 958 
44 41 42 45 87 959 
45 43 44 54 87 960 
46 17 43 47 48 961 
47 18 46 49 50 962 
48 43 46 49 54 963 
49 47 48 52 54 964 
50 19 47 51 52 965 
51 19 50 53 59 966 
52 49 50 53 55 967 
53 51 52 56 59 968 
54 45 48 49 55 57 88 969 
55 52 54 56 57 970 
56 53 55 58 61 971 
57 54 55 58 89 972 
58 56 57 63 89 973 
59 20 51 53 60 61 62 974 
60 20 59 65 66 975 
61 56 59 62 63 976 
62 59 61 64 65 977 
63 58 61 64 92 978 
64 62 63 65 93 979 
65 60 62 64 66 96 97 980 
66 21 60 65 67 108 109 981 
67 22 66 68 115 982 
68 23 67 69 116 983 
69 24 68 70 117 984 
70 25 69 71 118 985 
71 26 70 72 119 986 
72 27 71 73 120 987 
73 28 72 74 121 988 
74 29 73 75 122 989 
75 30 74 76 123 990 
76 31 75 77 124 991 
77 32 76 78 125 992 
78 33 77 79 126 993 
79 34 78 80 127 994 
80 35 79 81 128 995 
81 36 80 129 996 
82 37 83 130 997 
83 38 82 84 131 998 
84 39 83 85 132 999 
85 40 84 86 133 1000 
86 41 85 87 134 1001 
87 44 45 86 88 90 135 1002 
88 54 87 89 90 1003 
89 57 58 88 91 92 94 1004 
90 87 88 91 136 1005 
91 89 90 100 102 136 1006 
92 63 89 93 94 1007 
93 64 92 95 96 1008 
94 89 92 95 100 1009 
95 93 94 98 101 1010 
96 65 93 97 98 1011 
97 65 96 99 108 1012 
98 95 96 99 104 1013 
99 97 98 105 108 1014 
100 91 94 101 102 1015 
101 95 100 103 104 1016 
102 91 100 103 137 1017 
103 101 102 106 137 1018 
104 98 101 105 106 1019 
105 99 104 107 110 1020 
106 103 104 107 138 1021 
107 105 106 112 139 1022 
108 66 97 99 109 110 111 1023 
109 66 108 114 115 1024 
110 105 108 111 112 1025 
111 108 110 113 114 1026 
112 107 110 113 144 1027 
113 111 112 114 145 1028 
114 109 111 113 115 148 149 1029 
115 67 109 114 116 160 161 1030 
116 68 115 117 167 1031 
117 69 116 118 168 1032 
118 70 117 119 169 1033 
119 71 118 120 170 1034 
120 72 119 121 171 1035 
121 73 120 122 172 1036 
122 74 121 123 173 1037 
123 75 122 124 174 1038 
124 76 123 125 175 1039 
125 77 124 126 176 1040 
126 78 125 127 177 1041 
127 79 126 128 178 1042 
128 80 127 129 179 1043 
129 81 128 180 1044 
130 82 131 181 1045 
131 83 130 132 182 1046 
132 84 131 133 183 1047 
133 85 132 134 184 1048 
134 86 133 135 185 1049 
135 87 134 136 186 1050 
136 90 91 135 137 142 187 1051 
137 102 103 136 138 140 142 1052 
138 106 137 139 140 1053 
139 107 138 141 144 1054 
140 137 138 141 143 1055 
141 139 140 143 146 1056 
142 136 137 143 188 1057 
143 140 141 142 152 154 188 1058 
144 112 139 145 146 1059 
145 113 144 147 148 1060 
146 141 144 147 152 1061 
147 145 146 150 153 1062 
148 114 145 149 150 1063 
149 114 148 151 160 1064 
150 147 148 151 156 1065 
151 149 150 157 160 1066 
152 143 146 153 154 1067 
153 147 152 155 156 1068 
154 143 152 155 189 1069 
155 153 154 158 189 1070 
156 150 153 157 158 1071 
157 151 156 159 162 1072 
158 155 156 159 190 1073 
159 157 158 164 191 1074 
160 115 149 151 161 162 163 1075 
161 115 160 166 167 1076 
162 157 160 163 164 1077 
163 160 162 165 166 1078 
164 159 162 165 199 1079 
165 163 164 166 200 1080 
166 161 163 165 167 203 204 1081 
167 116 161 166 168 215 216 1082 
168 117 167 169 222 1083 
169 118 168 170 223 1084 
170 119 169 171 224 1085 
171 120 170 172 225 1086 
172 121 171 173 226 1087 
173 122 172 174 227 1088 
174 123 173 175 228 1089 
175 124 174 176 229 1090 
176 125 175 177 230 1091 
177 126 176 178 231 1092 
178 127 177 179 232 1093 
179 128 178 180 233 1094 
180 129 179 234 1095 
181 130 182 235 1096 
182 131 181 183 236 1097 
183 132 182 184 237 1098 
184 133 183 185 238 1099 
185 134 184 186 239 1100 
186 135 185 187 240 1101 
187 136 186 188 241 1102 
188 142 143 187 189 194 242 1103 
189 154 155 188 190 192 194 1104 
190 158 189 191 192 1105 
191 159 190 193 199 1106 
192 189 190 193 195 1107 
193 191 192 196 201 1108 
194 188 189 195 197 243 1109 
195 192 194 196 197 1110 
196 193 195 198 207 1111 
197 194 195 198 244 1112 
198 196 197 209 244 1113 
199 164 191 200 201 1114 
200 165 199 202 203 1115 
201 193 199 202 207 1116 
202 200 201 205 208 1117 
203 166 200 204 205 1118 
204 166 203 206 215 1119 
205 202 203 206 211 1120 
206 204 205 212 215 1121 
207 196 201 208 209 1122 
208 202 207 210 211 1123 
209 198 207 210 247 1124 
210 208 209 213 248 1125 
211 205 208 212 213 1126 
212 206 211 214 217 1127 
213 210 211 214 251 1128 
214 212 213 219 252 1129 
215 167 204 206 216 217 218 1130 
216 167 215 221 222 1131 
217 212 215 218 219 1132 
218 215 217 220 221 1133 
219 214 217 220 260 1134 
220 218 219 221 261 1135 
221 216 218 220 222 264 265 1136 
222 168 216 221 223 276 277 1137 
223 169 222 224 283 1138 
224 170 223 225 284 1139 
225 171 224 226 285 1140 
226 172 225 227 286 1141 
227 173 226 228 287 1142 
228 174 227 229 288 1143 
229 175 228 230 289 1144 
230 176 229 231 290 1145 
231 177 230 232 291 1146 
232 178 231 233 292 1147 
233 179 232 234 293 1148 
234 180 233 294 1149 
235 181 236 295 1150 
236 182 235 237 296 1151 
237 183 236 238 297 1152 
238 184 237 239 298 1153 
239 185 238 240 299 1154 
240 186 239 241 300 1155 
241 187 240 242 301 1156 
242 188 241 243 245 302 1157 
243 194 242 244 245 1158 
244 197 198 243 246 247 249 1159 
245 242 243 246 303 1160 
246 244 245 255 303 1161 
247 209 244 248 249 1162 
248 210 247 250 251 1163 
249 244 247 250 255 1164 
250 248 249 253 255 1165 
251 213 248 252 253 1166 
252 214 251 254 260 1167 
253 250 251 254 256 1168 
254 252 253 257 262 1169 
255 246 249 250 256 258 304 1170 
256 253 255 257 258 1171 
257 254 256 259 268 1172 
258 255 256 259 305 1173 
259 257 258 270 305 1174 
260 219 252 261 262 1175 
261 220 260 263 264 1176 
262 254 260 263 268 1177 
263 261 262 266 269 1178 
264 221 261 265 266 1179 
265 221 264 267 276 1180 
266 263 264 267 272 1181 
267 265 266 273 276 1182 
268 257 262 269 270 1183 
269 263 268 271 272 1184 
270 259 268 271 308 1185 
271 269 270 274 309 1186 
272 266 269 273 274 1187 
273 267 272 275 278 1188 
274 271 272 275 312 1189 
275 273 274 280 313 1190 
276 222 265 267 277 278 279 1191 
277 222 276 282 283 1192 
278 273 276 279 280 1193 
279 276 278 281 282 1194 
280 275 278 281 321 1195 
281 279 280 282 322 1196 
282 277 279 281 283 325 326 1197 
283 223 277 282 284 337 338 1198 
284 224 283 285 344 1199 
285 225 284 286 345 1200 
286 226 285 287 346 1201 
287 227 286 288 347 1202 
288 228 287 289 348 1203 
289 229 288 290 349 1204 
290 230 289 291 350 1205 
291 231 290 292 351 1206 
292 232 291 293 352 1207 
293 233 292 294 353 1208 
294 234 293 354 1209 
295 235 296 355 1210 
296 236 295 297 356 1211 
297 237 296 298 357 1212 
298 238 297 299 358 1213 
299 239 298 300 359 1214 
300 240 299 301 360 1215 
301 241 300 302 361 1216 
302 242 301 303 362 1217 
303 245 246 302 304 306 363 1218 
304 255 303 305 306 1219 
305 258 259 304 307 308 310 1220 
306 303 304 307 364 1221 
307 305 306 316 364 1222 
308 270 305 309 310 1223 
309 271 308 311 312 1224 
310 305 308 311 316 1225 
311 309 310 314 316 1226 
312 274 309 313 314 1227 
313 275 312 315 321 1228 
314 311 312 315 317 1229 
315 313 314 318 323 1230 
316 307 310 311 317 319 365 1231 
317 314 316 318 319 1232 
318 315 317 320 329 1233 
319 316 317 320 366 1234 
320 318 319 331 367 1235 
321 280 313 322 323 1236 
322 281 321 324 325 1237 
323 315 321 324 329 1238 
324 322 323 327 330 1239 
325 282 322 326 327 1240 
326 282 325 328 337 1241 
327 324 325 328 333 1242 
328 326 327 334 337 1243 
329 318 323 330 331 1244 
330 324 329 332 333 1245 
331 320 329 332 372 1246 
332 330 331 335 373 1247 
333 327 330 334 335 1248 
334 328 333 336 339 1249 
335 332 333 336 376 1250 
336 334 335 341 377 1251 
337 283 326 328 338 339 340 1252 
338 283 337 343 344 1253 
339 334 337 340 341 1254 
340 337 339 342 343 1255 
341 336 339 342 388 1256 
342 340 341 343 389 1257 
343 338 340 342 344 392 393 1258 
344 284 338 343 345 404 405 1259 
345 285 344 346 411 1260 
346 286 345 347 412 1261 
347 287 346 348 413 1262 
348 288 347 349 414 1263 
349 289 348 350 415 1264 
350 290 349 351 416 1265 
351 291 350 352 417 1266 
352 292 351 353 418 1267 
353 293 352 354 419 1268 
354 294 353 420 1269 
355 295 356 421 1270 
356 296 355 357 422 1271 
357 297 356 358 423 1272 
358 298 357 359 424 1273 
359 299 358 360 425 1274 
360 300 359 361 426 1275 
361 301 360 362 427 1276 
362 302 361 363 428 1277 
363 303 362 364 429 1278 
364 306 307 363 365 370 430 1279 
365 316 364 366 368 370 1280 
366 319 365 367 368 1281 
367 320 366 369 372 1282 
368 365 366 369 371 1283 
369 367 368 371 374 1284 
370 364 365 371 431 1285 
371 368 369 370 380 382 431 1286 
372 331 367 373 374 1287 
373 332 372 375 376 1288 
374 369 372 375 380 1289 
375 373 374 378 381 1290 
376 335 373 377 378 1291 
377 336 376 379 388 1292 
378 375 376 379 384 1293 
379 377 378 385 390 1294 
380 371 374 381 382 1295 
381 375 380 383 384 1296 
382 371 380 383 432 1297 
383 381 382 386 432 1298 
384 378 381 385 386 1299 
385 379 384 387 396 1300 
386 383 384 387 433 1301 
387 385 386 398 434 1302 
388 341 377 389 390 1303 
389 342 388 391 392 1304 
390 379 388 391 396 1305 
391 389 390 394 397 1306 
392 343 389 393 394 1307 
393 343 392 395 404 1308 
394 391 392 395 400 1309 
395 393 394 401 404 1310 
396 385 390 397 398 1311 
397 391 396 399 400 1312 
398 387 396 399 439 1313 
399 397 398 402 440 1314 
400 394 397 401 402 1315 
401 395 400 403 406 1316 
402 399 400 403 443 1317 
403 401 402 408 444 1318 
404 344 393 395 405 406 407 1319 
405 344 404 410 411 1320 
406 401 404 407 408 1321 
407 404 406 409 410 1322 
408 403 406 409 455 1323 
409 407 408 410 456 1324 
410 405 407 409 411 459 460 1325 
411 345 405 410 412 471 472 1326 
412 346 411 413 478 1327 
413 347 412 414 479 1328 
414 348 413 415 480 1329 
415 349 414 416 481 1330 
416 350 415 417 482 1331 
417 351 416 418 483 1332 
418 352 417 419 484 1333 
419 353 418 420 485 1334 
420 354 419 486 1335 
421 355 422 487 1336 
422 356 421 423 488 1337 
423 357 422 424 489 1338 
424 358 423 425 490 1339 
425 359 424 426 491 1340 
426 360 425 427 492 1341 
427 361 426 428 493 1342 
428 362 427 429 494 1343 
429 363 428 430 495 1344 
430 364 429 431 496 1345 
431 370 371 430 432 437 497 1346 
432 382 383 431 433 435 437 1347 
433 386 432 434 435 1348 
434 387 433 436 439 1349 
435 432 433 436 438 1350 
436 434 435 438 441 1351 
437 431 432 438 498 1352 
438 435 436 437 447 449 499 1353 
439 398 434 440 441 1354 
440 399 439 442 443 1355 
441 436 439 442 447 1356 
442 440 441 445 448 1357 
443 402 440 444 445 1358 
444 403 443 446 455 1359 
445 442 443 446 451 1360 
446 444 445 452 457 1361 
447 438 441 448 449 1362 
448 442 447 450 451 1363 
449 438 447 450 502 1364 
450 448 449 453 503 1365 
451 445 448 452 453 1366 
452 446 451 454 463 1367 
453 450 451 454 506 1368 
454 452 453 465 507 1369 
455 408 444 456 457 1370 
456 409 455 458 459 1371 
457 446 455 458 463 1372 
458 456 457 461 464 1373 
459 410 456 460 461 1374 
460 410 459 462 471 1375 
461 458 459 462 467 1376 
462 460 461 468 471 1377 
463 452 457 464 465 1378 
464 458 463 466 467 1379 
465 454 463 466 515 1380 
466 464 465 469 516 1381 
467 461 464 468 469 1382 
468 462 467 470 473 1383 
469 466 467 470 519 1384 
470 468 469 475 520 1385 
471 411 460 462 472 473 474 1386 
472 411 471 477 478 1387 
473 468 471 474 475 1388 
474 471 473 476 477 1389 
475 470 473 476 531 1390 
476 474 475 477 532 1391 
477 472 474 476 478 535 536 1392 
478 412 472 477 479 547 548 1393 
479 413 478 480 554 1394 
480 414 479 481 555 1395 
481 415 480 482 556 1396 
482 416 481 483 557 1397 
483 417 482 484 558 1398 
484 418 483 485 559 1399 
485 419 484 486 560 1400 
486 420 485 561 1401 
487 421 488 562 1402 
488 422 487 489 563 1403 
489 423 488 490 564 1404 
490 424 489 491 565 1405 
491 425 490 492 566 1406 
492 426 491 493 567 1407 
493 427 492 494 568 1408 
494 428 493 495 569 1409 
495 429 494 496 570 1410 
496 430 495 497 571 1411 
497 431 496 498 500 572 1412 
498 437 497 499 500 1413 
499 438 498 501 502 504 1414 
500 497 498 501 573 1415 
501 499 500 510 573 1416 
502 449 499 503 504 1417 
503 450 502 505 506 1418 
504 499 502 505 510 1419 
505 503 504 508 510 1420 
506 453 503 507 508 1421 
507 454 506 509 515 1422 
508 505 506 509 511 1423 
509 507 508 512 517 1424 
510 501 504 505 511 513 574 1425 
511 508 510 512 513 1426 
512 509 511 514 523 1427 
513 510 511 514 575 1428 
514 512 513 525 575 1429 
515 465 507 516 517 1430 
516 466 515 518 519 1431 
517 509 515 518 523 1432 
518 516 517 521 524 1433 
519 469 516 520 521 1434 
520 470 519 522 531 1435 
521 518 519 522 527 1436 
522 520 521 528 533 1437 
523 512 517 524 525 1438 
524 518 523 526 527 1439 
525 514 523 526 578 1440 
526 524 525 529 579 1441 
527 521 524 528 529 1442 
528 522 527 530 539 1443 
529 526 527 530 582 1444 
530 528 529 541 583 1445 
531 475 520 532 533 1446 
532 476 531 534 535 1447 
533 522 531 534 539 1448 
534 532 533 537 540 1449 
535 477 532 536 537 1450 
536 477 535 538 547 1451 
537 534 535 538 543 1452 
538 536 537 544 547 1453 
539 528 533 540 541 1454 
540 534 539 542 543 1455 
541 530 539 542 591 1456 
542 540 541 545 592 1457 
543 537 540 544 545 1458 
544 538 543 546 549 1459 
545 542 543 546 595 1460 
546 544 545 551 596 1461 
547 478 536 538 548 549 550 1462 
548 478 547 553 554 1463 
549 544 547 550 551 1464 
550 547 549 552 553 1465 
551 546 549 552 607 1466 
552 550 551 553 608 1467 
553 548 550 552 554 611 612 1468 
554 479 548 553 555 623 624 1469 
555 480 554 556 627 1470 
556 481 555 557 628 1471 
557 482 556 558 629 1472 
558 483 557 559 630 1473 
559 484 558 560 631 1474 
560 485 559 561 632 1475 
561 486 560 633 1476 
562 487 563 634 1477 
563 488 562 564 635 1478 
564 489 563 565 636 1479 
565 490 564 566 637 1480 
566 491 565 567 638 1481 
567 492 566 568 639 1482 
568 493 567 569 640 1483 
569 494 568 570 641 1484 
570 495 569 571 642 1485 
571 496 570 572 643 1486 
572 497 571 573 644 1487 
573 500 501 572 574 576 645 1488 
574 510 573 575 576 1489 
575 513 514 574 577 578 580 1490 
576 573 574 577 646 1491 
577 575 576 586 646 1492 
578 525 575 579 580 1493 
579 526 578 581 582 1494 
580 575 578 581 586 1495 
581 579 580 584 586 1496 
582 529 579 583 584 1497 
583 530 582 585 591 1498 
584 581 582 585 587 1499 
585 583 584 588 593 1500 
586 577 580 581 587 589 647 1501 
587 584 586 588 589 1502 
588 585 587 590 599 1503 
589 586 587 590 648 1504 
590 588 589 601 648 1505 
591 541 583 592 593 1506 
592 542 591 594 595 1507 
593 585 591 594 599 1508 
594 592 593 597 600 1509 
595 545 592 596 597 1510 
596 546 595 598 607 1511 
597 594 595 598 603 1512 
598 596 597 604 609 1513 
599 588 593 600 601 1514 
600 594 599 602 603 1515 
601 590 599 602 651 1516 
602 600 601 605 652 1517 
603 597 600 604 605 1518 
604 598 603 606 615 1519 
605 602 603 606 655 1520 
606 604 605 617 656 1521 
607 551 596 608 609 1522 
608 552 607 610 611 1523 
609 598 607 610 615 1524 
610 608 609 613 616 1525 
611 553 608 612 613 1526 
612 553 611 614 623 1527 
613 610 611 614 619 1528 
614 612 613 620 623 1529 
615 604 609 616 617 1530 
616 610 615 618 619 1531 
617 606 615 618 667 1532 
618 616 617 621 668 1533 
619 613 616 620 621 1534 
620 614 619 622 625 1535 
621 618 619 622 671 1536 
622 620 621 625 672 1537 
623 554 612 614 624 625 1538 
624 554 623 626 627 1539 
625 620 622 623 626 683 684 1540 
626 624 625 627 687 1541 
627 555 624 626 628 693 1542 
628 556 627 629 694 1543 
629 557 628 630 695 1544 
630 558 629 631 696 1545 
631 559 630 632 697 1546 
632 560 631 633 698 1547 
633 561 632 699 1548 
634 562 635 700 1549 
635 563 634 636 701 1550 
636 564 635 637 702 1551 
637 565 636 638 703 1552 
638 566 637 639 704 1553 
639 567 638 640 705 1554 
640 568 639 641 706 1555 
641 569 640 642 707 1556 
642 570 641 643 708 1557 
643 571 642 644 709 1558 
644 572 643 645 710 1559 
645 573 644 646 711 1560 
646 576 577 645 647 649 712 1561 
647 586 646 648 649 1562 
648 589 590 647 650 651 653 1563 
649 646 647 650 713 1564 
650 648 649 659 661 713 1565 
651 601 648 652 653 1566 
652 602 651 654 655 1567 
653 648 651 654 659 1568 
654 652 653 657 660 1569 
655 605 652 656 657 1570 
656 606 655 658 667 1571 
657 654 655 658 663 1572 
658 656 657 664 669 1573 
659 650 653 660 661 1574 
660 654 659 662 663 1575 
661 650 659 662 714 1576 
662 660 661 665 714 1577 
663 657 660 664 665 1578 
664 658 663 666 675 1579 
665 662 663 666 715 1580 
666 664 665 677 716 1581 
667 617 656 668 669 1582 
668 618 667 670 671 1583 
669 658 667 670 675 1584 
670 668 669 673 676 1585 
671 621 668 672 673 1586 
672 622 671 674 683 1587 
673 670 671 674 679 1588 
674 672 673 680 685 1589 
675 664 669 676 677 1590 
676 670 675 678 679 1591 
677 666 675 678 721 1592 
678 676 677 681 722 1593 
679 673 676 680 681 1594 
680 674 679 682 688 1595 
681 678 679 682 725 1596 
682 680 681 690 726 1597 
683 625 672 684 685 1598 
684 625 683 686 687 1599 
685 674 683 686 688 1600 
686 684 685 687 689 1601 
687 626 684 686 692 693 1602 
688 680 685 689 690 1603 
689 686 688 691 692 1604 
690 682 688 691 737 1605 
691 689 690 692 738 1606 
692 687 689 691 693 741 742 1607 
693 627 687 692 694 753 754 1608 
694 628 693 695 757 1609 
695 629 694 696 758 1610 
696 630 695 697 759 1611 
697 631 696 698 760 1612 
698 632 697 699 761 1613 
699 633 698 762 1614 
700 634 701 763 1615 
701 635 700 702 764 1616 
702 636 701 703 765 1617 
703 637 702 704 766 1618 
704 638 703 705 767 1619 
705 639 704 706 768 1620 
706 640 705 707 769 1621 
707 641 706 708 770 1622 
708 642 707 709 771 1623 
709 643 708 710 772 1624 
710 644 709 711 773 1625 
711 645 710 712 774 1626 
712 646 711 713 775 1627 
713 649 650 712 714 719 776 1628 
714 661 662 713 715 717 719 1629 
715 665 714 716 717 1630 
716 666 715 718 721 1631 
717 714 715 718 720 1632 
718 716 717 720 723 1633 
719 713 714 720 777 1634 
720 717 718 719 729 731 777 1635 
721 677 716 722 723 1636 
722 678 721 724 725 1637 
723 718 721 724 729 1638 
724 722 723 727 730 1639 
725 681 722 726 727 1640 
726 682 725 728 737 1641 
727 724 725 728 733 1642 
728 726 727 734 739 1643 
729 720 723 730 731 1644 
730 724 729 732 733 1645 
731 720 729 732 778 1646 
732 730 731 735 778 1647 
733 727 730 734 735 1648 
734 728 733 736 745 1649 
735 732 733 736 779 1650 
736 734 735 747 780 1651 
737 690 726 738 739 1652 
738 691 737 740 741 1653 
739 728 737 740 745 1654 
740 738 739 743 746 1655 
741 692 738 742 743 1656 
742 692 741 744 753 1657 
743 740 741 744 749 1658 
744 742 743 750 753 1659 
745 734 739 746 747 1660 
746 740 745 748 749 1661 
747 736 745 748 788 1662 
748 746 747 751 789 1663 
749 743 746 750 751 1664 
750 744 749 752 755 1665 
751 748 749 752 792 1666 
752 750 751 755 793 1667 
753 693 742 744 754 755 1668 
754 693 753 756 757 1669 
755 750 752 753 756 804 1670 
756 754 755 757 805 1671 
757 694 754 756 758 811 1672 
758 695 757 759 812 1673 
759 696 758 760 813 1674 
760 697 759 761 814 1675 
761 698 760 762 815 1676 
762 699 761 816 1677 
763 700 764 817 1678 
764 701 763 765 818 1679 
765 702 764 766 819 1680 
766 703 765 767 820 1681 
767 704 766 768 821 1682 
768 705 767 769 822 1683 
769 706 768 770 823 1684 
770 707 769 771 824 1685 
771 708 770 772 825 1686 
772 709 771 773 826 1687 
773 710 772 774 827 1688 
774 711 773 775 828 1689 
775 712 774 776 829 1690 
776 713 775 777 830 1691 
777 719 720 776 778 783 831 1692 
778 731 732 777 779 781 783 1693 
779 735 778 780 781 1694 
780 736 779 782 788 1695 
781 778 779 782 784 1696 
782 780 781 785 790 1697 
783 777 778 784 786 832 1698 
784 781 783 785 786 1699 
785 782 784 787 796 1700 
786 783 784 787 833 1701 
787 785 786 798 833 1702 
788 747 780 789 790 1703 
789 748 788 791 792 1704 
790 782 788 791 796 1705 
791 789 790 794 797 1706 
792 751 789 793 794 1707 
793 752 792 795 804 1708 
794 791 792 795 800 1709 
795 793 794 801 804 1710 
796 785 790 797 798 1711 
797 791 796 799 800 1712 
798 787 796 799 836 1713 
799 797 798 802 837 1714 
800 794 797 801 802 1715 
801 795 800 803 806 1716 
802 799 800 803 840 1717 
803 801 802 808 841 1718 
804 755 793 795 805 806 807 1719 
805 756 804 810 811 1720 
806 801 804 807 808 1721 
807 804 806 809 810 1722 
808 803 806 809 849 1723 
809 807 808 810 850 1724 
810 805 807 809 811 853 1725 
811 757 805 810 812 862 863 1726 
812 758 811 813 866 1727 
813 759 812 814 867 1728 
814 760 813 815 868 1729 
815 761 814 816 869 1730 
816 762 815 870 1731 
817 763 818 871 1732 
818 764 817 819 872 1733 
819 765 818 820 873 1734 
820 766 819 821 874 1735 
821 767 820 822 875 1736 
822 768 821 823 876 1737 
823 769 822 824 877 1738 
824 770 823 825 878 1739 
825 771 824 826 879 1740 
826 772 825 827 880 1741 
827 773 826 828 881 1742 
828 774 827 829 882 1743 
829 775 828 830 883 1744 
830 776 829 831 884 1745 
831 777 830 832 834 885 1746 
832 783 831 833 834 1747 
833 786 787 832 835 836 838 1748 
834 831 832 835 886 1749 
835 833 834 844 886 1750 
836 798 833 837 838 1751 
837 799 836 839 840 1752 
838 833 836 839 844 1753 
839 837 838 842 844 1754 
840 802 837 841 842 1755 
841 803 840 843 849 1756 
842 839 840 843 845 1757 
843 841 842 846 851 1758 
844 835 838 839 845 847 887 1759 
845 842 844 846 847 1760 
846 843 845 848 854 1761 
847 844 845 848 888 1762 
848 846 847 856 888 1763 
849 808 841 850 851 1764 
850 809 849 852 853 1765 
851 843 849 852 854 1766 
852 850 851 853 855 1767 
853 810 850 852 858 859 862 1768 
854 846 851 855 856 1769 
855 852 854 857 858 1770 
856 848 854 857 891 1771 
857 855 856 860 892 1772 
858 853 855 859 860 1773 
859 853 858 861 864 1774 
860 857 858 861 895 1775 
861 859 860 864 896 1776 
862 811 853 863 864 1777 
863 811 862 865 866 1778 
864 859 861 862 865 904 1779 
865 863 864 866 905 1780 
866 812 863 865 867 911 1781 
867 813 866 868 912 1782 
868 814 867 869 913 1783 
869 815 868 870 914 1784 
870 816 869 915 1785 
871 817 872 1786 
872 818 871 873 1787 
873 819 872 874 1788 
874 820 873 875 1789 
875 821 874 876 1790 
876 822 875 877 1791 
877 823 876 878 1792 
878 824 877 879 1793 
879 825 878 880 1794 
880 826 879 881 1795 
881 827 880 882 1796 
882 828 881 883 1797 
883 829 882 884 1798 
884 830 883 885 1799 
885 831 884 886 1800 
886 834 835 885 887 889 1801 
887 844 886 888 889 1802 
888 847 848 887 890 891 893 1803 
889 886 887 890 1804 
890 888 889 899 1805 
891 856 888 892 893 1806 
892 857 891 894 895 1807 
893 888 891 894 899 1808 
894 892 893 897 899 1809 
895 860 892 896 897 1810 
896 861 895 898 904 1811 
897 894 895 898 900 1812 
898 896 897 901 904 1813 
899 890 893 894 900 902 1814 
900 897 899 901 902 1815 
901 898 900 903 906 1816 
902 899 900 903 1817 
903 901 902 908 1818 
904 864 896 898 905 906 907 1819 
905 865 904 910 911 1820 
906 901 904 907 908 1821 
907 904 906 909 910 1822 
908 903 906 909 1823 
909 907 908 910 1824 
910 905 907 909 911 1825 
911 866 905 910 912 1826 
912 867 911 913 1827 
913 868 912 914 1828 
914 869 913 915 1829 
915 870 914 1830 
916 1 917 952 1831 
917 2 916 918 953 1832 
918 3 917 919 954 1833 
919 4 918 920 955 1834 
920 5 919 921 923 956 1835 
921 6 920 922 923 1836 
922 7 921 924 925 928 1837 
923 8 920 921 924 926 957 1838 
924 9 922 923 925 926 1839 
925 10 922 924 927 930 1840 
926 11 923 924 927 958 1841 
927 12 925 926 932 958 1842 
928 13 922 929 930 931 1843 
929 14 928 934 935 1844 
930 15 925 928 931 932 1845 
931 16 928 930 933 934 1846 
932 17 927 930 933 961 1847 
933 18 931 932 934 962 1848 
934 19 929 931 933 935 965 966 1849 
935 20 929 934 936 974 975 1850 
936 21 935 937 981 1851 
937 22 936 938 982 1852 
938 23 937 939 983 1853 
939 24 938 940 984 1854 
940 25 939 941 985 1855 
941 26 940 942 986 1856 
942 27 941 943 987 1857 
943 28 942 944 988 1858 
944 29 943 945 989 1859 
945 30 944 946 990 1860 
946 31 945 947 991 1861 
947 32 946 948 992 1862 
948 33 947 949 993 1863 
949 34 948 950 994 1864 
950 35 949 951 995 1865 
951 36 950 996 1866 
952 37 916 953 997 1867 
953 38 917 952 954 998 1868 
954 39 918 953 955 999 1869 
955 40 919 954 956 1000 1870 
956 41 920 955 957 959 1001 1871 
957 42 923 956 958 959 1872 
958 43 926 927 957 960 961 963 1873 
959 44 956 957 960 1002 1874 
960 45 958 959 969 1002 1875 
961 46 932 958 962 963 1876 
962 47 933 961 964 965 1877 
963 48 958 961 964 969 1878 
964 49 962 963 967 969 1879 
965 50 934 962 966 967 1880 
966 51 934 965 968 974 1881 
967 52 964 965 968 970 1882 
968 53 966 967 971 974 1883 
969 54 960 963 964 970 972 1003 1884 
970 55 967 969 971 972 1885 
971 56 968 970 973 976 1886 
972 57 969 970 973 1004 1887 
973 58 971 972 978 1004 1888 
974 59 935 966 968 975 976 977 1889 
975 60 935 974 980 981 1890 
976 61 971 974 977 978 1891 
977 62 974 976 979 980 1892 
978 63 973 976 979 1007 1893 
979 64 977 978 980 1008 1894 
980 65 975 977 979 981 1011 1012 1895 
981 66 936 975 980 982 1023 1024 1896 
982 67 937 981 983 1030 1897 
983 68 938 982 984 1031 1898 
984 69 939 983 985 1032 1899 
985 70 940 984 986 1033 1900 
986 71 941 985 987 1034 1901 
987 72 942 986 988 1035 1902 
988 73 943 987 989 1036 1903 
989 74 944 988 990 1037 1904 
990 75 945 989 991 1038 1905 
991 76 946 990 992 1039 1906 
992 77 947 991 993 1040 1907 
993 78 948 992 994 1041 1908 
994 79 949 993 995 1042 1909 
995 80 950 994 996 1043 1910 
996 81 951 995 1044 1911 
997 82 952 998 1045 1912 
998 83 953 997 999 1046 1913 
999 84 954 998 1000 1047 1914 
1000 85 955 999 1001 1048 1915 
1001 86 956 1000 1002 1049 1916 
1002 87 959 960 1001 1003 1005 1050 1917 
1003 88 969 1002 1004 1005 1918 
1004 89 972 973 1003 1006 1007 1009 1919 
1005 90 1002 1003 1006 1051 1920 
1006 91 1004 1005 1015 1017 1051 1921 
1007 92 978 1004 1008 1009 1922 
1008 93 979 1007 1010 1011 1923 
1009 94 1004 1007 1010 1015 1924 
1010 95 1008 1009 1013 1016 1925 
1011 96 980 1008 1012 1013 1926 
1012 97 980 1011 1014 1023 1927 
1013 98 1010 1011 1014 1019 1928 
1014 99 1012 1013 1020 1023 1929 
1015 100 1006 1009 1016 1017 1930 
1016 101 1010 1015 1018 1019 1931 
1017 102 1006 1015 1018 1052 1932 
1018 103 1016 1017 1021 1052 1933 
1019 104 1013 1016 1020 1021 1934 
1020 105 1014 1019 1022 1025 1935 
1021 106 1018 1019 1022 1053 1936 
1022 107 1020 1021 1027 1054 1937 
1023 108 981 1012 1014 1024 1025 1026 1938 
1024 109 981 1023 1029 1030 1939 
1025 110 1020 1023 1026 1027 1940 
1026 111 1023 1025 1028 1029 1941 
1027 112 1022 1025 1028 1059 1942 
1028 113 1026 1027 1029 1060 1943 
1029 114 1024 1026 1028 1030 1063 1064 1944 
1030 115 982 1024 1029 1031 1075 1076 1945 
1031 116 983 1030 1032 1082 1946 
1032 117 984 1031 1033 1083 1947 
1033 118 985 1032 1034 1084 1948 
1034 119 986 1033 1035 1085 1949 
1035 120 987 1034 1036 1086 1950 
1036 121 988 1035 1037 1087 1951 
1037 122 989 1036 1038 1088 1952 
1038 123 990 1037 1039 1089 1953 
1039 124 991 1038 1040 1090 1954 
1040 125 992 1039 1041 1091 1955 
1041 126 993 1040 1042 1092 1956 
1042 127 994 1041 1043 1093 1957 
1043 128 995 1042 1044 1094 1958 
1044 129 996 1043 1095 1959 
1045 130 997 1046 1096 1960 
1046 131 998 1045 1047 1097 1961 
1047 132 999 1046 1048 1098 1962 
1048 133 1000 1047 1049 1099 1963 
1049 134 1001 1048 1050 1100 1964 
1050 135 1002 1049 1051 1101 1965 
1051 136 1005 1006 1050 1052 1057 1102 1966 
1052 137 1017 1018 1051 1053 1055 1057 1967 
1053 138 1021 1052 1054 1055 1968 
1054 139 1022 1053 1056 1059 1969 
1055 140 1052 1053 1056 1058 1970 
1056 141 1054 1055 1058 1061 1971 
1057 142 1051 1052 1058 1103 1972 
1058 143 1055 1056 1057 1067 1069 1103 1973 
1059 144 1027 1054 1060 1061 1974 
1060 145 1028 1059 1062 1063 1975 
1061 146 1056 1059 1062 1067 1976 
1062 147 1060 1061 1065 1068 1977 
1063 148 1029 1060 1064 1065 1978 
1064 149 1029 1063 1066 1075 1979 
1065 150 1062 1063 1066 1071 1980 
1066 151 1064 1065 1072 1075 1981 
1067 152 1058 1061 1068 1069 1982 
1068 153 1062 1067 1070 1071 1983 
1069 154 1058 1067 1070 1104 1984 
1070 155 1068 1069 1073 1104 1985 
1071 156 1065 1068 1072 1073 1986 
1072 157 1066 1071 1074 1077 1987 
1073 158 1070 1071 1074 1105 1988 
1074 159 1072 1073 1079 1106 1989 
1075 160 1030 1064 1066 1076 1077 1078 1990 
1076 161 1030 1075 1081 1082 1991 
1077 162 1072 1075 1078 1079 1992 
1078 163 1075 1077 1080 1081 1993 
1079 164 1074 1077 1080 1114 1994 
1080 165 1078 1079 1081 1115 1995 
1081 166 1076 1078 1080 1082 1118 1119 1996 
1082 167 1031 1076 1081 1083 1130 1131 1997 
1083 168 1032 1082 1084 1137 1998 
1084 169 1033 1083 1085 1138 1999 
1085 170 1034 1084 1086 1139 2000 
1086 171 1035 1085 1087 1140 2001 
1087 172 1036 1086 1088 1141 2002 
1088 173 1037 1087 1089 1142 2003 
1089 174 1038 1088 1090 1143 2004 
1090 175 1039 1089 1091 1144 2005 
1091 176 1040 1090 1092 1145 2006 
1092 177 1041 1091 1093 1146 2007 
1093 178 1042 1092 1094 1147 2008 
1094 179 1043 1093 1095 1148 2009 
1095 180 1044 1094 1149 2010 
1096 181 1045 1097 1150 2011 
1097 182 1046 1096 1098 1151 2012 
1098 183 1047 1097 1099 1152 2013 
1099 184 1048 1098 1100 1153 2014 
1100 185 1049 1099 1101 1154 2015 
1101 186 1050 1100 1102 1155 2016 
1102 187 1051 1101 1103 1156 2017 
1103 188 1057 1058 1102 1104 1109 1157 2018 
1104 189 1069 1070 1103 1105 1107 1109 2019 
1105 190 1073 1104 1106 1107 2020 
1106 191 1074 1105 1108 1114 2021 
1107 192 1104 1105 1108 1110 2022 
1108 193 1106 1107 1111 1116 2023 
1109 194 1103 1104 1110 1112 1158 2024 
1110 195 1107 1109 1111 1112 2025 
1111 196 1108 1110 1113 1122 2026 
1112 197 1109 1110 1113 1159 2027 
1113 198 1111 1112 1124 1159 2028 
1114 199 1079 1106 1115 1116 2029 
1115 200 1080 1114 1117 1118 2030 
1116 201 1108 1114 1117 1122 2031 
1117 202 1115 1116 1120 1123 2032 
1118 203 1081 1115 1119 1120 2033 
1119 204 1081 1118 1121 1130 2034 
1120 205 1117 1118 1121 1126 2035 
1121 206 1119 1120 1127 1130 2036 
1122 207 1111 1116 1123 1124 2037 
1123 208 1117 1122 1125 1126 2038 
1124 209 1113 1122 1125 1162 2039 
1125 210 1123 1124 1128 1163 2040 
1126 211 1120 1123 1127 1128 2041 
1127 212 1121 1126 1129 1132 2042 
1128 213 1125 1126 1129 1166 2043 
1129 214 1127 1128 1134 1167 2044 
1130 215 1082 1119 1121 1131 1132 1133 2045 
1131 216 1082 1130 1136 1137 2046 
1132 217 1127 1130 1133 1134 2047 
1133 218 1130 1132 1135 1136 2048 
1134 219 1129 1132 1135 1175 2049 
1135 220 1133 1134 1136 1176 2050 
1136 221 1131 1133 1135 1137 1179 1180 2051 
1137 222 1083 1131 1136 1138 1191 1192 2052 
1138 223 1084 1137 1139 1198 2053 
1139 224 1085 1138 1140 1199 2054 
1140 225 1086 1139 1141 1200 2055 
1141 226 1087 1140 1142 1201 2056 
1142 227 1088 1141 1143 1202 2057 
1143 228 1089 1142 1144 1203 2058 
1144 229 1090 1143 1145 1204 2059 
1145 230 1091 1144 1146 1205 2060 
1146 231 1092 1145 1147 1206 2061 
1147 232 1093 1146 1148 1207 2062 
1148 233 1094 1147 1149 1208 2063 
1149 234 1095 1148 1209 2064 
1150 235 1096 1151 1210 2065 
1151 236 1097 1150 1152 1211 2066 
1152 237 1098 1151 1153 1212 2067 
1153 238 1099 1152 1154 1213 2068 
1154 239 1100 1153 1155 1214 2069 
1155 240 1101 1154 1156 1215 2070 
1156 241 1102 1155 1157 1216 2071 
1157 242 1103 1156 1158 1160 1217 2072 
1158 243 1109 1157 1159 1160 2073 
1159 244 1112 1113 1158 1161 1162 1164 2074 
1160 245 1157 1158 1161 1218 2075 
1161 246 1159 1160 1170 1218 2076 
1162 247 1124 1159 1163 1164 2077 
1163 248 1125 1162 1165 1166 2078 
1164 249 1159 1162 1165 1170 2079 
1165 250 1163 1164 1168 1170 2080 
1166 251 1128 1163 1167 1168 2081 
1167 252 1129 1166 1169 1175 2082 
1168 253 1165 1166 1169 1171 2083 
1169 254 1167 1168 1172 1177 2084 
1170 255 1161 1164 1165 1171 1173 1219 2085 
1171 256 1168 1170 1172 1173 2086 
1172 257 1169 1171 1174 1183 2087 
1173 258 1170 1171 1174 1220 2088 
1174 259 1172 1173 1185 1220 2089 
1175 260 1134 1167 1176 1177 2090 
1176 261 1135 1175 1178 1179 2091 
1177 262 1169 1175 1178 1183 2092 
1178 263 1176 1177 1181 1184 2093 
1179 264 1136 1176 1180 1181 2094 
1180 265 1136 1179 1182 1191 2095 
1181 266 1178 1179 1182 1187 2096 
1182 267 1180 1181 1188 1191 2097 
1183 268 1172 1177 1184 1185 2098 
1184 269 1178 1183 1186 1187 2099 
1185 270 1174 1183 1186 1223 2100 
1186 271 1184 1185 1189 1224 2101 
1187 272 1181 1184 1188 1189 2102 
1188 273 1182 1187 1190 1193 2103 
1189 274 1186 1187 1190 1227 2104 
1190 275 1188 1189 1195 1228 2105 
1191 276 1137 1180 1182 1192 1193 1194 2106 
1192 277 1137 1191 1197 1198 2107 
1193 278 1188 1191 1194 1195 2108 
1194 279 1191 1193 1196 1197 2109 
1195 280 1190 1193 1196 1236 2110 
1196 281 1194 1195 1197 1237 2111 
1197 282 1192 1194 1196 1198 1240 1241 2112 
1198 283 1138 1192 1197 1199 1252 1253 2113 
1199 284 1139 1198 1200 1259 2114 
1200 285 1140 1199 1201 1260 2115 
1201 286 1141 1200 1202 1261 2116 
1202 287 1142 1201 1203 1262 2117 
1203 288 1143 1202 1204 1263 2118 
1204 289 1144 1203 1205 1264 2119 
1205 290 1145 1204 1206 1265 2120 
1206 291 1146 1205 1207 1266 2121 
1207 292 1147 1206 1208 1267 2122 
1208 293 1148 1207 1209 1268 2123 
1209 294 1149 1208 1269 2124 
1210 295 1150 1211 1270 2125 
1211 296 1151 1210 1212 1271 2126 
1212 297 1152 1211 1213 1272 2127 
1213 298 1153 1212 1214 1273 2128 
1214 299 1154 1213 1215 1274 2129 
1215 300 1155 1214 1216 1275 2130 
1216 301 1156 1215 1217 1276 2131 
1217 302 1157 1216 1218 1277 2132 
1218 303 1160 1161 1217 1219 1221 1278 2133 
1219 304 1170 1218 1220 1221 2134 
1220 305 1173 1174 1219 1222 1223 1225 2135 
1221 306 1218 1219 1222 1279 2136 
1222 307 1220 1221 1231 1279 2137 
1223 308 1185 1220 1224 1225 2138 
1224 309 1186 1223 1226 1227 2139 
1225 310 1220 1223 1226 1231 2140 
1226 311 1224 1225 1229 1231 2141 
1227 312 1189 1224 1228 1229 2142 
1228 313 1190 1227 1230 1236 2143 
1229 314 1226 1227 1230 1232 2144 
1230 315 1228 1229 1233 1238 2145 
1231 316 1222 1225 1226 1232 1234 1280 2146 
1232 317 1229 1231 1233 1234 2147 
1233 318 1230 1232 1235 1244 2148 
1234 319 1231 1232 1235 1281 2149 
1235 320 1233 1234 1246 1282 2150 
1236 321 1195 1228 1237 1238 2151 
1237 322 1196 1236 1239 1240 2152 
1238 323 1230 1236 1239 1244 2153 
1239 324 1237 1238 1242 1245 2154 
1240 325 1197 1237 1241 1242 2155 
1241 326 1197 1240 1243 1252 2156 
1242 327 1239 1240 1243 1248 2157 
1243 328 1241 1242 1249 1252 2158 
1244 329 1233 1238 1245 1246 2159 
1245 330 1239 1244 1247 1248 2160 
1246 331 1235 1244 1247 1287 2161 
1247 332 1245 1246 1250 1288 2162 
1248 333 1242 1245 1249 1250 2163 
1249 334 1243 1248 1251 1254 2164 
1250 335 1247 1248 1251 1291 2165 
1251 336 1249 1250 1256 1292 2166 
1252 337 1198 1241 1243 1253 1254 1255 2167 
1253 338 1198 1252 1258 1259 2168 
1254 339 1249 1252 1255 1256 2169 
1255 340 1252 1254 1257 1258 2170 
1256 341 1251 1254 1257 1303 2171 
1257 342 1255 1256 1258 1304 2172 
1258 343 1253 1255 1257 1259 1307 1308 2173 
1259 344 1199 1253 1258 1260 1319 1320 2174 
1260 345 1200 1259 1261 1326 2175 
1261 346 1201 1260 1262 1327 2176 
1262 347 1202 1261 1263 1328 2177 
1263 348 1203 1262 1264 1329 2178 
1264 349 1204 1263 1265 1330 2179 
1265 350 1205 1264 1266 1331 2180 
1266 351 1206 1265 1267 1332 2181 
1267 352 1207 1266 1268 1333 2182 
1268 353 1208 1267 1269 1334 2183 
1269 354 1209 1268 1335 2184 
1270 355 1210 1271 1336 2185 
1271 356 1211 1270 1272 1337 2186 
1272 357 1212 1271 1273 1338 2187 
1273 358 1213 1272 1274 1339 2188 
1274 359 1214 1273 1275 1340 2189 
1275 360 1215 1274 1276 1341 2190 
1276 361 1216 1275 1277 1342 2191 
1277 362 1217 1276 1278 1343 2192 
1278 363 1218 1277 1279 1344 2193 
1279 364 1221 1222 1278 1280 1285 1345 2194 
1280 365 1231 1279 1281 1283 1285 2195 
1281 366 1234 1280 1282 1283 2196 
1282 367 1235 1281 1284 1287 2197 
1283 368 1280 1281 1284 1286 2198 
1284 369 1282 1283 1286 1289 2199 
1285 370 1279 1280 1286 1346 2200 
1286 371 1283 1284 1285 1295 1297 1346 2201 
1287 372 1246 1282 1288 1289 2202 
1288 373 1247 1287 1290 1291 2203 
1289 374 1284 1287 1290 1295 2204 
1290 375 1288 1289 1293 1296 2205 
1291 376 1250 1288 1292 1293 2206 
1292 377 1251 1291 1294 1303 2207 
1293 378 1290 1291 1294 1299 2208 
1294 379 1292 1293 1300 1305 2209 
1295 380 1286 1289 1296 1297 2210 
1296 381 1290 1295 1298 1299 2211 
1297 382 1286 1295 1298 1347 2212 
1298 383 1296 1297 1301 1347 2213 
1299 384 1293 1296 1300 1301 2214 
1300 385 1294 1299 1302 1311 2215 
1301 386 1298 1299 1302 1348 2216 
1302 387 1300 1301 1313 1349 2217 
1303 388 1256 1292 1304 1305 2218 
1304 389 1257 1303 1306 1307 2219 
1305 390 1294 1303 1306 1311 2220 
1306 391 1304 1305 1309 1312 2221 
1307 392 1258 1304 1308 1309 2222 
1308 393 1258 1307 1310 1319 2223 
1309 394 1306 1307 1310 1315 2224 
1310 395 1308 1309 1316 1319 2225 
1311 396 1300 1305 1312 1313 2226 
1312 397 1306 1311 1314 1315 2227 
1313 398 1302 1311 1314 1354 2228 
1314 399 1312 1313 1317 1355 2229 
1315 400 1309 1312 1316 1317 2230 
1316 401 1310 1315 1318 1321 2231 
1317 402 1314 1315 1318 1358 2232 
1318 403 1316 1317 1323 1359 2233 
1319 404 1259 1308 1310 1320 1321 1322 2234 
1320 405 1259 1319 1325 1326 2235 
1321 406 1316 1319 1322 1323 2236 
1322 407 1319 1321 1324 1325 2237 
1323 408 1318 1321 1324 1370 2238 
1324 409 1322 1323 1325 1371 2239 
1325 410 1320 1322 1324 1326 1374 1375 2240 
1326 411 1260 1320 1325 1327 1386 1387 2241 
1327 412 1261 1326 1328 1393 2242 
1328 413 1262 1327 1329 1394 2243 
1329 414 1263 1328 1330 1395 2244 
1330 415 1264 1329 1331 1396 2245 
1331 416 1265 1330 1332 1397 2246 
1332 417 1266 1331 1333 1398 2247 
1333 418 1267 1332 1334 1399 2248 
1334 419 1268 1333 1335 1400 2249 
1335 420 1269 1334 1401 2250 
1336 421 1270 1337 1402 2251 
1337 422 1271 1336 1338 1403 2252 
1338 423 1272 1337 1339 1404 2253 
1339 424 1273 1338 1340 1405 2254 
1340 425 1274 1339 1341 1406 2255 
1341 426 1275 1340 1342 1407 2256 
1342 427 1276 1341 1343 1408 2257 
1343 428 1277 1342 1344 1409 2258 
1344 429 1278 1343 1345 1410 2259 
1345 430 1279 1344 1346 1411 2260 
1346 431 1285 1286 1345 1347 1352 1412 2261 
1347 432 1297 1298 1346 1348 1350 1352 2262 
1348 433 1301 1347 1349 1350 2263 
1349 434 1302 1348 1351 1354 2264 
1350 435 1347 1348 1351 1353 2265 
1351 436 1349 1350 1353 1356 2266 
1352 437 1346 1347 1353 1413 2267 
1353 438 1350 1351 1352 1362 1364 1414 2268 
1354 439 1313 1349 1355 1356 2269 
1355 440 1314 1354 1357 1358 2270 
1356 441 1351 1354 1357 1362 2271 
1357 442 1355 1356 1360 1363 2272 
1358 443 1317 1355 1359 1360 2273 
1359 444 1318 1358 1361 1370 2274 
1360 445 1357 1358 1361 1366 2275 
1361 446 1359 1360 1367 1372 2276 
1362 447 1353 1356 1363 1364 2277 
1363 448 1357 1362 1365 1366 2278 
1364 449 1353 1362 1365 1417 2279 
1365 450 1363 1364 1368 1418 2280 
1366 451 1360 1363 1367 1368 2281 
1367 452 1361 1366 1369 1378 2282 
1368 453 1365 1366 1369 1421 2283 
1369 454 1367 1368 1380 1422 2284 
1370 455 1323 1359 1371 1372 2285 
1371 456 1324 1370 1373 1374 2286 
1372 457 1361 1370 1373 1378 2287 
1373 458 1371 1372 1376 1379 2288 
1374 459 1325 1371 1375 1376 2289 
1375 460 1325 1374 1377 1386 2290 
1376 461 1373 1374 1377 1382 2291 
1377 462 1375 1376 1383 1386 2292 
1378 463 1367 1372 1379 1380 2293 
1379 464 1373 1378 1381 1382 2294 
1380 465 1369 1378 1381 1430 2295 
1381 466 1379 1380 1384 1431 2296 
1382 467 1376 1379 1383 1384 2297 
1383 468 1377 1382 1385 1388 2298 
1384 469 1381 1382 1385 1434 2299 
1385 470 1383 1384 1390 1435 2300 
1386 471 1326 1375 1377 1387 1388 1389 2301 
1387 472 1326 1386 1392 1393 2302 
1388 473 1383 1386 1389 1390 2303 
1389 474 1386 1388 1391 1392 2304 
1390 475 1385 1388 1391 1446 2305 
1391 476 1389 1390 1392 1447 2306 
1392 477 1387 1389 1391 1393 1450 1451 2307 
1393 478 1327 1387 1392 1394 1462 1463 2308 
1394 479 1328 1393 1395 1469 2309 
1395 480 1329 1394 1396 1470 2310 
1396 481 1330 1395 1397 1471 2311 
1397 482 1331 1396 1398 1472 2312 
1398 483 1332 1397 1399 1473 2313 
1399 484 1333 1398 1400 1474 2314 
1400 485 1334 1399 1401 1475 2315 
1401 486 1335 1400 1476 2316 
1402 487 1336 1403 1477 2317 
1403 488 1337 1402 1404 1478 2318 
1404 489 1338 1403 1405 1479 2319 
1405 490 1339 1404 1406 1480 2320 
1406 491 1340 1405 1407 1481 2321 
1407 492 1341 1406 1408 1482 2322 
1408 493 1342 1407 1409 1483 2323 
1409 494 1343 1408 1410 1484 2324 
1410 495 1344 1409 1411 1485 2325 
1411 496 1345 1410 1412 1486 2326 
1412 497 1346 1411 1413 1415 1487 2327 
1413 498 1352 1412 1414 1415 2328 
1414 499 1353 1413 1416 1417 1419 2329 
1415 500 1412 1413 1416 1488 2330 
1416 501 1414 1415 1425 1488 2331 
1417 502 1364 1414 1418 1419 2332 
1418 503 1365 1417 1420 1421 2333 
1419 504 1414 1417 1420 1425 2334 
1420 505 1418 1419 1423 1425 2335 
1421 506 1368 1418 1422 1423 2336 
1422 507 1369 1421 1424 1430 2337 
1423 508 1420 1421 1424 1426 2338 
1424 509 1422 1423 1427 1432 2339 
1425 510 1416 1419 1420 1426 1428 1489 2340 
1426 511 1423 1425 1427 1428 2341 
1427 512 1424 1426 1429 1438 2342 
1428 513 1425 1426 1429 1490 2343 
1429 514 1427 1428 1440 1490 2344 
1430 515 1380 1422 1431 1432 2345 
1431 516 1381 1430 1433 1434 2346 
1432 517 1424 1430 1433 1438 2347 
1433 518 1431 1432 1436 1439 2348 
1434 519 1384 1431 1435 1436 2349 
1435 520 1385 1434 1437 1446 2350 
1436 521 1433 1434 1437 1442 2351 
1437 522 1435 1436 1443 1448 2352 
1438 523 1427 1432 1439 1440 2353 
1439 524 1433 1438 1441 1442 2354 
1440 525 1429 1438 1441 1493 2355 
1441 526 1439 1440 1444 1494 2356 
1442 527 1436 1439 1443 1444 2357 
1443 528 1437 1442 1445 1454 2358 
1444 529 1441 1442 1445 1497 2359 
1445 530 1443 1444 1456 1498 2360 
1446 531 1390 1435 1447 1448 2361 
1447 532 1391 1446 1449 1450 2362 
1448 533 1437 1446 1449 1454 2363 
1449 534 1447 1448 1452 1455 2364 
1450 535 1392 1447 1451 1452 2365 
1451 536 1392 1450 1453 1462 2366 
1452 537 1449 1450 1453 1458 2367 
1453 538 1451 1452 1459 1462 2368 
1454 539 1443 1448 1455 1456 2369 
1455 540 1449 1454 1457 1458 2370 
1456 541 1445 1454 1457 1506 2371 
1457 542 1455 1456 1460 1507 2372 
1458 543 1452 1455 1459 1460 2373 
1459 544 1453 1458 1461 1464 2374 
1460 545 1457 1458 1461 1510 2375 
1461 546 1459 1460 1466 1511 2376 
1462 547 1393 1451 1453 1463 1464 1465 2377 
1463 548 1393 1462 1468 1469 2378 
1464 549 1459 1462 1465 1466 2379 
1465 550 1462 1464 1467 1468 2380 
1466 551 1461 1464 1467 1522 2381 
1467 552 1465 1466 1468 1523 2382 
1468 553 1463 1465 1467 1469 1526 1527 2383 
1469 554 1394 1463 1468 1470 1538 1539 2384 
1470 555 1395 1469 1471 1542 2385 
1471 556 1396 1470 1472 1543 2386 
1472 557 1397 1471 1473 1544 2387 
1473 558 1398 1472 1474 1545 2388 
1474 559 1399 1473 1475 1546 2389 
1475 560 1400 1474 1476 1547 2390 
1476 561 1401 1475 1548 2391 
1477 562 1402 1478 1549 2392 
1478 563 1403 1477 1479 1550 2393 
1479 564 1404 1478 1480 1551 2394 
1480 565 1405 1479 1481 1552 2395 
1481 566 1406 1480 1482 1553 2396 
1482 567 1407 1481 1483 1554 2397 
1483 568 1408 1482 1484 1555 2398 
1484 569 1409 1483 1485 1556 2399 
1485 570 1410 1484 1486 1557 2400 
1486 571 1411 1485 1487 1558 2401 
1487 572 1412 1486 1488 1559 2402 
1488 573 1415 1416 1487 1489 1491 1560 2403 
1489 574 1425 1488 1490 1491 2404 
1490 575 1428 1429 1489 1492 1493 1495 2405 
1491 576 1488 1489 1492 1561 2406 
1492 577 1490 1491 1501 1561 2407 
1493 578 1440 1490 1494 1495 2408 
1494 579 1441 1493 1496 1497 2409 
1495 580 1490 1493 1496 1501 2410 
1496 581 1494 1495 1499 1501 2411 
1497 582 1444 1494 1498 1499 2412 
1498 583 1445 1497 1500 1506 2413 
1499 584 1496 1497 1500 1502 2414 
1500 585 1498 1499 1503 1508 2415 
1501 586 1492 1495 1496 1502 1504 1562 2416 
1502 587 1499 1501 1503 1504 2417 
1503 588 1500 1502 1505 1514 2418 
1504 589 1501 1502 1505 1563 2419 
1505 590 1503 1504 1516 1563 2420 
1506 591 1456 1498 1507 1508 2421 
1507 592 1457 1506 1509 1510 2422 
1508 593 1500 1506 1509 1514 2423 
1509 594 1507 1508 1512 1515 2424 
1510 595 1460 1507 1511 1512 2425 
1511 596 1461 1510 1513 1522 2426 
1512 597 1509 1510 1513 1518 2427 
1513 598 1511 1512 1519 1524 2428 
1514 599 1503 1508 1515 1516 2429 
1515 600 1509 1514 1517 1518 2430 
1516 601 1505 1514 1517 1566 2431 
1517 602 1515 1516 1520 1567 2432 
1518 603 1512 1515 1519 1520 2433 
1519 604 1513 1518 1521 1530 2434 
1520 605 1517 1518 1521 1570 2435 
1521 606 1519 1520 1532 1571 2436 
1522 607 1466 1511 1523 1524 2437 
1523 608 1467 1522 1525 1526 2438 
1524 609 1513 1522 1525 1530 2439 
1525 610 1523 1524 1528 1531 2440 
1526 611 1468 1523 1527 1528 2441 
1527 612 1468 1526 1529 1538 2442 
1528 613 1525 1526 1529 1534 2443 
1529 614 1527 1528 1535 1538 2444 
1530 615 1519 1524 1531 1532 2445 
1531 616 1525 1530 1533 1534 2446 
1532 617 1521 1530 1533 1582 2447 
1533 618 1531 1532 1536 1583 2448 
1534 619 1528 1531 1535 1536 2449 
1535 620 1529 1534 1537 1540 2450 
1536 621 1533 1534 1537 1586 2451 
1537 622 1535 1536 1540 1587 2452 
1538 623 1469 1527 1529 1539 1540 2453 
1539 624 1469 1538 1541 1542 2454 
1540 625 1535 1537 1538 1541 1598 1599 2455 
1541 626 1539 1540 1542 1602 2456 
1542 627 1470 1539 1541 1543 1608 2457 
1543 628 1471 1542 1544 1609 2458 
1544 629 1472 1543 1545 1610 2459 
1545 630 1473 1544 1546 1611 2460 
1546 631 1474 1545 1547 1612 2461 
1547 632 1475 1546 1548 1613 2462 
1548 633 1476 1547 1614 2463 
1549 634 1477 1550 1615 2464 
1550 635 1478 1549 1551 1616 2465 
1551 636 1479 1550 1552 1617 2466 
1552 637 1480 1551 1553 1618 2467 
1553 638 1481 1552 1554 1619 2468 
1554 639 1482 1553 1555 1620 2469 
1555 640 1483 1554 1556 1621 2470 
1556 641 1484 1555 1557 1622 2471 
1557 642 1485 1556 1558 1623 2472 
1558 643 1486 1557 1559 1624 2473 
1559 644 1487 1558 1560 1625 2474 
1560 645 1488 1559 1561 1626 2475 
1561 646 1491 1492 1560 1562 1564 1627 2476 
1562 647 1501 1561 1563 1564 2477 
1563 648 1504 1505 1562 1565 1566 1568 2478 
1564 649 1561 1562 1565 1628 2479 
1565 650 1563 1564 1574 1576 1628 2480 
1566 651 1516 1563 1567 1568 2481 
1567 652 1517 1566 1569 1570 2482 
1568 653 1563 1566 1569 1574 2483 
1569 654 1567 1568 1572 1575 2484 
1570 655 1520 1567 1571 1572 2485 
1571 656 1521 1570 1573 1582 2486 
1572 657 1569 1570 1573 1578 2487 
1573 658 1571 1572 1579 1584 2488 
1574 659 1565 1568 1575 1576 2489 
1575 660 1569 1574 1577 1578 2490 
1576 661 1565 1574 1577 1629 2491 
1577 662 1575 1576 1580 1629 2492 
1578 663 1572 1575 1579 1580 2493 
1579 664 1573 1578 1581 1590 2494 
1580 665 1577 1578 1581 1630 2495 
1581 666 1579 1580 1592 1631 2496 
1582 667 1532 1571 1583 1584 2497 
1583 668 1533 1582 1585 1586 2498 
1584 669 1573 1582 1585 1590 2499 
1585 670 1583 1584 1588 1591 2500 
1586 671 1536 1583 1587 1588 2501 
1587 672 1537 1586 1589 1598 2502 
1588 673 1585 1586 1589 1594 2503 
1589 674 1587 1588 1595 1600 2504 
1590 675 1579 1584 1591 1592 2505 
1591 676 1585 1590 1593 1594 2506 
1592 677 1581 1590 1593 1636 2507 
1593 678 1591 1592 1596 1637 2508 
1594 679 1588 1591 1595 1596 2509 
1595 680 1589 1594 1597 1603 2510 
1596 681 1593 1594 1597 1640 2511 
1597 682 1595 1596 1605 1641 2512 
1598 683 1540 1587 1599 1600 2513 
1599 684 1540 1598 1601 1602 2514 
1600 685 1589 1598 1601 1603 2515 
1601 686 1599 1600 1602 1604 2516 
1602 687 1541 1599 1601 1607 1608 2517 
1603 688 1595 1600 1604 1605 2518 
1604 689 1601 1603 1606 1607 2519 
1605 690 1597 1603 1606 1652 2520 
1606 691 1604 1605 1607 1653 2521 
1607 692 1602 1604 1606 1608 1656 1657 2522 
1608 693 1542 1602 1607 1609 1668 1669 2523 
1609 694 1543 1608 1610 1672 2524 
1610 695 1544 1609 1611 1673 2525 
1611 696 1545 1610 1612 1674 2526 
1612 697 1546 1611 1613 1675 2527 
1613 698 1547 1612 1614 1676 2528 
1614 699 1548 1613 1677 2529 
1615 700 1549 1616 1678 2530 
1616 701 1550 1615 1617 1679 2531 
1617 702 1551 1616 1618 1680 2532 
1618 703 1552 1617 1619 1681 2533 
1619 704 1553 1618 1620 1682 2534 
1620 705 1554 1619 1621 1683 2535 
1621 706 1555 1620 1622 1684 2536 
1622 707 1556 1621 1623 1685 2537 
1623 708 1557 1622 1624 1686 2538 
1624 709 1558 1623 1625 1687 2539 
1625 710 1559 1624 1626 1688 2540 
1626 711 1560 1625 1627 1689 2541 
1627 712 1561 1626 1628 1690 2542 
1628 713 1564 1565 1627 1629 1634 1691 2543 
1629 714 1576 1577 1628 1630 1632 1634 2544 
1630 715 1580 1629 1631 1632 2545 
1631 716 1581 1630 1633 1636 2546 
1632 717 1629 1630 1633 1635 2547 
1633 718 1631 1632 1635 1638 2548 
1634 719 1628 1629 1635 1692 2549 
1635 720 1632 1633 1634 1644 1646 1692 2550 
1636 721 1592 1631 1637 1638 2551 
1637 722 1593 1636 1639 1640 2552 
1638 723 1633 1636 1639 1644 2553 
1639 724 1637 1638 1642 1645 2554 
1640 725 1596 1637 1641 1642 2555 
1641 726 1597 1640 1643 1652 2556 
1642 727 1639 1640 1643 1648 2557 
1643 728 1641 1642 1649 1654 2558 
1644 729 1635 1638 1645 1646 2559 
1645 730 1639 1644 1647 1648 2560 
1646 731 1635 1644 1647 1693 2561 
1647 732 1645 1646 1650 1693 2562 
1648 733 1642 1645 1649 1650 2563 
1649 734 1643 1648 1651 1660 2564 
1650 735 1647 1648 1651 1694 2565 
1651 736 1649 1650 1662 1695 2566 
1652 737 1605 1641 1653 1654 2567 
1653 738 1606 1652 1655 1656 2568 
1654 739 1643 1652 1655 1660 2569 
1655 740 1653 1654 1658 1661 2570 
1656 741 1607 1653 1657 1658 2571 
1657 742 1607 1656 1659 1668 2572 
1658 743 1655 1656 1659 1664 2573 
1659 744 1657 1658 1665 1668 2574 
1660 745 1649 1654 1661 1662 2575 
1661 746 1655 1660 1663 1664 2576 
1662 747 1651 1660 1663 1703 2577 
1663 748 1661 1662 1666 1704 2578 
1664 749 1658 1661 1665 1666 2579 
1665 750 1659 1664 1667 1670 2580 
1666 751 1663 1664 1667 1707 2581 
1667 752 1665 1666 1670 1708 2582 
1668 753 1608 1657 1659 1669 1670 2583 
1669 754 1608 1668 1671 1672 2584 
1670 755 1665 1667 1668 1671 1719 2585 
1671 756 1669 1670 1672 1720 2586 
1672 757 1609 1669 1671 1673 1726 2587 
1673 758 1610 1672 1674 1727 2588 
1674 759 1611 1673 1675 1728 2589 
1675 760 1612 1674 1676 1729 2590 
1676 761 1613 1675 1677 1730 2591 
1677 762 1614 1676 1731 2592 
1678 763 1615 1679 1732 2593 
1679 764 1616 1678 1680 1733 2594 
1680 765 1617 1679 1681 1734 2595 
1681 766 1618 1680 1682 1735 2596 
1682 767 1619 1681 1683 1736 2597 
1683 768 1620 1682 1684 1737 2598 
1684 769 1621 1683 1685 1738 2599 
1685 770 1622 1684 1686 1739 2600 
1686 771 1623 1685 1687 1740 2601 
1687 772 1624 1686 1688 1741 2602 
1688 773 1625 1687 1689 1742 2603 
1689 774 1626 1688 1690 1743 2604 
1690 775 1627 1689 1691 1744 2605 
1691 776 1628 1690 1692 1745 2606 
1692 777 1634 1635 1691 1693 1698 1746 2607 
1693 778 1646 1647 1692 1694 1696 1698 2608 
1694 779 1650 1693 1695 1696 2609 
1695 780 1651 1694 1697 1703 2610 
1696 781 1693 1694 1697 1699 2611 
1697 782 1695 1696 1700 1705 2612 
1698 783 1692 1693 1699 1701 1747 2613 
1699 784 1696 1698 1700 1701 2614 
1700 785 1697 1699 1702 1711 2615 
1701 786 1698 1699 1702 1748 2616 
1702 787 1700 1701 1713 1748 2617 
1703 788 1662 1695 1704 1705 2618 
1704 789 1663 1703 1706 1707 2619 
1705 790 1697 1703 1706 1711 2620 
1706 791 1704 1705 1709 1712 2621 
1707 792 1666 1704 1708 1709 2622 
1708 793 1667 1707 1710 1719 2623 
1709 794 1706 1707 1710 1715 2624 
1710 795 1708 1709 1716 1719 2625 
1711 796 1700 1705 1712 1713 2626 
1712 797 1706 1711 1714 1715 2627 
1713 798 1702 1711 1714 1751 2628 
1714 799 1712 1713 1717 1752 2629 
1715 800 1709 1712 1716 1717 2630 
1716 801 1710 1715 1718 1721 2631 
1717 802 1714 1715 1718 1755 2632 
1718 803 1716 1717 1723 1756 2633 
1719 804 1670 1708 1710 1720 1721 1722 2634 
1720 805 1671 1719 1725 1726 2635 
1721 806 1716 1719 1722 1723 2636 
1722 807 1719 1721 1724 1725 2637 
1723 808 1718 1721 1724 1764 2638 
1724 809 1722 1723 1725 1765 2639 
1725 810 1720 1722 1724 1726 1768 2640 
1726 811 1672 1720 1725 1727 1777 1778 2641 
1727 812 1673 1726 1728 1781 2642 
1728 813 1674 1727 1729 1782 2643 
1729 814 1675 1728 1730 1783 2644 
1730 815 1676 1729 1731 1784 2645 
1731 816 1677 1730 1785 2646 
1732 817 1678 1733 1786 2647 
1733 818 1679 1732 1734 1787 2648 
1734 819 1680 1733 1735 1788 2649 
1735 820 1681 1734 1736 1789 2650 
1736 821 1682 1735 1737 1790 2651 
1737 822 1683 1736 1738 1791 2652 
1738 823 1684 1737 1739 1792 2653 
1739 824 1685 1738 1740 1793 2654 
1740 825 1686 1739 1741 1794 2655 
1741 826 1687 1740 1742 1795 2656 
1742 827 1688 1741 1743 1796 2657 
1743 828 1689 1742 1744 1797 2658 
1744 829 1690 1743 1745 1798 2659 
1745 830 1691 1744 1746 1799 2660 
1746 831 1692 1745 1747 1749 1800 2661 
1747 832 1698 1746 1748 1749 2662 
1748 833 1701 1702 1747 1750 1751 1753 2663 
1749 834 1746 1747 1750 1801 2664 
1750 835 1748 1749 1759 1801 2665 
1751 836 1713 1748 1752 1753 2666 
1752 837 1714 1751 1754 1755 2667 
1753 838 1748 1751 1754 1759 2668 
1754 839 1752 1753 1757 1759 2669 
1755 840 1717 1752 1756 1757 2670 
1756 841 1718 1755 1758 1764 2671 
1757 842 1754 1755 1758 1760 2672 
1758 843 1756 1757 1761 1766 2673 
1759 844 1750 1753 1754 1760 1762 1802 2674 
1760 845 1757 1759 1761 1762 2675 
1761 846 1758 1760 1763 1769 2676 
1762 847 1759 1760 1763 1803 2677 
1763 848 1761 1762 1771 1803 2678 
1764 849 1723 1756 1765 1766 2679 
1765 850 1724 1764 1767 1768 2680 
1766 851 1758 1764 1767 1769 2681 
1767 852 1765 1766 1768 1770 2682 
1768 853 1725 1765 1767 1773 1774 1777 2683 
1769 854 1761 1766 1770 1771 2684 
1770 855 1767 1769 1772 1773 2685 
1771 856 1763 1769 1772 1806 2686 
1772 857 1770 1771 1775 1807 2687 
1773 858 1768 1770 1774 1775 2688 
1774 859 1768 1773 1776 1779 2689 
1775 860 1772 1773 1776 1810 2690 
1776 861 1774 1775 1779 1811 2691 
1777 862 1726 1768 1778 1779 2692 
1778 863 1726 1777 1780 1781 2693 
1779 864 1774 1776 1777 1780 1819 2694 
1780 865 1778 1779 1781 1820 2695 
1781 866 1727 1778 1780 1782 1826 2696 
1782 867 1728 1781 1783 1827 2697 
1783 868 1729 1782 1784 1828 2698 
1784 869 1730 1783 1785 1829 2699 
1785 870 1731 1784 1830 2700 
1786 871 1732 1787 2701 
1787 872 1733 1786 1788 2702 
1788 873 1734 1787 1789 2703 
1789 874 1735 1788 1790 2704 
1790 875 1736 1789 1791 2705 
1791 876 1737 1790 1792 2706 
1792 877 1738 1791 1793 2707 
1793 878 1739 1792 1794 2708 
1794 879 1740 1793 1795 2709 
1795 880 1741 1794 1796 2710 
1796 881 1742 1795 1797 2711 
1797 882 1743 1796 1798 2712 
1798 883 1744 1797 1799 2713 
1799 884 1745 1798 1800 2714 
1800 885 1746 1799 1801 2715 
1801 886 1749 1750 1800 1802 1804 2716 
1802 887 1759 1801 1803 1804 2717 
1803 888 1762 1763 1802 1805 1806 1808 2718 
1804 889 1801 1802 1805 2719 
1805 890 1803 1804 1814 2720 
1806 891 1771 1803 1807 1808 2721 
1807 892 1772 1806 1809 1810 2722 
1808 893 1803 1806 1809 1814 2723 
1809 894 1807 1808 1812 1814 2724 
1810 895 1775 1807 1811 1812 2725 
1811 896 1776 1810 1813 1819 2726 
1812 897 1809 1810 1813 1815 2727 
1813 898 1811 1812 1816 1819 2728 
1814 899 1805 1808 1809 1815 1817 2729 
1815 900 1812 1814 1816 1817 2730 
1816 901 1813 1815 1818 1821 2731 
1817 902 1814 1815 1818 2732 
1818 903 1816 1817 1823 2733 
1819 904 1779 1811 1813 1820 1821 1822 2734 
1820 905 1780 1819 1825 1826 2735 
1821 906 1816 1819 1822 1823 2736 
1822 907 1819 1821 1824 1825 2737 
1823 908 1818 1821 1824 2738 
1824 909 1822 1823 1825 2739 
1825 910 1820 1822 1824 1826 2740 
1826 911 1781 1820 1825 1827 2741 
1827 912 1782 1826 1828 2742 
1828 913 1783 1827 1829 2743 
1829 914 1784 1828 1830 2744 
1830 915 1785 1829 2745 
1831 916 1832 1867 2746 
1832 917 1831 1833 1868 2747 
1833 918 1832 1834 1869 2748 
1834 919 1833 1835 1870 2749 
1835 920 1834 1836 1838 1871 2750 
1836 921 1835 1837 1838 2751 
1837 922 1836 1839 1840 1843 2752 
1838 923 1835 1836 1839 1841 1872 2753 
1839 924 1837 1838 1840 1841 2754 
1840 925 1837 1839 1842 1845 2755 
1841 926 1838 1839 1842 1873 2756 
1842 927 1840 1841 1847 1873 2757 
1843 928 1837 1844 1845 1846 2758 
1844 929 1843 1849 1850 2759 
1845 930 1840 1843 1846 1847 2760 
1846 931 1843 1845 1848 1849 2761 
1847 932 1842 1845 1848 1876 2762 
1848 933 1846 1847 1849 1877 2763 
1849 934 1844 1846 1848 1850 1880 1881 2764 
1850 935 1844 1849 1851 1889 1890 2765 
1851 936 1850 1852 1896 2766 
1852 937 1851 1853 1897 2767 
1853 938 1852 1854 1898 2768 
1854 939 1853 1855 1899 2769 
1855 940 1854 1856 1900 2770 
1856 941 1855 1857 1901 2771 
1857 942 1856 1858 1902 2772 
1858 943 1857 1859 1903 2773 
1859 944 1858 1860 1904 2774 
1860 945 1859 1861 1905 2775 
1861 946 1860 1862 1906 2776 
1862 947 1861 1863 1907 2777 
1863 948 1862 1864 1908 2778 
1864 949 1863 1865 1909 2779 
1865 950 1864 1866 1910 2780 
1866 951 1865 1911 2781 
1867 952 1831 1868 1912 2782 
1868 953 1832 1867 1869 1913 2783 
1869 954 1833 1868 1870 1914 2784 
1870 955 1834 1869 1871 1915 2785 
1871 956 1835 1870 1872 1874 1916 2786 
1872 957 1838 1871 1873 1874 2787 
1873 958 1841 1842 1872 1875 1876 1878 2788 
1874 959 1871 1872 1875 1917 2789 
1875 960 1873 1874 1884 1917 2790 
1876 961 1847 1873 1877 1878 2791 
1877 962 1848 1876 1879 1880 2792 
1878 963 1873 1876 1879 1884 2793 
1879 964 1877 1878 1882 1884 2794 
1880 965 1849 1877 1881 1882 2795 
1881 966 1849 1880 1883 1889 2796 
1882 967 1879 1880 1883 1885 2797 
1883 968 1881 1882 1886 1889 2798 
1884 969 1875 1878 1879 1885 1887 1918 2799 
1885 970 1882 1884 1886 1887 2800 
1886 971 1883 1885 1888 1891 2801 
1887 972 1884 1885 1888 1919 2802 
1888 973 1886 1887 1893 1919 2803 
1889 974 1850 1881 1883 1890 1891 1892 2804 
1890 975 1850 1889 1895 1896 2805 
1891 976 1886 1889 1892 1893 2806 
1892 977 1889 1891 1894 1895 2807 
1893 978 1888 1891 1894 1922 2808 
1894 979 1892 1893 1895 1923 2809 
1895 980 1890 1892 1894 1896 1926 1927 2810 
1896 981 1851 1890 1895 1897 1938 1939 2811 
1897 982 1852 1896 1898 1945 2812 
1898 983 1853 1897 1899 1946 2813 
1899 984 1854 1898 1900 1947 2814 
1900 985 1855 1899 1901 1948 2815 
1901 986 1856 1900 1902 1949 2816 
1902 987 1857 1901 1903 1950 2817 
1903 988 1858 1902 1904 1951 2818 
1904 989 1859 1903 1905 1952 2819 
1905 990 1860 1904 1906 1953 2820 
1906 991 1861 1905 1907 1954 2821 
1907 992 1862 1906 1908 1955 2822 
1908 993 1863 1907 1909 1956 2823 
1909 994 1864 1908 1910 1957 2824 
1910 995 1865 1909 1911 1958 2825 
1911 996 1866 1910 1959 2826 
1912 997 1867 1913 1960 2827 
1913 998 1868 1912 1914 1961 2828 
1914 999 1869 1913 1915 1962 2829 
1915 1000 1870 1914 1916 1963 2830 
1916 1001 1871 1915 1917 1964 2831 
1917 1002 1874 1875 1916 1918 1920 1965 2832 
1918 1003 1884 1917 1919 1920 2833 
1919 1004 1887 1888 1918 1921 1922 1924 2834 
1920 1005 1917 1918 1921 1966 2835 
1921 1006 1919 1920 1930 1932 1966 2836 
1922 1007 1893 1919 1923 1924 2837 
1923 1008 1894 1922 1925 1926 2838 
1924 1009 1919 1922 1925 1930 2839 
1925 1010 1923 1924 1928 1931 2840 
1926 1011 1895 1923 1927 1928 2841 
1927 1012 1895 1926 1929 1938 2842 
1928 1013 1925 1926 1929 1934 2843 
1929 1014 1927 1928 1935 1938 2844 
1930 1015 1921 1924 1931 1932 2845 
1931 1016 1925 1930 1933 1934 2846 
1932 1017 1921 1930 1933 1967 2847 
1933 1018 1931 1932 1936 1967 2848 
1934 1019 1928 1931 1935 1936 2849 
1935 1020 1929 1934 1937 1940 2850 
1936 1021 1933 1934 1937 1968 2851 
1937 1022 1935 1936 1942 1969 2852 
1938 1023 1896 1927 1929 1939 1940 1941 2853 
1939 1024 1896 1938 1944 1945 2854 
1940 1025 1935 1938 1941 1942 2855 
1941 1026 1938 1940 1943 1944 2856 
1942 1027 1937 1940 1943 1974 2857 
1943 1028 1941 1942 1944 1975 2858 
1944 1029 1939 1941 1943 1945 1978 1979 2859 
1945 1030 1897 1939 1944 1946 1990 1991 2860 
1946 1031 1898 1945 1947 1997 2861 
1947 1032 1899 1946 1948 1998 2862 
1948 1033 1900 1947 1949 1999 2863 
1949 1034 1901 1948 1950 2000 2864 
1950 1035 1902 1949 1951 2001 2865 
1951 1036 1903 1950 1952 2002 2866 
1952 1037 1904 1951 1953 2003 2867 
1953 1038 1905 1952 1954 2004 2868 
1954 1039 1906 1953 1955 2005 2869 
1955 1040 1907 1954 1956 2006 2870 
1956 1041 1908 1955 1957 2007 2871 
1957 1042 1909 1956 1958 2008 2872 
1958 1043 1910 1957 1959 2009 2873 
1959 1044 1911 1958 2010 2874 
1960 1045 1912 1961 2011 2875 
1961 1046 1913 1960 1962 2012 2876 
1962 1047 1914 1961 1963 2013 2877 
1963 1048 1915 1962 1964 2014 2878 
1964 1049 1916 1963 1965 2015 2879 
1965 1050 1917 1964 1966 2016 2880 
1966 1051 1920 1921 1965 1967 1972 2017 2881 
1967 1052 1932 1933 1966 1968 1970 1972 2882 
1968 1053 1936 1967 1969 1970 2883 
1969 1054 1937 1968 1971 1974 2884 
1970 1055 1967 1968 1971 1973 2885 
1971 1056 1969 1970 1973 1976 2886 
1972 1057 1966 1967 1973 2018 2887 
1973 1058 1970 1971 1972 1982 1984 2018 2888 
1974 1059 1942 1969 1975 1976 2889 
1975 1060 1943 1974 1977 1978 2890 
1976 1061 1971 1974 1977 1982 2891 
1977 1062 1975 1976 1980 1983 2892 
1978 1063 1944 1975 1979 1980 2893 
1979 1064 1944 1978 1981 1990 2894 
1980 1065 1977 1978 1981 1986 2895 
1981 1066 1979 1980 1987 1990 2896 
1982 1067 1973 1976 1983 1984 2897 
1983 1068 1977 1982 1985 1986 2898 
1984 1069 1973 1982 1985 2019 2899 
1985 1070 1983 1984 1988 2019 2900 
1986 1071 1980 1983 1987 1988 2901 
1987 1072 1981 1986 1989 1992 2902 
1988 1073 1985 1986 1989 2020 2903 
1989 1074 1987 1988 1994 2021 2904 
1990 1075 1945 1979 1981 1991 1992 1993 2905 
1991 1076 1945 1990 1996 1997 2906 
1992 1077 1987 1990 1993 1994 2907 
1993 1078 1990 1992 1995 1996 2908 
1994 1079 1989 1992 1995 2029 2909 
1995 1080 1993 1994 1996 2030 2910 
1996 1081 1991 1993 1995 1997 2033 2034 2911 
1997 1082 1946 1991 1996 1998 2045 2046 2912 
1998 1083 1947 1997 1999 2052 2913 
1999 1084 1948 1998 2000 2053 2914 
2000 1085 1949 1999 2001 2054 2915 
2001 1086 1950 2000 2002 2055 2916 
2002 1087 1951 2001 2003 2056 2917 
2003 1088 1952 2002 2004 2057 2918 
2004 1089 1953 2003 2005 2058 2919 
2005 1090 1954 2004 2006 2059 2920 
2006 1091 1955 2005 2007 2060 2921 
2007 1092 1956 2006 2008 2061 2922 
2008 1093 1957 2007 2009 2062 2923 
2009 1094 1958 2008 2010 2063 2924 
2010 1095 1959 2009 2064 2925 
2011 1096 1960 2012 2065 2926 
2012 1097 1961 2011 2013 2066 2927 
2013 1098 1962 2012 2014 2067 2928 
2014 1099 1963 2013 2015 2068 2929 
2015 1100 1964 2014 2016 2069 2930 
2016 1101 1965 2015 2017 2070 2931 
2017 1102 1966 2016 2018 2071 2932 
2018 1103 1972 1973 2017 2019 2024 2072 2933 
2019 1104 1984 1985 2018 2020 2022 2024 2934 
2020 1105 1988 2019 2021 2022 2935 
2021 1106 1989 2020 2023 2029 2936 
2022 1107 2019 2020 2023 2025 2937 
2023 1108 2021 2022 2026 2031 2938 
2024 1109 2018 2019 2025 2027 2073 2939 
2025 1110 2022 2024 2026 2027 2940 
2026 1111 2023 2025 2028 2037 2941 
2027 1112 2024 2025 2028 2074 2942 
2028 1113 2026 2027 2039 2074 2943 
2029 1114 1994 2021 2030 2031 2944 
2030 1115 1995 2029 2032 2033 2945 
2031 1116 2023 2029 2032 2037 2946 
2032 1117 2030 2031 2035 2038 2947 
2033 1118 1996 2030 2034 2035 2948 
2034 1119 1996 2033 2036 2045 2949 
2035 1120 2032 2033 2036 2041 2950 
2036 1121 2034 2035 2042 2045 2951 
2037 1122 2026 2031 2038 2039 2952 
2038 1123 2032 2037 2040 2041 2953 
2039 1124 2028 2037 2040 2077 2954 
2040 1125 2038 2039 2043 2078 2955 
2041 1126 2035 2038 2042 2043 2956 
2042 1127 2036 2041 2044 2047 2957 
2043 1128 2040 2041 2044 2081 2958 
2044 1129 2042 2043 2049 2082 2959 
2045 1130 1997 2034 2036 2046 2047 2048 2960 
2046 1131 1997 2045 2051 2052 2961 
2047 1132 2042 2045 2048 2049 2962 
2048 1133 2045 2047 2050 2051 2963 
2049 1134 2044 2047 2050 2090 2964 
2050 1135 2048 2049 2051 2091 2965 
2051 1136 2046 2048 2050 2052 2094 2095 2966 
2052 1137 1998 2046 2051 2053 2106 2107 2967 
2053 1138 1999 2052 2054 2113 2968 
2054 1139 2000 2053 2055 2114 2969 
2055 1140 2001 2054 2056 2115 2970 
2056 1141 2002 2055 2057 2116 2971 
2057 1142 2003 2056 2058 2117 2972 
2058 1143 2004 2057 2059 2118 2973 
2059 1144 2005 2058 2060 2119 2974 
2060 1145 2006 2059 2061 2120 2975 
2061 1146 2007 2060 2062 2121 2976 
2062 1147 2008 2061 2063 2122 2977 
2063 1148 2009 2062 2064 2123 2978 
2064 1149 2010 2063 2124 2979 
2065 1150 2011 2066 2125 2980 
2066 1151 2012 2065 2067 2126 2981 
2067 1152 2013 2066 2068 2127 2982 
2068 1153 2014 2067 2069 2128 2983 
2069 1154 2015 2068 2070 2129 2984 
2070 1155 2016 2069 2071 2130 2985 
2071 1156 2017 2070 2072 2131 2986 
2072 1157 2018 2071 2073 2075 2132 2987 
2073 1158 2024 2072 2074 2075 2988 
2074 1159 2027 2028 2073 2076 2077 2079 2989 
2075 1160 2072 2073 2076 2133 2990 
2076 1161 2074 2075 2085 2133 2991 
2077 1162 2039 2074 2078 2079 2992 
2078 1163 2040 2077 2080 2081 2993 
2079 1164 2074 2077 2080 2085 2994 
2080 1165 2078 2079 2083 2085 2995 
2081 1166 2043 2078 2082 2083 2996 
2082 1167 2044 2081 2084 2090 2997 
2083 1168 2080 2081 2084 2086 2998 
2084 1169 2082 2083 2087 2092 2999 
2085 1170 2076 2079 2080 2086 2088 2134 3000 
2086 1171 2083 2085 2087 2088 3001 
2087 1172 2084 2086 2089 2098 3002 
2088 1173 2085 2086 2089 2135 3003 
2089 1174 2087 2088 2100 2135 3004 
2090 1175 2049 2082 2091 2092 3005 
2091 1176 2050 2090 2093 2094 3006 
2092 1177 2084 2090 2093 2098 3007 
2093 1178 2091 2092 2096 2099 3008 
2094 1179 2051 2091 2095 2096 3009 
2095 1180 2051 2094 2097 2106 3010 
2096 1181 2093 2094 2097 2102 3011 
2097 1182 2095 2096 2103 2106 3012 
2098 1183 2087 2092 2099 2100 3013 
2099 1184 2093 2098 2101 2102 3014 
2100 1185 2089 2098 2101 2138 3015 
2101 1186 2099 2100 2104 2139 3016 
2102 1187 2096 2099 2103 2104 3017 
2103 1188 2097 2102 2105 2108 3018 
2104 1189 2101 2102 2105 2142 3019 
2105 1190 2103 2104 2110 2143 3020 
2106 1191 2052 2095 2097 2107 2108 2109 3021 
2107 1192 2052 2106 2112 2113 3022 
2108 1193 2103 2106 2109 2110 3023 
2109 1194 2106 2108 2111 2112 3024 
2110 1195 2105 2108 2111 2151 3025 
2111 1196 2109 2110 2112 2152 3026 
2112 1197 2107 2109 2111 2113 2155 2156 3027 
2113 1198 2053 2107 2112 2114 2167 2168 3028 
2114 1199 2054 2113 2115 2174 3029 
2115 1200 2055 2114 2116 2175 3030 
2116 1201 2056 2115 2117 2176 3031 
2117 1202 2057 2116 2118 2177 3032 
2118 1203 2058 2117 2119 2178 3033 
2119 1204 2059 2118 2120 2179 3034 
2120 1205 2060 2119 2121 2180 3035 
2121 1206 2061 2120 2122 2181 3036 
2122 1207 2062 2121 2123 2182 3037 
2123 1208 2063 2122 2124 2183 3038 
2124 1209 2064 2123 2184 3039 
2125 1210 2065 2126 2185 3040 
2126 1211 2066 2125 2127 2186 3041 
2127 1212 2067 2126 2128 2187 3042 
2128 1213 2068 2127 2129 2188 3043 
2129 1214 2069 2128 2130 2189 3044 
2130 1215 2070 2129 2131 2190 3045 
2131 1216 2071 2130 2132 2191 3046 
2132 1217 2072 2131 2133 2192 3047 
2133 1218 2075 2076 2132 2134 2136 2193 3048 
2134 1219 2085 2133 2135 2136 3049 
2135 1220 2088 2089 2134 2137 2138 2140 3050 
2136 1221 2133 2134 2137 2194 3051 
2137 1222 2135 2136 2146 2194 3052 
2138 1223 2100 2135 2139 2140 3053 
2139 1224 2101 2138 2141 2142 3054 
2140 1225 2135 2138 2141 2146 3055 
2141 1226 2139 2140 2144 2146 3056 
2142 1227 2104 2139 2143 2144 3057 
2143 1228 2105 2142 2145 2151 3058 
2144 1229 2141 2142 2145 2147 3059 
2145 1230 2143 2144 2148 2153 3060 
2146 1231 2137 2140 2141 2147 2149 2195 3061 
2147 1232 2144 2146 2148 2149 3062 
2148 1233 2145 2147 2150 2159 3063 
2149 1234 2146 2147 2150 2196 3064 
2150 1235 2148 2149 2161 2197 3065 
2151 1236 2110 2143 2152 2153 3066 
2152 1237 2111 2151 2154 2155 3067 
2153 1238 2145 2151 2154 2159 3068 
2154 1239 2152 2153 2157 2160 3069 
2155 1240 2112 2152 2156 2157 3070 
2156 1241 2112 2155 2158 2167 3071 
2157 1242 2154 2155 2158 2163 3072 
2158 1243 2156 2157 2164 2167 3073 
2159 1244 2148 2153 2160 2161 3074 
2160 1245 2154 2159 2162 2163 3075 
2161 1246 2150 2159 2162 2202 3076 
2162 1247 2160 2161 2165 2203 3077 
2163 1248 2157 2160 2164 2165 3078 
2164 1249 2158 2163 2166 2169 3079 
2165 1250 2162 2163 2166 2206 3080 
2166 1251 2164 2165 2171 2207 3081 
2167 1252 2113 2156 2158 2168 2169 2170 3082 
2168 1253 2113 2167 2173 2174 3083 
2169 1254 2164 2167 2170 2171 3084 
2170 1255 2167 2169 2172 2173 3085 
2171 1256 2166 2169 2172 2218 3086 
2172 1257 2170 2171 2173 2219 3087 
2173 1258 2168 2170 2172 2174 2222 2223 3088 
2174 1259 2114 2168 2173 2175 2234 2235 3089 
2175 1260 2115 2174 2176 2241 3090 
2176 1261 2116 2175 2177 2242 3091 
2177 1262 2117 2176 2178 2243 3092 
2178 1263 2118 2177 2179 2244 3093 
2179 1264 2119 2178 2180 2245 3094 
2180 1265 2120 2179 2181 2246 3095 
2181 1266 2121 2180 2182 2247 3096 
2182 1267 2122 2181 2183 2248 3097 
2183 1268 2123 2182 2184 2249 3098 
2184 1269 2124 2183 2250 3099 
2185 1270 2125 2186 2251 3100 
2186 1271 2126 2185 2187 2252 3101 
2187 1272 2127 2186 2188 2253 3102 
2188 1273 2128 2187 2189 2254 3103 
2189 1274 2129 2188 2190 2255 3104 
2190 1275 2130 2189 2191 2256 3105 
2191 1276 2131 2190 2192 2257 3106 
2192 1277 2132 2191 2193 2258 3107 
2193 1278 2133 2192 2194 2259 3108 
2194 1279 2136 2137 2193 2195 2200 2260 3109 
2195 1280 2146 2194 2196 2198 2200 3110 
2196 1281 2149 2195 2197 2198 3111 
2197 1282 2150 2196 2199 2202 3112 
2198 1283 2195 2196 2199 2201 3113 
2199 1284 2197 2198 2201 2204 3114 
2200 1285 2194 2195 2201 2261 3115 
2201 1286 2198 2199 2200 2210 2212 2261 3116 
2202 1287 2161 2197 2203 2204 3117 
2203 1288 2162 2202 2205 2206 3118 
2204 1289 2199 2202 2205 2210 3119 
2205 1290 2203 2204 2208 2211 3120 
2206 1291 2165 2203 2207 2208 3121 
2207 1292 2166 2206 2209 2218 3122 
2208 1293 2205 2206 2209 2214 3123 
2209 1294 2207 2208 2215 2220 3124 
2210 1295 2201 2204 2211 2212 3125 
2211 1296 2205 2210 2213 2214 3126 
2212 1297 2201 2210 2213 2262 3127 
2213 1298 2211 2212 2216 2262 3128 
2214 1299 2208 2211 2215 2216 3129 
2215 1300 2209 2214 2217 2226 3130 
2216 1301 2213 2214 2217 2263 3131 
2217 1302 2215 2216 2228 2264 3132 
2218 1303 2171 2207 2219 2220 3133 
2219 1304 2172 2218 2221 2222 3134 
2220 1305 2209 2218 2221 2226 3135 
2221 1306 2219 2220 2224 2227 3136 
2222 1307 2173 2219 2223 2224 3137 
2223 1308 2173 2222 2225 2234 3138 
2224 1309 2221 2222 2225 2230 3139 
2225 1310 2223 2224 2231 2234 3140 
2226 1311 2215 2220 2227 2228 3141 
2227 1312 2221 2226 2229 2230 3142 
2228 1313 2217 2226 2229 2269 3143 
2229 1314 2227 2228 2232 2270 3144 
2230 1315 2224 2227 2231 2232 3145 
2231 1316 2225 2230 2233 2236 3146 
2232 1317 2229 2230 2233 2273 3147 
2233 1318 2231 2232 2238 2274 3148 
2234 1319 2174 2223 2225 2235 2236 2237 3149 
2235 1320 2174 2234 2240 2241 3150 
2236 1321 2231 2234 2237 2238 3151 
2237 1322 2234 2236 2239 2240 3152 
2238 1323 2233 2236 2239 2285 3153 
2239 1324 2237 2238 2240 2286 3154 
2240 1325 2235 2237 2239 2241 2289 2290 3155 
2241 1326 2175 2235 2240 2242 2301 2302 3156 
2242 1327 2176 2241 2243 2308 3157 
2243 1328 2177 2242 2244 2309 3158 
2244 1329 2178 2243 2245 2310 3159 
2245 1330 2179 2244 2246 2311 3160 
2246 1331 2180 2245 2247 2312 3161 
2247 1332 2181 2246 2248 2313 3162 
2248 1333 2182 2247 2249 2314 3163 
2249 1334 2183 2248 2250 2315 3164 
2250 1335 2184 2249 2316 3165 
2251 1336 2185 2252 2317 3166 
2252 1337 2186 2251 2253 2318 3167 
2253 1338 2187 2252 2254 2319 3168 
2254 1339 2188 2253 2255 2320 3169 
2255 1340 2189 2254 2256 2321 3170 
2256 1341 2190 2255 2257 2322 3171 
2257 1342 2191 2256 2258 2323 3172 
2258 1343 2192 2257 2259 2324 3173 
2259 1344 2193 2258 2260 2325 3174 
2260 1345 2194 2259 2261 2326 3175 
2261 1346 2200 2201 2260 2262 2267 2327 3176 
2262 1347 2212 2213 2261 2263 2265 2267 3177 
2263 1348 2216 2262 2264 2265 3178 
2264 1349 2217 2263 2266 2269 3179 
2265 1350 2262 2263 2266 2268 3180 
2266 1351 2264 2265 2268 2271 3181 
2267 1352 2261 2262 2268 2328 3182 
2268 1353 2265 2266 2267 2277 2279 2329 3183 
2269 1354 2228 2264 2270 2271 3184 
2270 1355 2229 2269 2272 2273 3185 
2271 1356 2266 2269 2272 2277 3186 
2272 1357 2270 2271 2275 2278 3187 
2273 1358 2232 2270 2274 2275 3188 
2274 1359 2233 2273 2276 2285 3189 
2275 1360 2272 2273 2276 2281 3190 
2276 1361 2274 2275 2282 2287 3191 
2277 1362 2268 2271 2278 2279 3192 
2278 1363 2272 2277 2280 2281 3193 
2279 1364 2268 2277 2280 2332 3194 
2280 1365 2278 2279 2283 2333 3195 
2281 1366 2275 2278 2282 2283 3196 
2282 1367 2276 2281 2284 2293 3197 
2283 1368 2280 2281 2284 2336 3198 
2284 1369 2282 2283 2295 2337 3199 
2285 1370 2238 2274 2286 2287 3200 
2286 1371 2239 2285 2288 2289 3201 
2287 1372 2276 2285 2288 2293 3202 
2288 1373 2286 2287 2291 2294 3203 
2289 1374 2240 2286 2290 2291 3204 
2290 1375 2240 2289 2292 2301 3205 
2291 1376 2288 2289 2292 2297 3206 
2292 1377 2290 2291 2298 2301 3207 
2293 1378 2282 2287 2294 2295 3208 
2294 1379 2288 2293 2296 2297 3209 
2295 1380 2284 2293 2296 2345 3210 
2296 1381 2294 2295 2299 2346 3211 
2297 1382 2291 2294 2298 2299 3212 
2298 1383 2292 2297 2300 2303 3213 
2299 1384 2296 2297 2300 2349 3214 
2300 1385 2298 2299 2305 2350 3215 
2301 1386 2241 2290 2292 2302 2303 2304 3216 
2302 1387 2241 2301 2307 2308 3217 
2303 1388 2298 2301 2304 2305 3218 
2304 1389 2301 2303 2306 2307 3219 
2305 1390 2300 2303 2306 2361 3220 
2306 1391 2304 2305 2307 2362 3221 
2307 1392 2302 2304 2306 2308 2365 2366 3222 
2308 1393 2242 2302 2307 2309 2377 2378 3223 
2309 1394 2243 2308 2310 2384 3224 
2310 1395 2244 2309 2311 2385 3225 
2311 1396 2245 2310 2312 2386 3226 
2312 1397 2246 2311 2313 2387 3227 
2313 1398 2247 2312 2314 2388 3228 
2314 1399 2248 2313 2315 2389 3229 
2315 1400 2249 2314 2316 2390 3230 
2316 1401 2250 2315 2391 3231 
2317 1402 2251 2318 2392 3232 
2318 1403 2252 2317 2319 2393 3233 
2319 1404 2253 2318 2320 2394 3234 
2320 1405 2254 2319 2321 2395 3235 
2321 1406 2255 2320 2322 2396 3236 
2322 1407 2256 2321 2323 2397 3237 
2323 1408 2257 2322 2324 2398 3238 
2324 1409 2258 2323 2325 2399 3239 
2325 1410 2259 2324 2326 2400 3240 
2326 1411 2260 2325 2327 2401 3241 
2327 1412 2261 2326 2328 2330 2402 3242 
2328 1413 2267 2327 2329 2330 3243 
2329 1414 2268 2328 2331 2332 2334 3244 
2330 1415 2327 2328 2331 2403 3245 
2331 1416 2329 2330 2340 2403 3246 
2332 1417 2279 2329 2333 2334 3247 
2333 1418 2280 2332 2335 2336 3248 
2334 1419 2329 2332 2335 2340 3249 
2335 1420 2333 2334 2338 2340 3250 
2336 1421 2283 2333 2337 2338 3251 
2337 1422 2284 2336 2339 2345 3252 
2338 1423 2335 2336 2339 2341 3253 
2339 1424 2337 2338 2342 2347 3254 
2340 1425 2331 2334 2335 2341 2343 2404 3255 
2341 1426 2338 2340 2342 2343 3256 
2342 1427 2339 2341 2344 2353 3257 
2343 1428 2340 2341 2344 2405 3258 
2344 1429 2342 2343 2355 2405 3259 
2345 1430 2295 2337 2346 2347 3260 
2346 1431 2296 2345 2348 2349 3261 
2347 1432 2339 2345 2348 2353 3262 
2348 1433 2346 2347 2351 2354 3263 
2349 1434 2299 2346 2350 2351 3264 
2350 1435 2300 2349 2352 2361 3265 
2351 1436 2348 2349 2352 2357 3266 
2352 1437 2350 2351 2358 2363 3267 
2353 1438 2342 2347 2354 2355 3268 
2354 1439 2348 2353 2356 2357 3269 
2355 1440 2344 2353 2356 2408 3270 
2356 1441 2354 2355 2359 2409 3271 
2357 1442 2351 2354 2358 2359 3272 
2358 1443 2352 2357 2360 2369 3273 
2359 1444 2356 2357 2360 2412 3274 
2360 1445 2358 2359 2371 2413 3275 
2361 1446 2305 2350 2362 2363 3276 
2362 1447 2306 2361 2364 2365 3277 
2363 1448 2352 2361 2364 2369 3278 
2364 1449 2362 2363 2367 2370 3279 
2365 1450 2307 2362 2366 2367 3280 
2366 1451 2307 2365 2368 2377 3281 
2367 1452 2364 2365 2368 2373 3282 
2368 1453 2366 2367 2374 2377 3283 
2369 1454 2358 2363 2370 2371 3284 
2370 1455 2364 2369 2372 2373 3285 
2371 1456 2360 2369 2372 2421 3286 
2372 1457 2370 2371 2375 2422 3287 
2373 1458 2367 2370 2374 2375 3288 
2374 1459 2368 2373 2376 2379 3289 
2375 1460 2372 2373 2376 2425 3290 
2376 1461 2374 2375 2381 2426 3291 
2377 1462 2308 2366 2368 2378 2379 2380 3292 
2378 1463 2308 2377 2383 2384 3293 
2379 1464 2374 2377 2380 2381 3294 
2380 1465 2377 2379 2382 2383 3295 
2381 1466 2376 2379 2382 2437 3296 
2382 1467 2380 2381 2383 2438 3297 
2383 1468 2378 2380 2382 2384 2441 2442 3298 
2384 1469 2309 2378 2383 2385 2453 2454 3299 
2385 1470 2310 2384 2386 2457 3300 
2386 1471 2311 2385 2387 2458 3301 
2387 1472 2312 2386 2388 2459 3302 
2388 1473 2313 2387 2389 2460 3303 
2389 1474 2314 2388 2390 2461 3304 
2390 1475 2315 2389 2391 2462 3305 
2391 1476 2316 2390 2463 3306 
2392 1477 2317 2393 2464 3307 
2393 1478 2318 2392 2394 2465 3308 
2394 1479 2319 2393 2395 2466 3309 
2395 1480 2320 2394 2396 2467 3310 
2396 1481 2321 2395 2397 2468 3311 
2397 1482 2322 2396 2398 2469 3312 
2398 1483 2323 2397 2399 2470 3313 
2399 1484 2324 2398 2400 2471 3314 
2400 1485 2325 2399 2401 2472 3315 
2401 1486 2326 2400 2402 2473 3316 
2402 1487 2327 2401 2403 2474 3317 
2403 1488 2330 2331 2402 2404 2406 2475 3318 
2404 1489 2340 2403 2405 2406 3319 
2405 1490 2343 2344 2404 2407 2408 2410 3320 
2406 1491 2403 2404 2407 2476 3321 
2407 1492 2405 2406 2416 2476 3322 
2408 1493 2355 2405 2409 2410 3323 
2409 1494 2356 2408 2411 2412 3324 
2410 1495 2405 2408 2411 2416 3325 
2411 1496 2409 2410 2414 2416 3326 
2412 1497 2359 2409 2413 2414 3327 
2413 1498 2360 2412 2415 2421 3328 
2414 1499 2411 2412 2415 2417 3329 
2415 1500 2413 2414 2418 2423 3330 
2416 1501 2407 2410 2411 2417 2419 2477 3331 
2417 1502 2414 2416 2418 2419 3332 
2418 1503 2415 2417 2420 2429 3333 
2419 1504 2416 2417 2420 2478 3334 
2420 1505 2418 2419 2431 2478 3335 
2421 1506 2371 2413 2422 2423 3336 
2422 1507 2372 2421 2424 2425 3337 
2423 1508 2415 2421 2424 2429 3338 
2424 1509 2422 2423 2427 2430 3339 
2425 1510 2375 2422 2426 2427 3340 
2426 1511 2376 2425 2428 2437 3341 
2427 1512 2424 2425 2428 2433 3342 
2428 1513 2426 2427 2434 2439 3343 
2429 1514 2418 2423 2430 2431 3344 
2430 1515 2424 2429 2432 2433 3345 
2431 1516 2420 2429 2432 2481 3346 
2432 1517 2430 2431 2435 2482 3347 
2433 1518 2427 2430 2434 2435 3348 
2434 1519 2428 2433 2436 2445 3349 
2435 1520 2432 2433 2436 2485 3350 
2436 1521 2434 2435 2447 2486 3351 
2437 1522 2381 2426 2438 2439 3352 
2438 1523 2382 2437 2440 2441 3353 
2439 1524 2428 2437 2440 2445 3354 
2440 1525 2438 2439 2443 2446 3355 
2441 1526 2383 2438 2442 2443 3356 
2442 1527 2383 2441 2444 2453 3357 
2443 1528 2440 2441 2444 2449 3358 
2444 1529 2442 2443 2450 2453 3359 
2445 1530 2434 2439 2446 2447 3360 
2446 1531 2440 2445 2448 2449 3361 
2447 1532 2436 2445 2448 2497 3362 
2448 1533 2446 2447 2451 2498 3363 
2449 1534 2443 2446 2450 2451 3364 
2450 1535 2444 2449 2452 2455 3365 
2451 1536 2448 2449 2452 2501 3366 
2452 1537 2450 2451 2455 2502 3367 
2453 1538 2384 2442 2444 2454 2455 3368 
2454 1539 2384 2453 2456 2457 3369 
2455 1540 2450 2452 2453 2456 2513 2514 3370 
2456 1541 2454 2455 2457 2517 3371 
2457 1542 2385 2454 2456 2458 2523 3372 
2458 1543 2386 2457 2459 2524 3373 
2459 1544 2387 2458 2460 2525 3374 
2460 1545 2388 2459 2461 2526 3375 
2461 1546 2389 2460 2462 2527 3376 
2462 1547 2390 2461 2463 2528 3377 
2463 1548 2391 2462 2529 3378 
2464 1549 2392 2465 2530 3379 
2465 1550 2393 2464 2466 2531 3380 
2466 1551 2394 2465 2467 2532 3381 
2467 1552 2395 2466 2468 2533 3382 
2468 1553 2396 2467 2469 2534 3383 
2469 1554 2397 2468 2470 2535 3384 
2470 1555 2398 2469 2471 2536 3385 
2471 1556 2399 2470 2472 2537 3386 
2472 1557 2400 2471 2473 2538 3387 
2473 1558 2401 2472 2474 2539 3388 
2474 1559 2402 2473 2475 2540 3389 
2475 1560 2403 2474 2476 2541 3390 
2476 1561 2406 2407 2475 2477 2479 2542 3391 
2477 1562 2416 2476 2478 2479 3392 
2478 1563 2419 2420 2477 2480 2481 2483 3393 
2479 1564 2476 2477 2480 2543 3394 
2480 1565 2478 2479 2489 2491 2543 3395 
2481 1566 2431 2478 2482 2483 3396 
2482 1567 2432 2481 2484 2485 3397 
2483 1568 2478 2481 2484 2489 3398 
2484 1569 2482 2483 2487 2490 3399 
2485 1570 2435 2482 2486 2487 3400 
2486 1571 2436 2485 2488 2497 3401 
2487 1572 2484 2485 2488 2493 3402 
2488 1573 2486 2487 2494 2499 3403 
2489 1574 2480 2483 2490 2491 3404 
2490 1575 2484 2489 2492 2493 3405 
2491 1576 2480 2489 2492 2544 3406 
2492 1577 2490 2491 2495 2544 3407 
2493 1578 2487 2490 2494 2495 3408 
2494 1579 2488 2493 2496 2505 3409 
2495 1580 2492 2493 2496 2545 3410 
2496 1581 2494 2495 2507 2546 3411 
2497 1582 2447 2486 2498 2499 3412 
2498 1583 2448 2497 2500 2501 3413 
2499 1584 2488 2497 2500 2505 3414 
2500 1585 2498 2499 2503 2506 3415 
2501 1586 2451 2498 2502 2503 3416 
2502 1587 2452 2501 2504 2513 3417 
2503 1588 2500 2501 2504 2509 3418 
2504 1589 2502 2503 2510 2515 3419 
2505 1590 2494 2499 2506 2507 3420 
2506 1591 2500 2505 2508 2509 3421 
2507 1592 2496 2505 2508 2551 3422 
2508 1593 2506 2507 2511 2552 3423 
2509 1594 2503 2506 2510 2511 3424 
2510 1595 2504 2509 2512 2518 3425 
2511 1596 2508 2509 2512 2555 3426 
2512 1597 2510 2511 2520 2556 3427 
2513 1598 2455 2502 2514 2515 3428 
2514 1599 2455 2513 2516 2517 3429 
2515 1600 2504 2513 2516 2518 3430 
2516 1601 2514 2515 2517 2519 3431 
2517 1602 2456 2514 2516 2522 2523 3432 
2518 1603 2510 2515 2519 2520 3433 
2519 1604 2516 2518 2521 2522 3434 
2520 1605 2512 2518 2521 2567 3435 
2521 1606 2519 2520 2522 2568 3436 
2522 1607 2517 2519 2521 2523 2571 2572 3437 
2523 1608 2457 2517 2522 2524 2583 2584 3438 
2524 1609 2458 2523 2525 2587 3439 
2525 1610 2459 2524 2526 2588 3440 
2526 1611 2460 2525 2527 2589 3441 
2527 1612 2461 2526 2528 2590 3442 
2528 1613 2462 2527 2529 2591 3443 
2529 1614 2463 2528 2592 3444 
2530 1615 2464 2531 2593 3445 
2531 1616 2465 2530 2532 2594 3446 
2532 1617 2466 2531 2533 2595 3447 
2533 1618 2467 2532 2534 2596 3448 
2534 1619 2468 2533 2535 2597 3449 
2535 1620 2469 2534 2536 2598 3450 
2536 1621 2470 2535 2537 2599 3451 
2537 1622 2471 2536 2538 2600 3452 
2538 1623 2472 2537 2539 2601 3453 
2539 1624 2473 2538 2540 2602 3454 
2540 1625 2474 2539 2541 2603 3455 
2541 1626 2475 2540 2542 2604 3456 
2542 1627 2476 2541 2543 2605 3457 
2543 1628 2479 2480 2542 2544 2549 2606 3458 
2544 1629 2491 2492 2543 2545 2547 2549 3459 
2545 1630 2495 2544 2546 2547 3460 
2546 1631 2496 2545 2548 2551 3461 
2547 1632 2544 2545 2548 2550 3462 
2548 1633 2546 2547 2550 2553 3463 
2549 1634 2543 2544 2550 2607 3464 
2550 1635 2547 2548 2549 2559 2561 2607 3465 
2551 1636 2507 2546 2552 2553 3466 
2552 1637 2508 2551 2554 2555 3467 
2553 1638 2548 2551 2554 2559 3468 
2554 1639 2552 2553 2557 2560 3469 
2555 1640 2511 2552 2556 2557 3470 
2556 1641 2512 2555 2558 2567 3471 
2557 1642 2554 2555 2558 2563 3472 
2558 1643 2556 2557 2564 2569 3473 
2559 1644 2550 2553 2560 2561 3474 
2560 1645 2554 2559 2562 2563 3475 
2561 1646 2550 2559 2562 2608 3476 
2562 1647 2560 2561 2565 2608 3477 
2563 1648 2557 2560 2564 2565 3478 
2564 1649 2558 2563 2566 2575 3479 
2565 1650 2562 2563 2566 2609 3480 
2566 1651 2564 2565 2577 2610 3481 
2567 1652 2520 2556 2568 2569 3482 
2568 1653 2521 2567 2570 2571 3483 
2569 1654 2558 2567 2570 2575 3484 
2570 1655 2568 2569 2573 2576 3485 
2571 1656 2522 2568 2572 2573 3486 
2572 1657 2522 2571 2574 2583 3487 
2573 1658 2570 2571 2574 2579 3488 
2574 1659 2572 2573 2580 2583 3489 
2575 1660 2564 2569 2576 2577 3490 
2576 1661 2570 2575 2578 2579 3491 
2577 1662 2566 2575 2578 2618 3492 
2578 1663 2576 2577 2581 2619 3493 
2579 1664 2573 2576 2580 2581 3494 
2580 1665 2574 2579 2582 2585 3495 
2581 1666 2578 2579 2582 2622 3496 
2582 1667 2580 2581 2585 2623 3497 
2583 1668 2523 2572 2574 2584 2585 3498 
2584 1669 2523 2583 2586 2587 3499 
2585 1670 2580 2582 2583 2586 2634 3500 
2586 1671 2584 2585 2587 2635 3501 
2587 1672 2524 2584 2586 2588 2641 3502 
2588 1673 2525 2587 2589 2642 3503 
2589 1674 2526 2588 2590 2643 3504 
2590 1675 2527 2589 2591 2644 3505 
2591 1676 2528 2590 2592 2645 3506 
2592 1677 2529 2591 2646 3507 
2593 1678 2530 2594 2647 3508 
2594 1679 2531 2593 2595 2648 3509 
2595 1680 2532 2594 2596 2649 3510 
2596 1681 2533 2595 2597 2650 3511 
2597 1682 2534 2596 2598 2651 3512 
2598 1683 2535 2597 2599 2652 3513 
2599 1684 2536 2598 2600 2653 3514 
2600 1685 2537 2599 2601 2654 3515 
2601 1686 2538 2600 2602 2655 3516 
2602 1687 2539 2601 2603 2656 3517 
2603 1688 2540 2602 2604 2657 3518 
2604 1689 2541 2603 2605 2658 3519 
2605 1690 2542 2604 2606 2659 3520 
2606 1691 2543 2605 2607 2660 3521 
2607 1692 2549 2550 2606 2608 2613 2661 3522 
2608 1693 2561 2562 2607 2609 2611 2613 3523 
2609 1694 2565 2608 2610 2611 3524 
2610 1695 2566 2609 2612 2618 3525 
2611 1696 2608 2609 2612 2614 3526 
2612 1697 2610 2611 2615 2620 3527 
2613 1698 2607 2608 2614 2616 2662 3528 
2614 1699 2611 2613 2615 2616 3529 
2615 1700 2612 2614 2617 2626 3530 
2616 1701 2613 2614 2617 2663 3531 
2617 1702 2615 2616 2628 2663 3532 
2618 1703 2577 2610 2619 2620 3533 
2619 1704 2578 2618 2621 2622 3534 
2620 1705 2612 2618 2621 2626 3535 
2621 1706 2619 2620 2624 2627 3536 
2622 1707 2581 2619 2623 2624 3537 
2623 1708 2582 2622 2625 2634 3538 
2624 1709 2621 2622 2625 2630 3539 
2625 1710 2623 2624 2631 2634 3540 
2626 1711 2615 2620 2627 2628 3541 
2627 1712 2621 2626 2629 2630 3542 
2628 1713 2617 2626 2629 2666 3543 
2629 1714 2627 2628 2632 2667 3544 
2630 1715 2624 2627 2631 2632 3545 
2631 1716 2625 2630 2633 2636 3546 
2632 1717 2629 2630 2633 2670 3547 
2633 1718 2631 2632 2638 2671 3548 
2634 1719 2585 2623 2625 2635 2636 2637 3549 
2635 1720 2586 2634 2640 2641 3550 
2636 1721 2631 2634 2637 2638 3551 
2637 1722 2634 2636 2639 2640 3552 
2638 1723 2633 2636 2639 2679 3553 
2639 1724 2637 2638 2640 2680 3554 
2640 1725 2635 2637 2639 2641 2683 3555 
2641 1726 2587 2635 2640 2642 2692 2693 3556 
2642 1727 2588 2641 2643 2696 3557 
2643 1728 2589 2642 2644 2697 3558 
2644 1729 2590 2643 2645 2698 3559 
2645 1730 2591 2644 2646 2699 3560 
2646 1731 2592 2645 2700 3561 
2647 1732 2593 2648 2701 3562 
2648 1733 2594 2647 2649 2702 3563 
2649 1734 2595 2648 2650 2703 3564 
2650 1735 2596 2649 2651 2704 3565 
2651 1736 2597 2650 2652 2705 3566 
2652 1737 2598 2651 2653 2706 3567 
2653 1738 2599 2652 2654 2707 3568 
2654 1739 2600 2653 2655 2708 3569 
2655 1740 2601 2654 2656 2709 3570 
2656 1741 2602 2655 2657 2710 3571 
2657 1742 2603 2656 2658 2711 3572 
2658 1743 2604 2657 2659 2712 3573 
2659 1744 2605 2658 2660 2713 3574 
2660 1745 2606 2659 2661 2714 3575 
2661 1746 2607 2660 2662 2664 2715 3576 
2662 1747 2613 2661 2663 2664 3577 
2663 1748 2616 2617 2662 2665 2666 2668 3578 
2664 1749 2661 2662 2665 2716 3579 
2665 1750 2663 2664 2674 2716 3580 
2666 1751 2628 2663 2667 2668 3581 
2667 1752 2629 2666 2669 2670 3582 
2668 1753 2663 2666 2669 2674 3583 
2669 1754 2667 2668 2672 2674 3584 
2670 1755 2632 2667 2671 2672 3585 
2671 1756 2633 2670 2673 2679 3586 
2672 1757 2669 2670 2673 2675 3587 
2673 1758 2671 2672 2676 2681 3588 
2674 1759 2665 2668 2669 2675 2677 2717 3589 
2675 1760 2672 2674 2676 2677 3590 
2676 1761 2673 2675 2678 2684 3591 
2677 1762 2674 2675 2678 2718 3592 
2678 1763 2676 2677 2686 2718 3593 
2679 1764 2638 2671 2680 2681 3594 
2680 1765 2639 2679 2682 2683 3595 
2681 1766 2673 2679 2682 2684 3596 
2682 1767 2680 2681 2683 2685 3597 
2683 1768 2640 2680 2682 2688 2689 2692 3598 
2684 1769 2676 2681 2685 2686 3599 
2685 1770 2682 2684 2687 2688 3600 
2686 1771 2678 2684 2687 2721 3601 
2687 1772 2685 2686 2690 2722 3602 
2688 1773 2683 2685 2689 2690 3603 
2689 1774 2683 2688 2691 2694 3604 
2690 1775 2687 2688 2691 2725 3605 
2691 1776 2689 2690 2694 2726 3606 
2692 1777 2641 2683 2693 2694 3607 
2693 1778 2641 2692 2695 2696 3608 
2694 1779 2689 2691 2692 2695 2734 3609 
2695 1780 2693 2694 2696 2735 3610 
2696 1781 2642 2693 2695 2697 2741 3611 
2697 1782 2643 2696 2698 2742 3612 
2698 1783 2644 2697 2699 2743 3613 
2699 1784 2645 2698 2700 2744 3614 
2700 1785 2646 2699 2745 3615 
2701 1786 2647 2702 3616 
2702 1787 2648 2701 2703 3617 
2703 1788 2649 2702 2704 3618 
2704 1789 2650 2703 2705 3619 
2705 1790 2651 2704 2706 3620 
2706 1791 2652 2705 2707 3621 
2707 1792 2653 2706 2708 3622 
2708 1793 2654 2707 2709 3623 
2709 1794 2655 2708 2710 3624 
2710 1795 2656 2709 2711 3625 
2711 1796 2657 2710 2712 3626 
2712 1797 2658 2711 2713 3627 
2713 1798 2659 2712 2714 3628 
2714 1799 2660 2713 2715 3629 
2715 1800 2661 2714 2716 3630 
2716 1801 2664 2665 2715 2717 2719 3631 
2717 1802 2674 2716 2718 2719 3632 
2718 1803 2677 2678 2717 2720 2721 2723 3633 
2719 1804 2716 2717 2720 3634 
2720 1805 2718 2719 2729 3635 
2721 1806 2686 2718 2722 2723 3636 
2722 1807 2687 2721 2724 2725 3637 
2723 1808 2718 2721 2724 2729 3638 
2724 1809 2722 2723 2727 2729 3639 
2725 1810 2690 2722 2726 2727 3640 
2726 1811 2691 2725 2728 2734 3641 
2727 1812 2724 2725 2728 2730 3642 
2728 1813 2726 2727 2731 2734 3643 
2729 1814 2720 2723 2724 2730 2732 3644 
2730 1815 2727 2729 2731 2732 3645 
2731 1816 2728 2730 2733 2736 3646 
2732 1817 2729 2730 2733 3647 
2733 1818 2731 2732 2738 3648 
2734 1819 2694 2726 2728 2735 2736 2737 3649 
2735 1820 2695 2734 2740 2741 3650 
2736 1821 2731 2734 2737 2738 3651 
2737 1822 2734 2736 2739 2740 3652 
2738 1823 2733 2736 2739 3653 
2739 1824 2737 2738 2740 3654 
2740 1825 2735 2737 2739 2741 3655 
2741 1826 2696 2735 2740 2742 3656 
2742 1827 2697 2741 2743 3657 
2743 1828 2698 2742 2744 3658 
2744 1829 2699 2743 2745 3659 
2745 1830 2700 2744 3660 
2746 1831 2747 2782 
2747 1832 2746 2748 2783 
2748 1833 2747 2749 2784 
2749 1834 2748 2750 2785 
2750 1835 2749 2751 2753 2786 
2751 1836 2750 2752 2753 
2752 1837 2751 2754 2755 2758 
2753 1838 2750 2751 2754 2756 2787 
2754 1839 2752 2753 2755 2756 
2755 1840 2752 2754 2757 2760 
2756 1841 2753 2754 2757 2788 
2757 1842 2755 2756 2762 2788 
2758 1843 2752 2759 2760 2761 
2759 1844 2758 2764 2765 
2760 1845 2755 2758 2761 2762 
2761 1846 2758 2760 2763 2764 
2762 1847 2757 2760 2763 2791 
2763 1848 2761 2762 2764 2792 
2764 1849 2759 2761 2763 2765 2795 2796 
2765 1850 2759 2764 2766 2804 2805 
2766 1851 2765 2767 2811 
2767 1852 2766 2768 2812 
2768 1853 2767 2769 2813 
2769 1854 2768 2770 2814 
2770 1855 2769 2771 2815 
2771 1856 2770 2772 2816 
2772 1857 2771 2773 2817 
2773 1858 2772 2774 2818 
2774 1859 2773 2775 2819 
2775 1860 2774 2776 2820 
2776 1861 2775 2777 2821 
2777 1862 2776 2778 2822 
2778 1863 2777 2779 2823 
2779 1864 2778 2780 2824 
2780 1865 2779 2781 2825 
2781 1866 2780 2826 
2782 1867 2746 2783 2827 
2783 1868 2747 2782 2784 2828 
2784 1869 2748 2783 2785 2829 
2785 1870 2749 2784 2786 2830 
2786 1871 2750 2785 2787 2789 2831 
2787 1872 2753 2786 2788 2789 
2788 1873 2756 2757 2787 2790 2791 2793 
2789 1874 2786 2787 2790 2832 
2790 1875 2788 2789 2799 2832 
2791 1876 2762 2788 2792 2793 
2792 1877 2763 2791 2794 2795 
2793 1878 2788 2791 2794 2799 
2794 1879 2792 2793 2797 2799 
2795 1880 2764 2792 2796 2797 
2796 1881 2764 2795 2798 2804 
2797 1882 2794 2795 2798 2800 
2798 1883 2796 2797 2801 2804 
2799 1884 2790 2793 2794 2800 2802 2833 
2800 1885 2797 2799 2801 2802 
2801 1886 2798 2800 2803 2806 
2802 1887 2799 2800 2803 2834 
2803 1888 2801 2802 2808 2834 
2804 1889 2765 2796 2798 2805 2806 2807 
2805 1890 2765 2804 2810 2811 
2806 1891 2801 2804 2807 2808 
2807 1892 2804 2806 2809 2810 
2808 1893 2803 2806 2809 2837 
2809 1894 2807 2808 2810 2838 
2810 1895 2805 2807 2809 2811 2841 2842 
2811 1896 2766 2805 2810 2812 2853 2854 
2812 1897 2767 2811 2813 2860 
2813 1898 2768 2812 2814 2861 
2814 1899 2769 2813 2815 2862 
2815 1900 2770 2814 2816 2863 
2816 1901 2771 2815 2817 2864 
2817 1902 2772 2816 2818 2865 
2818 1903 2773 2817 2819 2866 
2819 1904 2774 2818 2820 2867 
2820 1905 2775 2819 2821 2868 
2821 1906 2776 2820 2822 2869 
2822 1907 2777 2821 2823 2870 
2823 1908 2778 2822 2824 2871 
2824 1909 2779 2823 2825 2872 
2825 1910 2780 2824 2826 2873 
2826 1911 2781 2825 2874 
2827 1912 2782 2828 2875 
2828 1913 2783 2827 2829 2876 
2829 1914 2784 2828 2830 2877 
2830 1915 2785 2829 2831 2878 
2831 1916 2786 2830 2832 2879 
2832 1917 2789 2790 2831 2833 2835 2880 
2833 1918 2799 2832 2834 2835 
2834 1919 2802 2803 2833 2836 2837 2839 
2835 1920 2832 2833 2836 2881 
2836 1921 2834 2835 2845 2847 2881 
2837 1922 2808 2834 2838 2839 
2838 1923 2809 2837 2840 2841 
2839 1924 2834 2837 2840 2845 
2840 1925 2838 2839 2843 2846 
2841 1926 2810 2838 2842 2843 
2842 1927 2810 2841 2844 2853 
2843 1928 2840 2841 2844 2849 
2844 1929 2842 2843 2850 2853 
2845 1930 2836 2839 2846 2847 
2846 1931 2840 2845 2848 2849 
2847 1932 2836 2845 2848 2882 
2848 1933 2846 2847 2851 2882 
2849 1934 2843 2846 2850 2851 
2850 1935 2844 2849 2852 2855 
2851 1936 2848 2849 2852 2883 
2852 1937 2850 2851 2857 2884 
2853 1938 2811 2842 2844 2854 2855 2856 
2854 1939 2811 2853 2859 2860 
2855 1940 2850 2853 2856 2857 
2856 1941 2853 2855 2858 2859 
2857 1942 2852 2855 2858 2889 
2858 1943 2856 2857 2859 2890 
2859 1944 2854 2856 2858 2860 2893 2894 
2860 1945 2812 2854 2859 2861 2905 2906 
2861 1946 2813 2860 2862 2912 
2862 1947 2814 2861 2863 2913 
2863 1948 2815 2862 2864 2914 
2864 1949 2816 2863 2865 2915 
2865 1950 2817 2864 2866 2916 
2866 1951 2818 2865 2867 2917 
2867 1952 2819 2866 2868 2918 
2868 1953 2820 2867 2869 2919 
2869 1954 2821 2868 2870 2920 
2870 1955 2822 2869 2871 2921 
2871 1956 2823 2870 2872 2922 
2872 1957 2824 2871 2873 2923 
2873 1958 2825 2872 2874 2924 
2874 1959 2826 2873 2925 
2875 1960 2827 2876 2926 
2876 1961 2828 2875 2877 2927 
2877 1962 2829 2876 2878 2928 
2878 1963 2830 2877 2879 2929 
2879 1964 2831 2878 2880 2930 
2880 1965 2832 2879 2881 2931 
2881 1966 2835 2836 2880 2882 2887 2932 
2882 1967 2847 2848 2881 2883 2885 2887 
2883 1968 2851 2882 2884 2885 
2884 1969 2852 2883 2886 2889 
2885 1970 2882 2883 2886 2888 
2886 1971 2884 2885 2888 2891 
2887 1972 2881 2882 2888 2933 
2888 1973 2885 2886 2887 2897 2899 2933 
2889 1974 2857 2884 2890 2891 
2890 1975 2858 2889 2892 2893 
2891 1976 2886 2889 2892 2897 
2892 1977 2890 2891 2895 2898 
2893 1978 2859 2890 2894 2895 
2894 1979 2859 2893 2896 2905 
2895 1980 2892 2893 2896 2901 
2896 1981 2894 2895 2902 2905 
2897 1982 2888 2891 2898 2899 
2898 1983 2892 2897 2900 2901 
2899 1984 2888 2897 2900 2934 
2900 1985 2898 2899 2903 2934 
2901 1986 2895 2898 2902 2903 
2902 1987 2896 2901 2904 2907 
2903 1988 2900 2901 2904 2935 
2904 1989 2902 2903 2909 2936 
2905 1990 2860 2894 2896 2906 2907 2908 
2906 1991 2860 2905 2911 2912 
2907 1992 2902 2905 2908 2909 
2908 1993 2905 2907 2910 2911 
2909 1994 2904 2907 2910 2944 
2910 1995 2908 2909 2911 2945 
2911 1996 2906 2908 2910 2912 2948 2949 
2912 1997 2861 2906 2911 2913 2960 2961 
2913 1998 2862 2912 2914 2967 
2914 1999 2863 2913 2915 2968 
2915 2000 2864 2914 2916 2969 
2916 2001 2865 2915 2917 2970 
2917 2002 2866 2916 2918 2971 
2918 2003 2867 2917 2919 2972 
2919 2004 2868 2918 2920 2973 
2920 2005 2869 2919 2921 2974 
2921 2006 2870 2920 2922 2975 
2922 2007 2871 2921 2923 2976 
2923 2008 2872 2922 2924 2977 
2924 2009 2873 2923 2925 2978 
2925 2010 2874 2924 2979 
2926 2011 2875 2927 2980 
2927 2012 2876 2926 2928 2981 
2928 2013 2877 2927 2929 2982 
2929 2014 2878 2928 2930 2983 
2930 2015 2879 2929 2931 2984 
2931 2016 2880 2930 2932 2985 
2932 2017 2881 2931 2933 2986 
2933 2018 2887 2888 2932 2934 2939 2987 
2934 2019 2899 2900 2933 2935 2937 2939 
2935 2020 2903 2934 2936 2937 
2936 2021 2904 2935 2938 2944 
2937 2022 2934 2935 2938 2940 
2938 2023 2936 2937 2941 2946 
2939 2024 2933 2934 2940 2942 2988 
2940 2025 2937 2939 2941 2942 
2941 2026 2938 2940 2943 2952 
2942 2027 2939 2940 2943 2989 
2943 2028 2941 2942 2954 2989 
2944 2029 2909 2936 2945 2946 
2945 2030 2910 2944 2947 2948 
2946 2031 2938 2944 2947 2952 
2947 2032 2945 2946 2950 2953 
2948 2033 2911 2945 2949 2950 
2949 2034 2911 2948 2951 2960 
2950 2035 2947 2948 2951 2956 
2951 2036 2949 2950 2957 2960 
2952 2037 2941 2946 2953 2954 
2953 2038 2947 2952 2955 2956 
2954 2039 2943 2952 2955 2992 
2955 2040 2953 2954 2958 2993 
2956 2041 2950 2953 2957 2958 
2957 2042 2951 2956 2959 2962 
2958 2043 2955 2956 2959 2996 
2959 2044 2957 2958 2964 2997 
2960 2045 2912 2949 2951 2961 2962 2963 
2961 2046 2912 2960 2966 2967 
2962 2047 2957 2960 2963 2964 
2963 2048 2960 2962 2965 2966 
2964 2049 2959 2962 2965 3005 
2965 2050 2963 2964 2966 3006 
2966 2051 2961 2963 2965 2967 3009 3010 
2967 2052 2913 2961 2966 2968 3021 3022 
2968 2053 2914 2967 2969 3028 
2969 2054 2915 2968 2970 3029 
2970 2055 2916 2969 2971 3030 
2971 2056 2917 2970 2972 3031 
2972 2057 2918 2971 2973 3032 
2973 2058 2919 2972 2974 3033 
2974 2059 2920 2973 2975 3034 
2975 2060 2921 2974 2976 3035 
2976 2061 2922 2975 2977 3036 
2977 2062 2923 2976 2978 3037 
2978 2063 2924 2977 2979 3038 
2979 2064 2925 2978 3039 
2980 2065 2926 2981 3040 
2981 2066 2927 2980 2982 3041 
2982 2067 2928 2981 2983 3042 
2983 2068 2929 2982 2984 3043 
2984 2069 2930 2983 2985 3044 
2985 2070 2931 2984 2986 3045 
2986 2071 2932 2985 2987 3046 
2987 2072 2933 2986 2988 2990 3047 
2988 2073 2939 2987 2989 2990 
2989 2074 2942 2943 2988 2991 2992 2994 
2990 2075 2987 2988 2991 3048 
2991 2076 2989 2990 3000 3048 
2992 2077 2954 2989 2993 2994 
2993 2078 2955 2992 2995 2996 
2994 2079 2989 2992 2995 3000 
2995 2080 2993 2994 2998 3000 
2996 2081 2958 2993 2997 2998 
2997 2082 2959 2996 2999 3005 
2998 2083 2995 2996 2999 3001 
2999 2084 2997 2998 3002 3007 
3000 2085 2991 2994 2995 3001 3003 3049 
3001 2086 2998 3000 3002 3003 
3002 2087 2999 3001 3004 3013 
3003 2088 3000 3001 3004 3050 
3004 2089 3002 3003 3015 3050 
3005 2090 2964 2997 3006 3007 
3006 2091 2965 3005 3008 3009 
3007 2092 2999 3005 3008 3013 
3008 2093 3006 3007 3011 3014 
3009 2094 2966 3006 3010 3011 
3010 2095 2966 3009 3012 3021 
3011 2096 3008 3009 3012 3017 
3012 2097 3010 3011 3018 3021 
3013 2098 3002 3007 3014 3015 
3014 2099 3008 3013 3016 3017 
3015 2100 3004 3013 3016 3053 
3016 2101 3014 3015 3019 3054 
3017 2102 3011 3014 3018 3019 
3018 2103 3012 3017 3020 3023 
3019 2104 3016 3017 3020 3057 
3020 2105 3018 3019 3025 3058 
3021 2106 2967 3010 3012 3022 3023 3024 
3022 2107 2967 3021 3027 3028 
3023 2108 3018 3021 3024 3025 
3024 2109 3021 3023 3026 3027 
3025 2110 3020 3023 3026 3066 
3026 2111 3024 3025 3027 3067 
3027 2112 3022 3024 3026 3028 3070 3071 
3028 2113 2968 3022 3027 3029 3082 3083 
3029 2114 2969 3028 3030 3089 
3030 2115 2970 3029 3031 3090 
3031 2116 2971 3030 3032 3091 
3032 2117 2972 3031 3033 3092 
3033 2118 2973 3032 3034 3093 
3034 2119 2974 3033 3035 3094 
3035 2120 2975 3034 3036 3095 
3036 2121 2976 3035 3037 3096 
3037 2122 2977 3036 3038 3097 
3038 2123 2978 3037 3039 3098 
3039 2124 2979 3038 3099 
3040 2125 2980 3041 3100 
3041 2126 2981 3040 3042 3101 
3042 2127 2982 3041 3043 3102 
3043 2128 2983 3042 3044 3103 
3044 2129 2984 3043 3045 3104 
3045 2130 2985 3044 3046 3105 
3046 2131 2986 3045 3047 3106 
3047 2132 2987 3046 3048 3107 
3048 2133 2990 2991 3047 3049 3051 3108 
3049 2134 3000 3048 3050 3051 
3050 2135 3003 3004 3049 3052 3053 3055 
3051 2136 3048 3049 3052 3109 
3052 2137 3050 3051 3061 3109 
3053 2138 3015 3050 3054 3055 
3054 2139 3016 3053 3056 3057 
3055 2140 3050 3053 3056 3061 
3056 2141 3054 3055 3059 3061 
3057 2142 3019 3054 3058 3059 
3058 2143 3020 3057 3060 3066 
3059 2144 3056 3057 3060 3062 
3060 2145 3058 3059 3063 3068 
3061 2146 3052 3055 3056 3062 3064 3110 
3062 2147 3059 3061 3063 3064 
3063 2148 3060 3062 3065 3074 
3064 2149 3061 3062 3065 3111 
3065 2150 3063 3064 3076 3112 
3066 2151 3025 3058 3067 3068 
3067 2152 3026 3066 3069 3070 
3068 2153 3060 3066 3069 3074 
3069 2154 3067 3068 3072 3075 
3070 2155 3027 3067 3071 3072 
3071 2156 3027 3070 3073 3082 
3072 2157 3069 3070 3073 3078 
3073 2158 3071 3072 3079 3082 
3074 2159 3063 3068 3075 3076 
3075 2160 3069 3074 3077 3078 
3076 2161 3065 3074 3077 3117 
3077 2162 3075 3076 3080 3118 
3078 2163 3072 3075 3079 3080 
3079 2164 3073 3078 3081 3084 
3080 2165 3077 3078 3081 3121 
3081 2166 3079 3080 3086 3122 
3082 2167 3028 3071 3073 3083 3084 3085 
3083 2168 3028 3082 3088 3089 
3084 2169 3079 3082 3085 3086 
3085 2170 3082 3084 3087 3088 
3086 2171 3081 3084 3087 3133 
3087 2172 3085 3086 3088 3134 
3088 2173 3083 3085 3087 3089 3137 3138 
3089 2174 3029 3083 3088 3090 3149 3150 
3090 2175 3030 3089 3091 3156 
3091 2176 3031 3090 3092 3157 
3092 2177 3032 3091 3093 3158 
3093 2178 3033 3092 3094 3159 
3094 2179 3034 3093 3095 3160 
3095 2180 3035 3094 3096 3161 
3096 2181 3036 3095 3097 3162 
3097 2182 3037 3096 3098 3163 
3098 2183 3038 3097 3099 3164 
3099 2184 3039 3098 3165 
3100 2185 3040 3101 3166 
3101 2186 3041 3100 3102 3167 
3102 2187 3042 3101 3103 3168 
3103 2188 3043 3102 3104 3169 
3104 2189 3044 3103 3105 3170 
3105 2190 3045 3104 3106 3171 
3106 2191 3046 3105 3107 3172 
3107 2192 3047 3106 3108 3173 
3108 2193 3048 3107 3109 3174 
3109 2194 3051 3052 3108 3110 3115 3175 
3110 2195 3061 3109 3111 3113 3115 
3111 2196 3064 3110 3112 3113 
3112 2197 3065 3111 3114 3117 
3113 2198 3110 3111 3114 3116 
3114 2199 3112 3113 3116 3119 
3115 2200 3109 3110 3116 3176 
3116 2201 3113 3114 3115 3125 3127 3176 
3117 2202 3076 3112 3118 3119 
3118 2203 3077 3117 3120 3121 
3119 2204 3114 3117 3120 3125 
3120 2205 3118 3119 3123 3126 
3121 2206 3080 3118 3122 3123 
3122 2207 3081 3121 3124 3133 
3123 2208 3120 3121 3124 3129 
3124 2209 3122 3123 3130 3135 
3125 2210 3116 3119 3126 3127 
3126 2211 3120 3125 3128 3129 
3127 2212 3116 3125 3128 3177 
3128 2213 3126 3127 3131 3177 
3129 2214 3123 3126 3130 3131 
3130 2215 3124 3129 3132 3141 
3131 2216 3128 3129 3132 3178 
3132 2217 3130 3131 3143 3179 
3133 2218 3086 3122 3134 3135 
3134 2219 3087 3133 3136 3137 
3135 2220 3124 3133 3136 3141 
3136 2221 3134 3135 3139 3142 
3137 2222 3088 3134 3138 3139 
3138 2223 3088 3137 3140 3149 
3139 2224 3136 3137 3140 3145 
3140 2225 3138 3139 3146 3149 
3141 2226 3130 3135 3142 3143 
3142 2227 3136 3141 3144 3145 
3143 2228 3132 3141 3144 3184 
3144 2229 3142 3143 3147 3185 
3145 2230 3139 3142 3146 3147 
3146 2231 3140 3145 3148 3151 
3147 2232 3144 3145 3148 3188 
3148 2233 3146 3147 3153 3189 
3149 2234 3089 3138 3140 3150 3151 3152 
3150 2235 3089 3149 3155 3156 
3151 2236 3146 3149 3152 3153 
3152 2237 3149 3151 3154 3155 
3153 2238 3148 3151 3154 3200 
3154 2239 3152 3153 3155 3201 
3155 2240 3150 3152 3154 3156 3204 3205 
3156 2241 3090 3150 3155 3157 3216 3217 
3157 2242 3091 3156 3158 3223 
3158 2243 3092 3157 3159 3224 
3159 2244 3093 3158 3160 3225 
3160 2245 3094 3159 3161 3226 
3161 2246 3095 3160 3162 3227 
3162 2247 3096 3161 3163 3228 
3163 2248 3097 3162 3164 3229 
3164 2249 3098 3163 3165 3230 
3165 2250 3099 3164 3231 
3166 2251 3100 3167 3232 
3167 2252 3101 3166 3168 3233 
3168 2253 3102 3167 3169 3234 
3169 2254 3103 3168 3170 3235 
3170 2255 3104 3169 3171 3236 
3171 2256 3105 3170 3172 3237 
3172 2257 3106 3171 3173 3238 
3173 2258 3107 3172 3174 3239 
3174 2259 3108 3173 3175 3240 
3175 2260 3109 3174 3176 3241 
3176 2261 3115 3116 3175 3177 3182 3242 
3177 2262 3127 3128 3176 3178 3180 3182 
3178 2263 3131 3177 3179 3180 
3179 2264 3132 3178 3181 3184 
3180 2265 3177 3178 3181 3183 
3181 2266 3179 3180 3183 3186 
3182 2267 3176 3177 3183 3243 
3183 2268 3180 3181 3182 3192 3194 3244 
3184 2269 3143 3179 3185 3186 
3185 2270 3144 3184 3187 3188 
3186 2271 3181 3184 3187 3192 
3187 2272 3185 3186 3190 3193 
3188 2273 3147 3185 3189 3190 
3189 2274 3148 3188 3191 3200 
3190 2275 3187 3188 3191 3196 
3191 2276 3189 3190 3197 3202 
3192 2277 3183 3186 3193 3194 
3193 2278 3187 3192 3195 3196 
3194 2279 3183 3192 3195 3247 
3195 2280 3193 3194 3198 3248 
3196 2281 3190 3193 3197 3198 
3197 2282 3191 3196 3199 3208 
3198 2283 3195 3196 3199 3251 
3199 2284 3197 3198 3210 3252 
3200 2285 3153 3189 3201 3202 
3201 2286 3154 3200 3203 3204 
3202 2287 3191 3200 3203 3208 
3203 2288 3201 3202 3206 3209 
3204 2289 3155 3201 3205 3206 
3205 2290 3155 3204 3207 3216 
3206 2291 3203 3204 3207 3212 
3207 2292 3205 3206 3213 3216 
3208 2293 3197 3202 3209 3210 
3209 2294 3203 3208 3211 3212 
3210 2295 3199 3208 3211 3260 
3211 2296 3209 3210 3214 3261 
3212 2297 3206 3209 3213 3214 
3213 2298 3207 3212 3215 3218 
3214 2299 3211 3212 3215 3264 
3215 2300 3213 3214 3220 3265 
3216 2301 3156 3205 3207 3217 3218 3219 
3217 2302 3156 3216 3222 3223 
3218 2303 3213 3216 3219 3220 
3219 2304 3216 3218 3221 3222 
3220 2305 3215 3218 3221 3276 
3221 2306 3219 3220 3222 3277 
3222 2307 3217 3219 3221 3223 3280 3281 
3223 2308 3157 3217 3222 3224 3292 3293 
3224 2309 3158 3223 3225 3299 
3225 2310 3159 3224 3226 3300 
3226 2311 3160 3225 3227 3301 
3227 2312 3161 3226 3228 3302 
3228 2313 3162 3227 3229 3303 
3229 2314 3163 3228 3230 3304 
3230 2315 3164 3229 3231 3305 
3231 2316 3165 3230 3306 
3232 2317 3166 3233 3307 
3233 2318 3167 3232 3234 3308 
3234 2319 3168 3233 3235 3309 
3235 2320 3169 3234 3236 3310 
3236 2321 3170 3235 3237 3311 
3237 2322 3171 3236 3238 3312 
3238 2323 3172 3237 3239 3313 
3239 2324 3173 3238 3240 3314 
3240 2325 3174 3239 3241 3315 
3241 2326 3175 3240 3242 3316 
3242 2327 3176 3241 3243 3245 3317 
3243 2328 3182 3242 3244 3245 
3244 2329 3183 3243 3246 3247 3249 
3245 2330 3242 3243 3246 3318 
3246 2331 3244 3245 3255 3318 
3247 2332 3194 3244 3248 3249 
3248 2333 3195 3247 3250 3251 
3249 2334 3244 3247 3250 3255 
3250 2335 3248 3249 3253 3255 
3251 2336 3198 3248 3252 3253 
3252 2337 3199 3251 3254 3260 
3253 2338 3250 3251 3254 3256 
3254 2339 3252 3253 3257 3262 
3255 2340 3246 3249 3250 3256 3258 3319 
3256 2341 3253 3255 3257 3258 
3257 2342 3254 3256 3259 3268 
3258 2343 3255 3256 3259 3320 
3259 2344 3257 3258 3270 3320 
3260 2345 3210 3252 3261 3262 
3261 2346 3211 3260 3263 3264 
3262 2347 3254 3260 3263 3268 
3263 2348 3261 3262 3266 3269 
3264 2349 3214 3261 3265 3266 
3265 2350 3215 3264 3267 3276 
3266 2351 3263 3264 3267 3272 
3267 2352 3265 3266 3273 3278 
3268 2353 3257 3262 3269 3270 
3269 2354 3263 3268 3271 3272 
3270 2355 3259 3268 3271 3323 
3271 2356 3269 3270 3274 3324 
3272 2357 3266 3269 3273 3274 
3273 2358 3267 3272 3275 3284 
3274 2359 3271 3272 3275 3327 
3275 2360 3273 3274 3286 3328 
3276 2361 3220 3265 3277 3278 
3277 2362 3221 3276 3279 3280 
3278 2363 3267 3276 3279 3284 
3279 2364 3277 3278 3282 3285 
3280 2365 3222 3277 3281 3282 
3281 2366 3222 3280 3283 3292 
3282 2367 3279 3280 3283 3288 
3283 2368 3281 3282 3289 3292 
3284 2369 3273 3278 3285 3286 
3285 2370 3279 3284 3287 3288 
3286 2371 3275 3284 3287 3336 
3287 2372 3285 3286 3290 3337 
3288 2373 3282 3285 3289 3290 
3289 2374 3283 3288 3291 3294 
3290 2375 3287 3288 3291 3340 
3291 2376 3289 3290 3296 3341 
3292 2377 3223 3281 3283 3293 3294 3295 
3293 2378 3223 3292 3298 3299 
3294 2379 3289 3292 3295 3296 
3295 2380 3292 3294 3297 3298 
3296 2381 3291 3294 3297 3352 
3297 2382 3295 3296 3298 3353 
3298 2383 3293 3295 3297 3299 3356 3357 
3299 2384 3224 3293 3298 3300 3368 3369 
3300 2385 3225 3299 3301 3372 
3301 2386 3226 3300 3302 3373 
3302 2387 3227 3301 3303 3374 
3303 2388 3228 3302 3304 3375 
3304 2389 3229 3303 3305 3376 
3305 2390 3230 3304 3306 3377 
3306 2391 3231 3305 3378 
3307 2392 3232 3308 3379 
3308 2393 3233 3307 3309 3380 
3309 2394 3234 3308 3310 3381 
3310 2395 3235 3309 3311 3382 
3311 2396 3236 3310 3312 3383 
3312 2397 3237 3311 3313 3384 
3313 2398 3238 3312 3314 3385 
3314 2399 3239 3313 3315 3386 
3315 2400 3240 3314 3316 3387 
3316 2401 3241 3315 3317 3388 
3317 2402 3242 3316 3318 3389 
3318 2403 3245 3246 3317 3319 3321 3390 
3319 2404 3255 3318 3320 3321 
3320 2405 3258 3259 3319 3322 3323 3325 
3321 2406 3318 3319 3322 3391 
3322 2407 3320 3321 3331 3391 
3323 2408 3270 3320 3324 3325 
3324 2409 3271 3323 3326 3327 
3325 2410 3320 3323 3326 3331 
3326 2411 3324 3325 3329 3331 
3327 2412 3274 3324 3328 3329 
3328 2413 3275 3327 3330 3336 
3329 2414 3326 3327 3330 3332 
3330 2415 3328 3329 3333 3338 
3331 2416 3322 3325 3326 3332 3334 3392 
3332 2417 3329 3331 3333 3334 
3333 2418 3330 3332 3335 3344 
3334 2419 3331 3332 3335 3393 
3335 2420 3333 3334 3346 3393 
3336 2421 3286 3328 3337 3338 
3337 2422 3287 3336 3339 3340 
3338 2423 3330 3336 3339 3344 
3339 2424 3337 3338 3342 3345 
3340 2425 3290 3337 3341 3342 
3341 2426 3291 3340 3343 3352 
3342 2427 3339 3340 3343 3348 
3343 2428 3341 3342 3349 3354 
3344 2429 3333 3338 3345 3346 
3345 2430 3339 3344 3347 3348 
3346 2431 3335 3344 3347 3396 
3347 2432 3345 3346 3350 3397 
3348 2433 3342 3345 3349 3350 
3349 2434 3343 3348 3351 3360 
3350 2435 3347 3348 3351 3400 
3351 2436 3349 3350 3362 3401 
3352 2437 3296 3341 3353 3354 
3353 2438 3297 3352 3355 3356 
3354 2439 3343 3352 3355 3360 
3355 2440 3353 3354 3358 3361 
3356 2441 3298 3353 3357 3358 
3357 2442 3298 3356 3359 3368 
3358 2443 3355 3356 3359 3364 
3359 2444 3357 3358 3365 3368 
3360 2445 3349 3354 3361 3362 
3361 2446 3355 3360 3363 3364 
3362 2447 3351 3360 3363 3412 
3363 2448 3361 3362 3366 3413 
3364 2449 3358 3361 3365 3366 
3365 2450 3359 3364 3367 3370 
3366 2451 3363 3364 3367 3416 
3367 2452 3365 3366 3370 3417 
3368 2453 3299 3357 3359 3369 3370 
3369 2454 3299 3368 3371 3372 
3370 2455 3365 3367 3368 3371 3428 3429 
3371 2456 3369 3370 3372 3432 
3372 2457 3300 3369 3371 3373 3438 
3373 2458 3301 3372 3374 3439 
3374 2459 3302 3373 3375 3440 
3375 2460 3303 3374 3376 3441 
3376 2461 3304 3375 3377 3442 
3377 2462 3305 3376 3378 3443 
3378 2463 3306 3377 3444 
3379 2464 3307 3380 3445 
3380 2465 3308 3379 3381 3446 
3381 2466 3309 3380 3382 3447 
3382 2467 3310 3381 3383 3448 
3383 2468 3311 3382 3384 3449 
3384 2469 3312 3383 3385 3450 
3385 2470 3313 3384 3386 3451 
3386 2471 3314 3385 3387 3452 
3387 2472 3315 3386 3388 3453 
3388 2473 3316 3387 3389 3454 
3389 2474 3317 3388 3390 3455 
3390 2475 3318 3389 3391 3456 
3391 2476 3321 3322 3390 3392 3394 3457 
3392 2477 3331 3391 3393 3394 
3393 2478 3334 3335 3392 3395 3396 3398 
3394 2479 3391 3392 3395 3458 
3395 2480 3393 3394 3404 3406 3458 
3396 2481 3346 3393 3397 3398 
3397 2482 3347 3396 3399 3400 
3398 2483 3393 3396 3399 3404 
3399 2484 3397 3398 3402 3405 
3400 2485 3350 3397 3401 3402 
3401 2486 3351 3400 3403 3412 
3402 2487 3399 3400 3403 3408 
3403 2488 3401 3402 3409 3414 
3404 2489 3395 3398 3405 3406 
3405 2490 3399 3404 3407 3408 
3406 2491 3395 3404 3407 3459 
3407 2492 3405 3406 3410 3459 
3408 2493 3402 3405 3409 3410 
3409 2494 3403 3408 3411 3420 
3410 2495 3407 3408 3411 3460 
3411 2496 3409 3410 3422 3461 
3412 2497 3362 3401 3413 3414 
3413 2498 3363 3412 3415 3416 
3414 2499 3403 3412 3415 3420 
3415 2500 3413 3414 3418 3421 
3416 2501 3366 3413 3417 3418 
3417 2502 3367 3416 3419 3428 
3418 2503 3415 3416 3419 3424 
3419 2504 3417 3418 3425 3430 
3420 2505 3409 3414 3421 3422 
3421 2506 3415 3420 3423 3424 
3422 2507 3411 3420 3423 3466 
3423 2508 3421 3422 3426 3467 
3424 2509 3418 3421 3425 3426 
3425 2510 3419 3424 3427 3433 
3426 2511 3423 3424 3427 3470 
3427 2512 3425 3426 3435 3471 
3428 2513 3370 3417 3429 3430 
3429 2514 3370 3428 3431 3432 
3430 2515 3419 3428 3431 3433 
3431 2516 3429 3430 3432 3434 
3432 2517 3371 3429 3431 3437 3438 
3433 2518 3425 3430 3434 3435 
3434 2519 3431 3433 3436 3437 
3435 2520 3427 3433 3436 3482 
3436 2521 3434 3435 3437 3483 
3437 2522 3432 3434 3436 3438 3486 3487 
3438 2523 3372 3432 3437 3439 3498 3499 
3439 2524 3373 3438 3440 3502 
3440 2525 3374 3439 3441 3503 
3441 2526 3375 3440 3442 3504 
3442 2527 3376 3441 3443 3505 
3443 2528 3377 3442 3444 3506 
3444 2529 3378 3443 3507 
3445 2530 3379 3446 3508 
3446 2531 3380 3445 3447 3509 
3447 2532 3381 3446 3448 3510 
3448 2533 3382 3447 3449 3511 
3449 2534 3383 3448 3450 3512 
3450 2535 3384 3449 3451 3513 
3451 2536 3385 3450 3452 3514 
3452 2537 3386 3451 3453 3515 
3453 2538 3387 3452 3454 3516 
3454 2539 3388 3453 3455 3517 
3455 2540 3389 3454 3456 3518 
3456 2541 3390 3455 3457 3519 
3457 2542 3391 3456 3458 3520 
3458 2543 3394 3395 3457 3459 3464 3521 
3459 2544 3406 3407 3458 3460 3462 3464 
3460 2545 3410 3459 3461 3462 
3461 2546 3411 3460 3463 3466 
3462 2547 3459 3460 3463 3465 
3463 2548 3461 3462 3465 3468 
3464 2549 3458 3459 3465 3522 
3465 2550 3462 3463 3464 3474 3476 3522 
3466 2551 3422 3461 3467 3468 
3467 2552 3423 3466 3469 3470 
3468 2553 3463 3466 3469 3474 
3469 2554 3467 3468 3472 3475 
3470 2555 3426 3467 3471 3472 
3471 2556 3427 3470 3473 3482 
3472 2557 3469 3470 3473 3478 
3473 2558 3471 3472 3479 3484 
3474 2559 3465 3468 3475 3476 
3475 2560 3469 3474 3477 3478 
3476 2561 3465 3474 3477 3523 
3477 2562 3475 3476 3480 3523 
3478 2563 3472 3475 3479 3480 
3479 2564 3473 3478 3481 3490 
3480 2565 3477 3478 3481 3524 
3481 2566 3479 3480 3492 3525 
3482 2567 3435 3471 3483 3484 
3483 2568 3436 3482 3485 3486 
3484 2569 3473 3482 3485 3490 
3485 2570 3483 3484 3488 3491 
3486 2571 3437 3483 3487 3488 
3487 2572 3437 3486 3489 3498 
3488 2573 3485 3486 3489 3494 
3489 2574 3487 3488 3495 3498 
3490 2575 3479 3484 3491 3492 
3491 2576 3485 3490 3493 3494 
3492 2577 3481 3490 3493 3533 
3493 2578 3491 3492 3496 3534 
3494 2579 3488 3491 3495 3496 
3495 2580 3489 3494 3497 3500 
3496 2581 3493 3494 3497 3537 
3497 2582 3495 3496 3500 3538 
3498 2583 3438 3487 3489 3499 3500 
3499 2584 3438 3498 3501 3502 
3500 2585 3495 3497 3498 3501 3549 
3501 2586 3499 3500 3502 3550 
3502 2587 3439 3499 3501 3503 3556 
3503 2588 3440 3502 3504 3557 
3504 2589 3441 3503 3505 3558 
3505 2590 3442 3504 3506 3559 
3506 2591 3443 3505 3507 3560 
3507 2592 3444 3506 3561 
3508 2593 3445 3509 3562 
3509 2594 3446 3508 3510 3563 
3510 2595 3447 3509 3511 3564 
3511 2596 3448 3510 3512 3565 
3512 2597 3449 3511 3513 3566 
3513 2598 3450 3512 3514 3567 
3514 2599 3451 3513 3515 3568 
3515 2600 3452 3514 3516 3569 
3516 2601 3453 3515 3517 3570 
3517 2602 3454 3516 3518 3571 
3518 2603 3455 3517 3519 3572 
3519 2604 3456 3518 3520 3573 
3520 2605 3457 3519 3521 3574 
3521 2606 3458 3520 3522 3575 
3522 2607 3464 3465 3521 3523 3528 3576 
3523 2608 3476 3477 3522 3524 3526 3528 
3524 2609 3480 3523 3525 3526 
3525 2610 3481 3524 3527 3533 
3526 2611 3523 3524 3527 3529 
3527 2612 3525 3526 3530 3535 
3528 2613 3522 3523 3529 3531 3577 
3529 2614 3526 3528 3530 3531 
3530 2615 3527 3529 3532 3541 
3531 2616 3528 3529 3532 3578 
3532 2617 3530 3531 3543 3578 
3533 2618 3492 3525 3534 3535 
3534 2619 3493 3533 3536 3537 
3535 2620 3527 3533 3536 3541 
3536 2621 3534 3535 3539 3542 
3537 2622 3496 3534 3538 3539 
3538 2623 3497 3537 3540 3549 
3539 2624 3536 3537 3540 3545 
3540 2625 3538 3539 3546 3549 
3541 2626 3530 3535 3542 3543 
3542 2627 3536 3541 3544 3545 
3543 2628 3532 3541 3544 3581 
3544 2629 3542 3543 3547 3582 
3545 2630 3539 3542 3546 3547 
3546 2631 3540 3545 3548 3551 
3547 2632 3544 3545 3548 3585 
3548 2633 3546 3547 3553 3586 
3549 2634 3500 3538 3540 3550 3551 3552 
3550 2635 3501 3549 3555 3556 
3551 2636 3546 3549 3552 3553 
3552 2637 3549 3551 3554 3555 
3553 2638 3548 3551 3554 3594 
3554 2639 3552 3553 3555 3595 
3555 2640 3550 3552 3554 3556 3598 
3556 2641 3502 3550 3555 3557 3607 3608 
3557 2642 3503 3556 3558 3611 
3558 2643 3504 3557 3559 3612 
3559 2644 3505 3558 3560 3613 
3560 2645 3506 3559 3561 3614 
3561 2646 3507 3560 3615 
3562 2647 3508 3563 3616 
3563 2648 3509 3562 3564 3617 
3564 2649 3510 3563 3565 3618 
3565 2650 3511 3564 3566 3619 
3566 2651 3512 3565 3567 3620 
3567 2652 3513 3566 3568 3621 
3568 2653 3514 3567 3569 3622 
3569 2654 3515 3568 3570 3623 
3570 2655 3516 3569 3571 3624 
3571 2656 3517 3570 3572 3625 
3572 2657 3518 3571 3573 3626 
3573 2658 3519 3572 3574 3627 
3574 2659 3520 3573 3575 3628 
3575 2660 3521 3574 3576 3629 
3576 2661 3522 3575 3577 3579 3630 
3577 2662 3528 3576 3578 3579 
3578 2663 3531 3532 3577 3580 3581 3583 
3579 2664 3576 3577 3580 3631 
3580 2665 3578 3579 3589 3631 
3581 2666 3543 3578 3582 3583 
3582 2667 3544 3581 3584 3585 
3583 2668 3578 3581 3584 3589 
3584 2669 3582 3583 3587 3589 
3585 2670 3547 3582 3586 3587 
3586 2671 3548 3585 3588 3594 
3587 2672 3584 3585 3588 3590 
3588 2673 3586 3587 3591 3596 
3589 2674 3580 3583 3584 3590 3592 3632 
3590 2675 3587 3589 3591 3592 
3591 2676 3588 3590 3593 3599 
3592 2677 3589 3590 3593 3633 
3593 2678 3591 3592 3601 3633 
3594 2679 3553 3586 3595 3596 
3595 2680 3554 3594 3597 3598 
3596 2681 3588 3594 3597 3599 
3597 2682 3595 3596 3598 3600 
3598 2683 3555 3595 3597 3603 3604 3607 
3599 2684 3591 3596 3600 3601 
3600 2685 3597 3599 3602 3603 
3601 2686 3593 3599 3602 3636 
3602 2687 3600 3601 3605 3637 
3603 2688 3598 3600 3604 3605 
3604 2689 3598 3603 3606 3609 
3605 2690 3602 3603 3606 3640 
3606 2691 3604 3605 3609 3641 
3607 2692 3556 3598 3608 3609 
3608 2693 3556 3607 3610 3611 
3609 2694 3604 3606 3607 3610 3649 
3610 2695 3608 3609 3611 3650 
3611 2696 3557 3608 3610 3612 3656 
3612 2697 3558 3611 3613 3657 
3613 2698 3559 3612 3614 3658 
3614 2699 3560 3613 3615 3659 
3615 2700 3561 3614 3660 
3616 2701 3562 3617 
3617 2702 3563 3616 3618 
3618 2703 3564 3617 3619 
3619 2704 3565 3618 3620 
3620 2705 3566 3619 3621 
3621 2706 3567 3620 3622 
3622 2707 3568 3621 3623 
3623 2708 3569 3622 3624 
3624 2709 3570 3623 3625 
3625 2710 3571 3624 3626 
3626 2711 3572 3625 3627 
3627 2712 3573 3626 3628 
3628 2713 3574 3627 3629 
3629 2714 3575 3628 3630 
3630 2715 3576 3629 3631 
3631 2716 3579 3580 3630 3632 3634 
3632 2717 3589 3631 3633 3634 
3633 2718 3592 3593 3632 3635 3636 3638 
3634 2719 3631 3632 3635 
3635 2720 3633 3634 3644 
3636 2721 3601 3633 3637 3638 
3637 2722 3602 3636 3639 3640 
3638 2723 3633 3636 3639 3644 
3639 2724 3637 3638 3642 3644 
3640 2725 3605 3637 3641 3642 
3641 2726 3606 3640 3643 3649 
3642 2727 3639 3640 3643 3645 
3643 2728 3641 3642 3646 3649 
3644 2729 3635 3638 3639 3645 3647 
3645 2730 3642 3644 3646 3647 
3646 2731 3643 3645 3648 3651 
3647 2732 3644 3645 3648 
3648 2733 3646 3647 3653 
3649 2734 3609 3641 3643 3650 3651 3652 
3650 2735 3610 3649 3655 3656 
3651 2736 3646 3649 3652 3653 
3652 2737 3649 3651 3654 3655 
3653 2738 3648 3651 3654 
3654 2739 3652 3653 3655 
3655 2740 3650 3652 3654 3656 
3656 2741 3611 3650 3655 3657 
3657 2742 3612 3656 3658 
3658 2743 3613 3657 3659 
3659 2744 3614 3658 3660 
3660 2745 3615 3659 