<?xml version="1.0"?>
<VTKFile type="UnstructuredGrid" version="0.1" byte_order="BigEndian">
<UnstructuredGrid GhostLevel="0">
<Piece NumberOfPoints="5215" NumberOfCells="3660" ><Points>
<DataArray type="Float32" NumberOfComponents="3" format="ascii">
-48	83.1384	-6	-45	77.9423	-6	-40.6388	87.3884	-6	-37.6388	82.1923	-6	-48	83.1384	-6.5	-45	77.9423	-6.5	-40.6388	87.3884	-6.5	-37.6388	82.1923	-6.5	-33.2776	91.6384	-6	-30.2776	86.4423	-6	-33.2776	91.6384	-6.5	-30.2776	86.4423	-6.5	-25.9164	95.8884	-6	-22.9164	90.6923	-6	-25.9164	95.8884	-6.5	-22.9164	90.6923	-6.5	-18.5551	100.138	-6	-15.5551	94.9423	-6	-18.5551	100.138	-6.5	-15.5551	94.9423	-6.5	-11.1939	104.388	-6	-8.19392	99.1923	-6	-11.1939	104.388	-6.5	-8.19392	99.1923	-6.5	3.52851	112.888	-6	6.52851	107.692	-6	10.8897	117.138	-6	13.8897	111.942	-6	3.52851	112.888	-6.5	6.52851	107.692	-6.5	10.8897	117.138	-6.5	13.8897	111.942	-6.5	18.2509	121.388	-6	21.2509	116.192	-6	18.2509	121.388	-6.5	21.2509	116.192	-6.5	25.6122	125.638	-6	28.6122	120.442	-6	25.6122	125.638	-6.5	28.6122	120.442	-6.5	32.9734	129.888	-6	35.9734	124.692	-6	32.9734	129.888	-6.5	35.9734	124.692	-6.5	40.3346	134.138	-6	43.3346	128.942	-6	40.3346	134.138	-6.5	43.3346	128.942	-6.5	47.6958	138.388	-6	50.6958	133.192	-6	47.6958	138.388	-6.5	50.6958	133.192	-6.5	55.057	142.638	-6	58.057	137.442	-6	55.057	142.638	-6.5	58.057	137.442	-6.5	62.4182	146.888	-6	65.4182	141.692	-6	62.4182	146.888	-6.5	65.4182	141.692	-6.5	69.7795	151.138	-6	72.7795	145.942	-6	69.7795	151.138	-6.5	72.7795	145.942	-6.5	77.1407	155.388	-6	80.1407	150.192	-6	77.1407	155.388	-6.5	80.1407	150.192	-6.5	84.5019	159.638	-6	87.5019	154.442	-6	84.5019	159.638	-6.5	87.5019	154.442	-6.5	91.8631	163.888	-6	94.8631	158.692	-6	91.8631	163.888	-6.5	94.8631	158.692	-6.5	99.2243	168.138	-6	102.224	162.942	-6	99.2243	168.138	-6.5	102.224	162.942	-6.5	106.586	172.388	-6	109.586	167.192	-6	106.586	172.388	-6.5	109.586	167.192	-6.5	113.947	176.638	-6	116.947	171.442	-6	113.947	176.638	-6.5	116.947	171.442	-6.5	121.308	180.888	-6	124.308	175.692	-6	121.308	180.888	-6.5	124.308	175.692	-6.5	128.669	185.138	-6	131.669	179.942	-6	128.669	185.138	-6.5	131.669	179.942	-6.5	-42	72.7461	-6	-34.6388	76.9961	-6	-42	72.7461	-6.5	-34.6388	76.9961	-6.5	-27.2776	81.2461	-6	-27.2776	81.2461	-6.5	-19.9164	85.4961	-6	-19.9164	85.4961	-6.5	-12.5551	89.7461	-6	-12.5551	89.7461	-6.5	-5.19392	93.9961	-6	-5.19392	93.9961	-6.5	16.8897	106.746	-6	24.2509	110.996	-6	16.8897	106.746	-6.5	24.2509	110.996	-6.5	31.6122	115.246	-6	31.6122	115.246	-6.5	38.9734	119.496	-6	38.9734	119.496	-6.5	46.3346	123.746	-6	46.3346	123.746	-6.5	53.6958	127.996	-6	53.6958	127.996	-6.5	61.057	132.246	-6	61.057	132.246	-6.5	68.4182	136.496	-6	68.4182	136.496	-6.5	75.7795	140.746	-6	75.7795	140.746	-6.5	83.1407	144.996	-6	83.1407	144.996	-6.5	90.5019	149.246	-6	90.5019	149.246	-6.5	97.8631	153.496	-6	97.8631	153.496	-6.5	105.224	157.746	-6	105.224	157.746	-6.5	112.586	161.996	-6	112.586	161.996	-6.5	119.947	166.246	-6	119.947	166.246	-6.5	127.308	170.496	-6	127.308	170.496	-6.5	134.669	174.746	-6	134.669	174.746	-6.5	-39	67.55	-6	-31.6388	71.8	-6	-39	67.55	-6.5	-31.6388	71.8	-6.5	-24.2776	76.05	-6	-24.2776	76.05	-6.5	-16.9164	80.3	-6	-16.9164	80.3	-6.5	-9.55514	84.55	-6	-9.55514	84.55	-6.5	-2.19392	88.8	-6	-2.19392	88.8	-6.5	2.1673	98.2461	-6	5.1673	93.05	-6	2.1673	98.2461	-6.5	5.1673	93.05	-6.5	27.2509	105.8	-6	34.6122	110.05	-6	27.2509	105.8	-6.5	34.6122	110.05	-6.5	41.9734	114.3	-6	41.9734	114.3	-6.5	49.3346	118.55	-6	49.3346	118.55	-6.5	56.6958	122.8	-6	56.6958	122.8	-6.5	64.057	127.05	-6	64.057	127.05	-6.5	71.4182	131.3	-6	71.4182	131.3	-6.5	78.7795	135.55	-6	78.7795	135.55	-6.5	86.1407	139.8	-6	86.1407	139.8	-6.5	93.5019	144.05	-6	93.5019	144.05	-6.5	100.863	148.3	-6	100.863	148.3	-6.5	108.224	152.55	-6	108.224	152.55	-6.5	115.586	156.8	-6	115.586	156.8	-6.5	122.947	161.05	-6	122.947	161.05	-6.5	130.308	165.3	-6	130.308	165.3	-6.5	137.669	169.55	-6	137.669	169.55	-6.5	-36	62.3538	-6	-28.6388	66.6038	-6	-36	62.3538	-6.5	-28.6388	66.6038	-6.5	-21.2776	70.8538	-6	-21.2776	70.8538	-6.5	-13.9164	75.1038	-6	-13.9164	75.1038	-6.5	-6.55514	79.3538	-6	-6.55514	79.3538	-6.5	0.80608	83.6038	-6	0.80608	83.6038	-6.5	8.1673	87.8538	-6	8.1673	87.8538	-6.5	12.5285	97.3	-6	15.5285	92.1038	-6	12.5285	97.3	-6.5	15.5285	92.1038	-6.5	37.6122	104.854	-6	44.9734	109.104	-6	37.6122	104.854	-6.5	44.9734	109.104	-6.5	52.3346	113.354	-6	52.3346	113.354	-6.5	59.6958	117.604	-6	59.6958	117.604	-6.5	67.057	121.854	-6	67.057	121.854	-6.5	74.4182	126.104	-6	74.4182	126.104	-6.5	81.7795	130.354	-6	81.7795	130.354	-6.5	89.1407	134.604	-6	89.1407	134.604	-6.5	96.5019	138.854	-6	96.5019	138.854	-6.5	103.863	143.104	-6	103.863	143.104	-6.5	111.224	147.354	-6	111.224	147.354	-6.5	118.586	151.604	-6	118.586	151.604	-6.5	125.947	155.854	-6	125.947	155.854	-6.5	133.308	160.104	-6	133.308	160.104	-6.5	140.669	164.354	-6	140.669	164.354	-6.5	-33	57.1577	-6	-25.6388	61.4077	-6	-33	57.1577	-6.5	-25.6388	61.4077	-6.5	-18.2776	65.6577	-6	-18.2776	65.6577	-6.5	-10.9164	69.9077	-6	-10.9164	69.9077	-6.5	-3.55514	74.1577	-6	-3.55514	74.1577	-6.5	3.80608	78.4077	-6	3.80608	78.4077	-6.5	11.1673	82.6577	-6	11.1673	82.6577	-6.5	18.5285	86.9077	-6	18.5285	86.9077	-6.5	22.8897	96.3538	-6	25.8897	91.1577	-6	22.8897	96.3538	-6.5	25.8897	91.1577	-6.5	47.9734	103.908	-6	55.3346	108.158	-6	47.9734	103.908	-6.5	55.3346	108.158	-6.5	62.6958	112.408	-6	62.6958	112.408	-6.5	70.057	116.658	-6	70.057	116.658	-6.5	77.4182	120.908	-6	77.4182	120.908	-6.5	84.7795	125.158	-6	84.7795	125.158	-6.5	92.1407	129.408	-6	92.1407	129.408	-6.5	99.5019	133.658	-6	99.5019	133.658	-6.5	106.863	137.908	-6	106.863	137.908	-6.5	114.224	142.158	-6	114.224	142.158	-6.5	121.586	146.408	-6	121.586	146.408	-6.5	128.947	150.658	-6	128.947	150.658	-6.5	136.308	154.908	-6	136.308	154.908	-6.5	143.669	159.158	-6	143.669	159.158	-6.5	-30	51.9615	-6	-22.6388	56.2115	-6	-30	51.9615	-6.5	-22.6388	56.2115	-6.5	-15.2776	60.4615	-6	-15.2776	60.4615	-6.5	-7.91635	64.7115	-6	-7.91635	64.7115	-6.5	-0.555136	68.9615	-6	-0.555136	68.9615	-6.5	6.80608	73.2115	-6	6.80608	73.2115	-6.5	14.1673	77.4615	-6	14.1673	77.4615	-6.5	21.5285	81.7115	-6	21.5285	81.7115	-6.5	28.8897	85.9615	-6	28.8897	85.9615	-6.5	58.3346	102.962	-6	65.6958	107.212	-6	58.3346	102.962	-6.5	65.6958	107.212	-6.5	73.057	111.462	-6	73.057	111.462	-6.5	80.4182	115.712	-6	80.4182	115.712	-6.5	87.7795	119.962	-6	87.7795	119.962	-6.5	95.1407	124.212	-6	95.1407	124.212	-6.5	102.502	128.462	-6	102.502	128.462	-6.5	109.863	132.712	-6	109.863	132.712	-6.5	117.224	136.962	-6	117.224	136.962	-6.5	124.586	141.212	-6	124.586	141.212	-6.5	131.947	145.462	-6	131.947	145.462	-6.5	139.308	149.712	-6	139.308	149.712	-6.5	146.669	153.962	-6	146.669	153.962	-6.5	-27	46.7654	-6	-19.6388	51.0154	-6	-27	46.7654	-6.5	-19.6388	51.0154	-6.5	-12.2776	55.2654	-6	-12.2776	55.2654	-6.5	-4.91635	59.5154	-6	-4.91635	59.5154	-6.5	2.44486	63.7654	-6	2.44486	63.7654	-6.5	9.80608	68.0154	-6	9.80608	68.0154	-6.5	17.1673	72.2654	-6	17.1673	72.2654	-6.5	24.5285	76.5154	-6	24.5285	76.5154	-6.5	31.8897	80.7654	-6	31.8897	80.7654	-6.5	36.2509	90.2115	-6	39.2509	85.0154	-6	36.2509	90.2115	-6.5	39.2509	85.0154	-6.5	68.6958	102.015	-6	76.057	106.265	-6	68.6958	102.015	-6.5	76.057	106.265	-6.5	83.4182	110.515	-6	83.4182	110.515	-6.5	90.7795	114.765	-6	90.7795	114.765	-6.5	98.1407	119.015	-6	98.1407	119.015	-6.5	105.502	123.265	-6	105.502	123.265	-6.5	112.863	127.515	-6	112.863	127.515	-6.5	120.224	131.765	-6	120.224	131.765	-6.5	127.586	136.015	-6	127.586	136.015	-6.5	134.947	140.265	-6	134.947	140.265	-6.5	142.308	144.515	-6	142.308	144.515	-6.5	149.669	148.765	-6	149.669	148.765	-6.5	-24	41.5692	-6	-16.6388	45.8192	-6	-24	41.5692	-6.5	-16.6388	45.8192	-6.5	-9.27757	50.0692	-6	-9.27757	50.0692	-6.5	-1.91635	54.3192	-6	-1.91635	54.3192	-6.5	5.44486	58.5692	-6	5.44486	58.5692	-6.5	12.8061	62.8192	-6	12.8061	62.8192	-6.5	20.1673	67.0692	-6	20.1673	67.0692	-6.5	27.5285	71.3192	-6	27.5285	71.3192	-6.5	34.8897	75.5692	-6	34.8897	75.5692	-6.5	42.2509	79.8192	-6	42.2509	79.8192	-6.5	46.6122	89.2654	-6	49.6122	84.0692	-6	46.6122	89.2654	-6.5	49.6122	84.0692	-6.5	79.057	101.069	-6	86.4182	105.319	-6	79.057	101.069	-6.5	86.4182	105.319	-6.5	93.7795	109.569	-6	93.7795	109.569	-6.5	101.141	113.819	-6	101.141	113.819	-6.5	108.502	118.069	-6	108.502	118.069	-6.5	115.863	122.319	-6	115.863	122.319	-6.5	123.224	126.569	-6	123.224	126.569	-6.5	130.586	130.819	-6	130.586	130.819	-6.5	137.947	135.069	-6	137.947	135.069	-6.5	145.308	139.319	-6	145.308	139.319	-6.5	152.669	143.569	-6	152.669	143.569	-6.5	-21	36.3731	-6	-13.6388	40.6231	-6	-21	36.3731	-6.5	-13.6388	40.6231	-6.5	-6.27757	44.8731	-6	-6.27757	44.8731	-6.5	1.08365	49.1231	-6	1.08365	49.1231	-6.5	8.44486	53.3731	-6	8.44486	53.3731	-6.5	15.8061	57.6231	-6	15.8061	57.6231	-6.5	23.1673	61.8731	-6	23.1673	61.8731	-6.5	30.5285	66.1231	-6	30.5285	66.1231	-6.5	37.8897	70.3731	-6	37.8897	70.3731	-6.5	45.2509	74.6231	-6	45.2509	74.6231	-6.5	52.6122	78.8731	-6	52.6122	78.8731	-6.5	56.9734	88.3192	-6	59.9734	83.1231	-6	56.9734	88.3192	-6.5	59.9734	83.1231	-6.5	89.4182	100.123	-6	96.7795	104.373	-6	89.4182	100.123	-6.5	96.7795	104.373	-6.5	104.141	108.623	-6	104.141	108.623	-6.5	111.502	112.873	-6	111.502	112.873	-6.5	118.863	117.123	-6	118.863	117.123	-6.5	126.224	121.373	-6	126.224	121.373	-6.5	133.586	125.623	-6	133.586	125.623	-6.5	140.947	129.873	-6	140.947	129.873	-6.5	148.308	134.123	-6	148.308	134.123	-6.5	155.669	138.373	-6	155.669	138.373	-6.5	-18	31.1769	-6	-10.6388	35.4269	-6	-18	31.1769	-6.5	-10.6388	35.4269	-6.5	-3.27757	39.6769	-6	-3.27757	39.6769	-6.5	4.08365	43.9269	-6	4.08365	43.9269	-6.5	11.4449	48.1769	-6	11.4449	48.1769	-6.5	18.8061	52.4269	-6	18.8061	52.4269	-6.5	26.1673	56.6769	-6	26.1673	56.6769	-6.5	33.5285	60.9269	-6	33.5285	60.9269	-6.5	40.8897	65.1769	-6	40.8897	65.1769	-6.5	48.2509	69.4269	-6	48.2509	69.4269	-6.5	55.6122	73.6769	-6	55.6122	73.6769	-6.5	62.9734	77.9269	-6	62.9734	77.9269	-6.5	99.7795	99.1769	-6	107.141	103.427	-6	99.7795	99.1769	-6.5	107.141	103.427	-6.5	114.502	107.677	-6	114.502	107.677	-6.5	121.863	111.927	-6	121.863	111.927	-6.5	129.224	116.177	-6	129.224	116.177	-6.5	136.586	120.427	-6	136.586	120.427	-6.5	143.947	124.677	-6	143.947	124.677	-6.5	151.308	128.927	-6	151.308	128.927	-6.5	158.669	133.177	-6	158.669	133.177	-6.5	-15	25.9808	-6	-7.63878	30.2308	-6	-15	25.9808	-6.5	-7.63878	30.2308	-6.5	-0.277568	34.4808	-6	-0.277568	34.4808	-6.5	7.08365	38.7308	-6	7.08365	38.7308	-6.5	14.4449	42.9808	-6	14.4449	42.9808	-6.5	21.8061	47.2308	-6	21.8061	47.2308	-6.5	29.1673	51.4808	-6	29.1673	51.4808	-6.5	36.5285	55.7308	-6	36.5285	55.7308	-6.5	43.8897	59.9808	-6	43.8897	59.9808	-6.5	51.2509	64.2308	-6	51.2509	64.2308	-6.5	58.6122	68.4808	-6	58.6122	68.4808	-6.5	65.9734	72.7308	-6	65.9734	72.7308	-6.5	70.3346	82.1769	-6	73.3346	76.9808	-6	70.3346	82.1769	-6.5	73.3346	76.9808	-6.5	110.141	98.2308	-6	117.502	102.481	-6	110.141	98.2308	-6.5	117.502	102.481	-6.5	124.863	106.731	-6	124.863	106.731	-6.5	132.224	110.981	-6	132.224	110.981	-6.5	139.586	115.231	-6	139.586	115.231	-6.5	146.947	119.481	-6	146.947	119.481	-6.5	154.308	123.731	-6	154.308	123.731	-6.5	161.669	127.981	-6	161.669	127.981	-6.5	-12	20.7846	-6	-4.63878	25.0346	-6	-12	20.7846	-6.5	-4.63878	25.0346	-6.5	2.72243	29.2846	-6	2.72243	29.2846	-6.5	10.0836	33.5346	-6	10.0836	33.5346	-6.5	17.4449	37.7846	-6	17.4449	37.7846	-6.5	24.8061	42.0346	-6	24.8061	42.0346	-6.5	32.1673	46.2846	-6	32.1673	46.2846	-6.5	39.5285	50.5346	-6	39.5285	50.5346	-6.5	46.8897	54.7846	-6	46.8897	54.7846	-6.5	54.2509	59.0346	-6	54.2509	59.0346	-6.5	61.6122	63.2846	-6	61.6122	63.2846	-6.5	68.9734	67.5346	-6	68.9734	67.5346	-6.5	76.3346	71.7846	-6	76.3346	71.7846	-6.5	80.6958	81.2308	-6	83.6958	76.0346	-6	80.6958	81.2308	-6.5	83.6958	76.0346	-6.5	113.141	93.0346	-6	120.502	97.2846	-6	113.141	93.0346	-6.5	120.502	97.2846	-6.5	127.863	101.535	-6	127.863	101.535	-6.5	135.224	105.785	-6	135.224	105.785	-6.5	142.586	110.035	-6	142.586	110.035	-6.5	149.947	114.285	-6	149.947	114.285	-6.5	157.308	118.535	-6	157.308	118.535	-6.5	164.669	122.785	-6	164.669	122.785	-6.5	-9	15.5885	-6	-1.63878	19.8385	-6	-9	15.5885	-6.5	-1.63878	19.8385	-6.5	5.72243	24.0885	-6	5.72243	24.0885	-6.5	13.0836	28.3385	-6	13.0836	28.3385	-6.5	20.4449	32.5885	-6	20.4449	32.5885	-6.5	27.8061	36.8385	-6	27.8061	36.8385	-6.5	35.1673	41.0885	-6	35.1673	41.0885	-6.5	42.5285	45.3385	-6	42.5285	45.3385	-6.5	49.8897	49.5885	-6	49.8897	49.5885	-6.5	57.2509	53.8385	-6	57.2509	53.8385	-6.5	64.6122	58.0885	-6	64.6122	58.0885	-6.5	71.9734	62.3385	-6	71.9734	62.3385	-6.5	79.3346	66.5885	-6	79.3346	66.5885	-6.5	86.6958	70.8385	-6	86.6958	70.8385	-6.5	91.057	80.2846	-6	94.057	75.0885	-6	91.057	80.2846	-6.5	94.057	75.0885	-6.5	123.502	92.0885	-6	130.863	96.3385	-6	123.502	92.0885	-6.5	130.863	96.3385	-6.5	138.224	100.588	-6	138.224	100.588	-6.5	145.586	104.838	-6	145.586	104.838	-6.5	152.947	109.088	-6	152.947	109.088	-6.5	160.308	113.338	-6	160.308	113.338	-6.5	167.669	117.588	-6	167.669	117.588	-6.5	-6	10.3923	-6	1.36122	14.6423	-6	-6	10.3923	-6.5	1.36122	14.6423	-6.5	8.72243	18.8923	-6	8.72243	18.8923	-6.5	16.0836	23.1423	-6	16.0836	23.1423	-6.5	23.4449	27.3923	-6	23.4449	27.3923	-6.5	30.8061	31.6423	-6	30.8061	31.6423	-6.5	38.1673	35.8923	-6	38.1673	35.8923	-6.5	45.5285	40.1423	-6	45.5285	40.1423	-6.5	52.8897	44.3923	-6	52.8897	44.3923	-6.5	60.2509	48.6423	-6	60.2509	48.6423	-6.5	67.6122	52.8923	-6	67.6122	52.8923	-6.5	74.9734	57.1423	-6	74.9734	57.1423	-6.5	82.3346	61.3923	-6	82.3346	61.3923	-6.5	89.6958	65.6423	-6	89.6958	65.6423	-6.5	97.057	69.8923	-6	97.057	69.8923	-6.5	101.418	79.3385	-6	104.418	74.1423	-6	101.418	79.3385	-6.5	104.418	74.1423	-6.5	126.502	86.8923	-6	133.863	91.1423	-6	126.502	86.8923	-6.5	133.863	91.1423	-6.5	141.224	95.3923	-6	141.224	95.3923	-6.5	148.586	99.6423	-6	148.586	99.6423	-6.5	155.947	103.892	-6	155.947	103.892	-6.5	163.308	108.142	-6	163.308	108.142	-6.5	170.669	112.392	-6	170.669	112.392	-6.5	-3	5.19615	-6	4.36122	9.44615	-6	-3	5.19615	-6.5	4.36122	9.44615	-6.5	11.7224	13.6962	-6	11.7224	13.6962	-6.5	19.0836	17.9462	-6	19.0836	17.9462	-6.5	26.4449	22.1962	-6	26.4449	22.1962	-6.5	33.8061	26.4462	-6	33.8061	26.4462	-6.5	41.1673	30.6962	-6	41.1673	30.6962	-6.5	48.5285	34.9462	-6	48.5285	34.9462	-6.5	55.8897	39.1962	-6	55.8897	39.1962	-6.5	63.2509	43.4462	-6	63.2509	43.4462	-6.5	70.6122	47.6962	-6	70.6122	47.6962	-6.5	77.9734	51.9462	-6	77.9734	51.9462	-6.5	85.3346	56.1962	-6	85.3346	56.1962	-6.5	92.6958	60.4462	-6	92.6958	60.4462	-6.5	100.057	64.6962	-6	100.057	64.6962	-6.5	107.418	68.9462	-6	107.418	68.9462	-6.5	136.863	85.9462	-6	144.224	90.1962	-6	136.863	85.9462	-6.5	144.224	90.1962	-6.5	151.586	94.4462	-6	151.586	94.4462	-6.5	158.947	98.6962	-6	158.947	98.6962	-6.5	166.308	102.946	-6	166.308	102.946	-6.5	173.669	107.196	-6	173.669	107.196	-6.5	0	0	-6	7.36122	4.25	-6	0	0	-6.5	7.36122	4.25	-6.5	14.7224	8.5	-6	14.7224	8.5	-6.5	22.0836	12.75	-6	22.0836	12.75	-6.5	29.4449	17	-6	29.4449	17	-6.5	36.8061	21.25	-6	36.8061	21.25	-6.5	44.1673	25.5	-6	44.1673	25.5	-6.5	51.5285	29.75	-6	51.5285	29.75	-6.5	58.8897	34	-6	58.8897	34	-6.5	66.2509	38.25	-6	66.2509	38.25	-6.5	73.6122	42.5	-6	73.6122	42.5	-6.5	80.9734	46.75	-6	80.9734	46.75	-6.5	88.3346	51	-6	88.3346	51	-6.5	95.6958	55.25	-6	95.6958	55.25	-6.5	103.057	59.5	-6	103.057	59.5	-6.5	110.418	63.75	-6	110.418	63.75	-6.5	114.779	73.1962	-6	117.779	68	-6	114.779	73.1962	-6.5	117.779	68	-6.5	139.863	80.75	-6	147.224	85	-6	139.863	80.75	-6.5	147.224	85	-6.5	154.586	89.25	-6	154.586	89.25	-6.5	161.947	93.5	-6	161.947	93.5	-6.5	169.308	97.75	-6	169.308	97.75	-6.5	176.669	102	-6	176.669	102	-6.5	-48	83.1384	-9.33333	-45	77.9423	-9.33333	-40.6388	87.3884	-9.33333	-37.6388	82.1923	-9.33333	-33.2776	91.6384	-9.33333	-30.2776	86.4423	-9.33333	-25.9164	95.8884	-9.33333	-22.9164	90.6923	-9.33333	-18.5551	100.138	-9.33333	-15.5551	94.9423	-9.33333	-11.1939	104.388	-9.33333	-8.19392	99.1923	-9.33333	3.52851	112.888	-9.33333	6.52851	107.692	-9.33333	10.8897	117.138	-9.33333	13.8897	111.942	-9.33333	18.2509	121.388	-9.33333	21.2509	116.192	-9.33333	25.6122	125.638	-9.33333	28.6122	120.442	-9.33333	32.9734	129.888	-9.33333	35.9734	124.692	-9.33333	40.3346	134.138	-9.33333	43.3346	128.942	-9.33333	47.6958	138.388	-9.33333	50.6958	133.192	-9.33333	55.057	142.638	-9.33333	58.057	137.442	-9.33333	62.4182	146.888	-9.33333	65.4182	141.692	-9.33333	69.7795	151.138	-9.33333	72.7795	145.942	-9.33333	77.1407	155.388	-9.33333	80.1407	150.192	-9.33333	84.5019	159.638	-9.33333	87.5019	154.442	-9.33333	91.8631	163.888	-9.33333	94.8631	158.692	-9.33333	99.2243	168.138	-9.33333	102.224	162.942	-9.33333	106.586	172.388	-9.33333	109.586	167.192	-9.33333	113.947	176.638	-9.33333	116.947	171.442	-9.33333	121.308	180.888	-9.33333	124.308	175.692	-9.33333	128.669	185.138	-9.33333	131.669	179.942	-9.33333	-42	72.7461	-9.33333	-34.6388	76.9961	-9.33333	-27.2776	81.2461	-9.33333	-19.9164	85.4961	-9.33333	-12.5551	89.7461	-9.33333	-5.19392	93.9961	-9.33333	16.8897	106.746	-9.33333	24.2509	110.996	-9.33333	31.6122	115.246	-9.33333	38.9734	119.496	-9.33333	46.3346	123.746	-9.33333	53.6958	127.996	-9.33333	61.057	132.246	-9.33333	68.4182	136.496	-9.33333	75.7795	140.746	-9.33333	83.1407	144.996	-9.33333	90.5019	149.246	-9.33333	97.8631	153.496	-9.33333	105.224	157.746	-9.33333	112.586	161.996	-9.33333	119.947	166.246	-9.33333	127.308	170.496	-9.33333	134.669	174.746	-9.33333	-39	67.55	-9.33333	-31.6388	71.8	-9.33333	-24.2776	76.05	-9.33333	-16.9164	80.3	-9.33333	-9.55514	84.55	-9.33333	-2.19392	88.8	-9.33333	2.1673	98.2461	-9.33333	5.1673	93.05	-9.33333	27.2509	105.8	-9.33333	34.6122	110.05	-9.33333	41.9734	114.3	-9.33333	49.3346	118.55	-9.33333	56.6958	122.8	-9.33333	64.057	127.05	-9.33333	71.4182	131.3	-9.33333	78.7795	135.55	-9.33333	86.1407	139.8	-9.33333	93.5019	144.05	-9.33333	100.863	148.3	-9.33333	108.224	152.55	-9.33333	115.586	156.8	-9.33333	122.947	161.05	-9.33333	130.308	165.3	-9.33333	137.669	169.55	-9.33333	-36	62.3538	-9.33333	-28.6388	66.6038	-9.33333	-21.2776	70.8538	-9.33333	-13.9164	75.1038	-9.33333	-6.55514	79.3538	-9.33333	0.80608	83.6038	-9.33333	8.1673	87.8538	-9.33333	12.5285	97.3	-9.33333	15.5285	92.1038	-9.33333	37.6122	104.854	-9.33333	44.9734	109.104	-9.33333	52.3346	113.354	-9.33333	59.6958	117.604	-9.33333	67.057	121.854	-9.33333	74.4182	126.104	-9.33333	81.7795	130.354	-9.33333	89.1407	134.604	-9.33333	96.5019	138.854	-9.33333	103.863	143.104	-9.33333	111.224	147.354	-9.33333	118.586	151.604	-9.33333	125.947	155.854	-9.33333	133.308	160.104	-9.33333	140.669	164.354	-9.33333	-33	57.1577	-9.33333	-25.6388	61.4077	-9.33333	-18.2776	65.6577	-9.33333	-10.9164	69.9077	-9.33333	-3.55514	74.1577	-9.33333	3.80608	78.4077	-9.33333	11.1673	82.6577	-9.33333	18.5285	86.9077	-9.33333	22.8897	96.3538	-9.33333	25.8897	91.1577	-9.33333	47.9734	103.908	-9.33333	55.3346	108.158	-9.33333	62.6958	112.408	-9.33333	70.057	116.658	-9.33333	77.4182	120.908	-9.33333	84.7795	125.158	-9.33333	92.1407	129.408	-9.33333	99.5019	133.658	-9.33333	106.863	137.908	-9.33333	114.224	142.158	-9.33333	121.586	146.408	-9.33333	128.947	150.658	-9.33333	136.308	154.908	-9.33333	143.669	159.158	-9.33333	-30	51.9615	-9.33333	-22.6388	56.2115	-9.33333	-15.2776	60.4615	-9.33333	-7.91635	64.7115	-9.33333	-0.555136	68.9615	-9.33333	6.80608	73.2115	-9.33333	14.1673	77.4615	-9.33333	21.5285	81.7115	-9.33333	28.8897	85.9615	-9.33333	58.3346	102.962	-9.33333	65.6958	107.212	-9.33333	73.057	111.462	-9.33333	80.4182	115.712	-9.33333	87.7795	119.962	-9.33333	95.1407	124.212	-9.33333	102.502	128.462	-9.33333	109.863	132.712	-9.33333	117.224	136.962	-9.33333	124.586	141.212	-9.33333	131.947	145.462	-9.33333	139.308	149.712	-9.33333	146.669	153.962	-9.33333	-27	46.7654	-9.33333	-19.6388	51.0154	-9.33333	-12.2776	55.2654	-9.33333	-4.91635	59.5154	-9.33333	2.44486	63.7654	-9.33333	9.80608	68.0154	-9.33333	17.1673	72.2654	-9.33333	24.5285	76.5154	-9.33333	31.8897	80.7654	-9.33333	36.2509	90.2115	-9.33333	39.2509	85.0154	-9.33333	68.6958	102.015	-9.33333	76.057	106.265	-9.33333	83.4182	110.515	-9.33333	90.7795	114.765	-9.33333	98.1407	119.015	-9.33333	105.502	123.265	-9.33333	112.863	127.515	-9.33333	120.224	131.765	-9.33333	127.586	136.015	-9.33333	134.947	140.265	-9.33333	142.308	144.515	-9.33333	149.669	148.765	-9.33333	-24	41.5692	-9.33333	-16.6388	45.8192	-9.33333	-9.27757	50.0692	-9.33333	-1.91635	54.3192	-9.33333	5.44486	58.5692	-9.33333	12.8061	62.8192	-9.33333	20.1673	67.0692	-9.33333	27.5285	71.3192	-9.33333	34.8897	75.5692	-9.33333	42.2509	79.8192	-9.33333	46.6122	89.2654	-9.33333	49.6122	84.0692	-9.33333	79.057	101.069	-9.33333	86.4182	105.319	-9.33333	93.7795	109.569	-9.33333	101.141	113.819	-9.33333	108.502	118.069	-9.33333	115.863	122.319	-9.33333	123.224	126.569	-9.33333	130.586	130.819	-9.33333	137.947	135.069	-9.33333	145.308	139.319	-9.33333	152.669	143.569	-9.33333	-21	36.3731	-9.33333	-13.6388	40.6231	-9.33333	-6.27757	44.8731	-9.33333	1.08365	49.1231	-9.33333	8.44486	53.3731	-9.33333	15.8061	57.6231	-9.33333	23.1673	61.8731	-9.33333	30.5285	66.1231	-9.33333	37.8897	70.3731	-9.33333	45.2509	74.6231	-9.33333	52.6122	78.8731	-9.33333	56.9734	88.3192	-9.33333	59.9734	83.1231	-9.33333	89.4182	100.123	-9.33333	96.7795	104.373	-9.33333	104.141	108.623	-9.33333	111.502	112.873	-9.33333	118.863	117.123	-9.33333	126.224	121.373	-9.33333	133.586	125.623	-9.33333	140.947	129.873	-9.33333	148.308	134.123	-9.33333	155.669	138.373	-9.33333	-18	31.1769	-9.33333	-10.6388	35.4269	-9.33333	-3.27757	39.6769	-9.33333	4.08365	43.9269	-9.33333	11.4449	48.1769	-9.33333	18.8061	52.4269	-9.33333	26.1673	56.6769	-9.33333	33.5285	60.9269	-9.33333	40.8897	65.1769	-9.33333	48.2509	69.4269	-9.33333	55.6122	73.6769	-9.33333	62.9734	77.9269	-9.33333	99.7795	99.1769	-9.33333	107.141	103.427	-9.33333	114.502	107.677	-9.33333	121.863	111.927	-9.33333	129.224	116.177	-9.33333	136.586	120.427	-9.33333	143.947	124.677	-9.33333	151.308	128.927	-9.33333	158.669	133.177	-9.33333	-15	25.9808	-9.33333	-7.63878	30.2308	-9.33333	-0.277568	34.4808	-9.33333	7.08365	38.7308	-9.33333	14.4449	42.9808	-9.33333	21.8061	47.2308	-9.33333	29.1673	51.4808	-9.33333	36.5285	55.7308	-9.33333	43.8897	59.9808	-9.33333	51.2509	64.2308	-9.33333	58.6122	68.4808	-9.33333	65.9734	72.7308	-9.33333	70.3346	82.1769	-9.33333	73.3346	76.9808	-9.33333	110.141	98.2308	-9.33333	117.502	102.481	-9.33333	124.863	106.731	-9.33333	132.224	110.981	-9.33333	139.586	115.231	-9.33333	146.947	119.481	-9.33333	154.308	123.731	-9.33333	161.669	127.981	-9.33333	-12	20.7846	-9.33333	-4.63878	25.0346	-9.33333	2.72243	29.2846	-9.33333	10.0836	33.5346	-9.33333	17.4449	37.7846	-9.33333	24.8061	42.0346	-9.33333	32.1673	46.2846	-9.33333	39.5285	50.5346	-9.33333	46.8897	54.7846	-9.33333	54.2509	59.0346	-9.33333	61.6122	63.2846	-9.33333	68.9734	67.5346	-9.33333	76.3346	71.7846	-9.33333	80.6958	81.2308	-9.33333	83.6958	76.0346	-9.33333	113.141	93.0346	-9.33333	120.502	97.2846	-9.33333	127.863	101.535	-9.33333	135.224	105.785	-9.33333	142.586	110.035	-9.33333	149.947	114.285	-9.33333	157.308	118.535	-9.33333	164.669	122.785	-9.33333	-9	15.5885	-9.33333	-1.63878	19.8385	-9.33333	5.72243	24.0885	-9.33333	13.0836	28.3385	-9.33333	20.4449	32.5885	-9.33333	27.8061	36.8385	-9.33333	35.1673	41.0885	-9.33333	42.5285	45.3385	-9.33333	49.8897	49.5885	-9.33333	57.2509	53.8385	-9.33333	64.6122	58.0885	-9.33333	71.9734	62.3385	-9.33333	79.3346	66.5885	-9.33333	86.6958	70.8385	-9.33333	91.057	80.2846	-9.33333	94.057	75.0885	-9.33333	123.502	92.0885	-9.33333	130.863	96.3385	-9.33333	138.224	100.588	-9.33333	145.586	104.838	-9.33333	152.947	109.088	-9.33333	160.308	113.338	-9.33333	167.669	117.588	-9.33333	-6	10.3923	-9.33333	1.36122	14.6423	-9.33333	8.72243	18.8923	-9.33333	16.0836	23.1423	-9.33333	23.4449	27.3923	-9.33333	30.8061	31.6423	-9.33333	38.1673	35.8923	-9.33333	45.5285	40.1423	-9.33333	52.8897	44.3923	-9.33333	60.2509	48.6423	-9.33333	67.6122	52.8923	-9.33333	74.9734	57.1423	-9.33333	82.3346	61.3923	-9.33333	89.6958	65.6423	-9.33333	97.057	69.8923	-9.33333	101.418	79.3385	-9.33333	104.418	74.1423	-9.33333	126.502	86.8923	-9.33333	133.863	91.1423	-9.33333	141.224	95.3923	-9.33333	148.586	99.6423	-9.33333	155.947	103.892	-9.33333	163.308	108.142	-9.33333	170.669	112.392	-9.33333	-3	5.19615	-9.33333	4.36122	9.44615	-9.33333	11.7224	13.6962	-9.33333	19.0836	17.9462	-9.33333	26.4449	22.1962	-9.33333	33.8061	26.4462	-9.33333	41.1673	30.6962	-9.33333	48.5285	34.9462	-9.33333	55.8897	39.1962	-9.33333	63.2509	43.4462	-9.33333	70.6122	47.6962	-9.33333	77.9734	51.9462	-9.33333	85.3346	56.1962	-9.33333	92.6958	60.4462	-9.33333	100.057	64.6962	-9.33333	107.418	68.9462	-9.33333	136.863	85.9462	-9.33333	144.224	90.1962	-9.33333	151.586	94.4462	-9.33333	158.947	98.6962	-9.33333	166.308	102.946	-9.33333	173.669	107.196	-9.33333	0	0	-9.33333	7.36122	4.25	-9.33333	14.7224	8.5	-9.33333	22.0836	12.75	-9.33333	29.4449	17	-9.33333	36.8061	21.25	-9.33333	44.1673	25.5	-9.33333	51.5285	29.75	-9.33333	58.8897	34	-9.33333	66.2509	38.25	-9.33333	73.6122	42.5	-9.33333	80.9734	46.75	-9.33333	88.3346	51	-9.33333	95.6958	55.25	-9.33333	103.057	59.5	-9.33333	110.418	63.75	-9.33333	114.779	73.1962	-9.33333	117.779	68	-9.33333	139.863	80.75	-9.33333	147.224	85	-9.33333	154.586	89.25	-9.33333	161.947	93.5	-9.33333	169.308	97.75	-9.33333	176.669	102	-9.33333	-48	83.1384	-12.1667	-45	77.9423	-12.1667	-40.6388	87.3884	-12.1667	-37.6388	82.1923	-12.1667	-33.2776	91.6384	-12.1667	-30.2776	86.4423	-12.1667	-25.9164	95.8884	-12.1667	-22.9164	90.6923	-12.1667	-18.5551	100.138	-12.1667	-15.5551	94.9423	-12.1667	-11.1939	104.388	-12.1667	-8.19392	99.1923	-12.1667	3.52851	112.888	-12.1667	6.52851	107.692	-12.1667	10.8897	117.138	-12.1667	13.8897	111.942	-12.1667	18.2509	121.388	-12.1667	21.2509	116.192	-12.1667	25.6122	125.638	-12.1667	28.6122	120.442	-12.1667	32.9734	129.888	-12.1667	35.9734	124.692	-12.1667	40.3346	134.138	-12.1667	43.3346	128.942	-12.1667	47.6958	138.388	-12.1667	50.6958	133.192	-12.1667	55.057	142.638	-12.1667	58.057	137.442	-12.1667	62.4182	146.888	-12.1667	65.4182	141.692	-12.1667	69.7795	151.138	-12.1667	72.7795	145.942	-12.1667	77.1407	155.388	-12.1667	80.1407	150.192	-12.1667	84.5019	159.638	-12.1667	87.5019	154.442	-12.1667	91.8631	163.888	-12.1667	94.8631	158.692	-12.1667	99.2243	168.138	-12.1667	102.224	162.942	-12.1667	106.586	172.388	-12.1667	109.586	167.192	-12.1667	113.947	176.638	-12.1667	116.947	171.442	-12.1667	121.308	180.888	-12.1667	124.308	175.692	-12.1667	128.669	185.138	-12.1667	131.669	179.942	-12.1667	-42	72.7461	-12.1667	-34.6388	76.9961	-12.1667	-27.2776	81.2461	-12.1667	-19.9164	85.4961	-12.1667	-12.5551	89.7461	-12.1667	-5.19392	93.9961	-12.1667	16.8897	106.746	-12.1667	24.2509	110.996	-12.1667	31.6122	115.246	-12.1667	38.9734	119.496	-12.1667	46.3346	123.746	-12.1667	53.6958	127.996	-12.1667	61.057	132.246	-12.1667	68.4182	136.496	-12.1667	75.7795	140.746	-12.1667	83.1407	144.996	-12.1667	90.5019	149.246	-12.1667	97.8631	153.496	-12.1667	105.224	157.746	-12.1667	112.586	161.996	-12.1667	119.947	166.246	-12.1667	127.308	170.496	-12.1667	134.669	174.746	-12.1667	-39	67.55	-12.1667	-31.6388	71.8	-12.1667	-24.2776	76.05	-12.1667	-16.9164	80.3	-12.1667	-9.55514	84.55	-12.1667	-2.19392	88.8	-12.1667	2.1673	98.2461	-12.1667	5.1673	93.05	-12.1667	27.2509	105.8	-12.1667	34.6122	110.05	-12.1667	41.9734	114.3	-12.1667	49.3346	118.55	-12.1667	56.6958	122.8	-12.1667	64.057	127.05	-12.1667	71.4182	131.3	-12.1667	78.7795	135.55	-12.1667	86.1407	139.8	-12.1667	93.5019	144.05	-12.1667	100.863	148.3	-12.1667	108.224	152.55	-12.1667	115.586	156.8	-12.1667	122.947	161.05	-12.1667	130.308	165.3	-12.1667	137.669	169.55	-12.1667	-36	62.3538	-12.1667	-28.6388	66.6038	-12.1667	-21.2776	70.8538	-12.1667	-13.9164	75.1038	-12.1667	-6.55514	79.3538	-12.1667	0.80608	83.6038	-12.1667	8.1673	87.8538	-12.1667	12.5285	97.3	-12.1667	15.5285	92.1038	-12.1667	37.6122	104.854	-12.1667	44.9734	109.104	-12.1667	52.3346	113.354	-12.1667	59.6958	117.604	-12.1667	67.057	121.854	-12.1667	74.4182	126.104	-12.1667	81.7795	130.354	-12.1667	89.1407	134.604	-12.1667	96.5019	138.854	-12.1667	103.863	143.104	-12.1667	111.224	147.354	-12.1667	118.586	151.604	-12.1667	125.947	155.854	-12.1667	133.308	160.104	-12.1667	140.669	164.354	-12.1667	-33	57.1577	-12.1667	-25.6388	61.4077	-12.1667	-18.2776	65.6577	-12.1667	-10.9164	69.9077	-12.1667	-3.55514	74.1577	-12.1667	3.80608	78.4077	-12.1667	11.1673	82.6577	-12.1667	18.5285	86.9077	-12.1667	22.8897	96.3538	-12.1667	25.8897	91.1577	-12.1667	47.9734	103.908	-12.1667	55.3346	108.158	-12.1667	62.6958	112.408	-12.1667	70.057	116.658	-12.1667	77.4182	120.908	-12.1667	84.7795	125.158	-12.1667	92.1407	129.408	-12.1667	99.5019	133.658	-12.1667	106.863	137.908	-12.1667	114.224	142.158	-12.1667	121.586	146.408	-12.1667	128.947	150.658	-12.1667	136.308	154.908	-12.1667	143.669	159.158	-12.1667	-30	51.9615	-12.1667	-22.6388	56.2115	-12.1667	-15.2776	60.4615	-12.1667	-7.91635	64.7115	-12.1667	-0.555136	68.9615	-12.1667	6.80608	73.2115	-12.1667	14.1673	77.4615	-12.1667	21.5285	81.7115	-12.1667	28.8897	85.9615	-12.1667	58.3346	102.962	-12.1667	65.6958	107.212	-12.1667	73.057	111.462	-12.1667	80.4182	115.712	-12.1667	87.7795	119.962	-12.1667	95.1407	124.212	-12.1667	102.502	128.462	-12.1667	109.863	132.712	-12.1667	117.224	136.962	-12.1667	124.586	141.212	-12.1667	131.947	145.462	-12.1667	139.308	149.712	-12.1667	146.669	153.962	-12.1667	-27	46.7654	-12.1667	-19.6388	51.0154	-12.1667	-12.2776	55.2654	-12.1667	-4.91635	59.5154	-12.1667	2.44486	63.7654	-12.1667	9.80608	68.0154	-12.1667	17.1673	72.2654	-12.1667	24.5285	76.5154	-12.1667	31.8897	80.7654	-12.1667	36.2509	90.2115	-12.1667	39.2509	85.0154	-12.1667	68.6958	102.015	-12.1667	76.057	106.265	-12.1667	83.4182	110.515	-12.1667	90.7795	114.765	-12.1667	98.1407	119.015	-12.1667	105.502	123.265	-12.1667	112.863	127.515	-12.1667	120.224	131.765	-12.1667	127.586	136.015	-12.1667	134.947	140.265	-12.1667	142.308	144.515	-12.1667	149.669	148.765	-12.1667	-24	41.5692	-12.1667	-16.6388	45.8192	-12.1667	-9.27757	50.0692	-12.1667	-1.91635	54.3192	-12.1667	5.44486	58.5692	-12.1667	12.8061	62.8192	-12.1667	20.1673	67.0692	-12.1667	27.5285	71.3192	-12.1667	34.8897	75.5692	-12.1667	42.2509	79.8192	-12.1667	46.6122	89.2654	-12.1667	49.6122	84.0692	-12.1667	79.057	101.069	-12.1667	86.4182	105.319	-12.1667	93.7795	109.569	-12.1667	101.141	113.819	-12.1667	108.502	118.069	-12.1667	115.863	122.319	-12.1667	123.224	126.569	-12.1667	130.586	130.819	-12.1667	137.947	135.069	-12.1667	145.308	139.319	-12.1667	152.669	143.569	-12.1667	-21	36.3731	-12.1667	-13.6388	40.6231	-12.1667	-6.27757	44.8731	-12.1667	1.08365	49.1231	-12.1667	8.44486	53.3731	-12.1667	15.8061	57.6231	-12.1667	23.1673	61.8731	-12.1667	30.5285	66.1231	-12.1667	37.8897	70.3731	-12.1667	45.2509	74.6231	-12.1667	52.6122	78.8731	-12.1667	56.9734	88.3192	-12.1667	59.9734	83.1231	-12.1667	89.4182	100.123	-12.1667	96.7795	104.373	-12.1667	104.141	108.623	-12.1667	111.502	112.873	-12.1667	118.863	117.123	-12.1667	126.224	121.373	-12.1667	133.586	125.623	-12.1667	140.947	129.873	-12.1667	148.308	134.123	-12.1667	155.669	138.373	-12.1667	-18	31.1769	-12.1667	-10.6388	35.4269	-12.1667	-3.27757	39.6769	-12.1667	4.08365	43.9269	-12.1667	11.4449	48.1769	-12.1667	18.8061	52.4269	-12.1667	26.1673	56.6769	-12.1667	33.5285	60.9269	-12.1667	40.8897	65.1769	-12.1667	48.2509	69.4269	-12.1667	55.6122	73.6769	-12.1667	62.9734	77.9269	-12.1667	99.7795	99.1769	-12.1667	107.141	103.427	-12.1667	114.502	107.677	-12.1667	121.863	111.927	-12.1667	129.224	116.177	-12.1667	136.586	120.427	-12.1667	143.947	124.677	-12.1667	151.308	128.927	-12.1667	158.669	133.177	-12.1667	-15	25.9808	-12.1667	-7.63878	30.2308	-12.1667	-0.277568	34.4808	-12.1667	7.08365	38.7308	-12.1667	14.4449	42.9808	-12.1667	21.8061	47.2308	-12.1667	29.1673	51.4808	-12.1667	36.5285	55.7308	-12.1667	43.8897	59.9808	-12.1667	51.2509	64.2308	-12.1667	58.6122	68.4808	-12.1667	65.9734	72.7308	-12.1667	70.3346	82.1769	-12.1667	73.3346	76.9808	-12.1667	110.141	98.2308	-12.1667	117.502	102.481	-12.1667	124.863	106.731	-12.1667	132.224	110.981	-12.1667	139.586	115.231	-12.1667	146.947	119.481	-12.1667	154.308	123.731	-12.1667	161.669	127.981	-12.1667	-12	20.7846	-12.1667	-4.63878	25.0346	-12.1667	2.72243	29.2846	-12.1667	10.0836	33.5346	-12.1667	17.4449	37.7846	-12.1667	24.8061	42.0346	-12.1667	32.1673	46.2846	-12.1667	39.5285	50.5346	-12.1667	46.8897	54.7846	-12.1667	54.2509	59.0346	-12.1667	61.6122	63.2846	-12.1667	68.9734	67.5346	-12.1667	76.3346	71.7846	-12.1667	80.6958	81.2308	-12.1667	83.6958	76.0346	-12.1667	113.141	93.0346	-12.1667	120.502	97.2846	-12.1667	127.863	101.535	-12.1667	135.224	105.785	-12.1667	142.586	110.035	-12.1667	149.947	114.285	-12.1667	157.308	118.535	-12.1667	164.669	122.785	-12.1667	-9	15.5885	-12.1667	-1.63878	19.8385	-12.1667	5.72243	24.0885	-12.1667	13.0836	28.3385	-12.1667	20.4449	32.5885	-12.1667	27.8061	36.8385	-12.1667	35.1673	41.0885	-12.1667	42.5285	45.3385	-12.1667	49.8897	49.5885	-12.1667	57.2509	53.8385	-12.1667	64.6122	58.0885	-12.1667	71.9734	62.3385	-12.1667	79.3346	66.5885	-12.1667	86.6958	70.8385	-12.1667	91.057	80.2846	-12.1667	94.057	75.0885	-12.1667	123.502	92.0885	-12.1667	130.863	96.3385	-12.1667	138.224	100.588	-12.1667	145.586	104.838	-12.1667	152.947	109.088	-12.1667	160.308	113.338	-12.1667	167.669	117.588	-12.1667	-6	10.3923	-12.1667	1.36122	14.6423	-12.1667	8.72243	18.8923	-12.1667	16.0836	23.1423	-12.1667	23.4449	27.3923	-12.1667	30.8061	31.6423	-12.1667	38.1673	35.8923	-12.1667	45.5285	40.1423	-12.1667	52.8897	44.3923	-12.1667	60.2509	48.6423	-12.1667	67.6122	52.8923	-12.1667	74.9734	57.1423	-12.1667	82.3346	61.3923	-12.1667	89.6958	65.6423	-12.1667	97.057	69.8923	-12.1667	101.418	79.3385	-12.1667	104.418	74.1423	-12.1667	126.502	86.8923	-12.1667	133.863	91.1423	-12.1667	141.224	95.3923	-12.1667	148.586	99.6423	-12.1667	155.947	103.892	-12.1667	163.308	108.142	-12.1667	170.669	112.392	-12.1667	-3	5.19615	-12.1667	4.36122	9.44615	-12.1667	11.7224	13.6962	-12.1667	19.0836	17.9462	-12.1667	26.4449	22.1962	-12.1667	33.8061	26.4462	-12.1667	41.1673	30.6962	-12.1667	48.5285	34.9462	-12.1667	55.8897	39.1962	-12.1667	63.2509	43.4462	-12.1667	70.6122	47.6962	-12.1667	77.9734	51.9462	-12.1667	85.3346	56.1962	-12.1667	92.6958	60.4462	-12.1667	100.057	64.6962	-12.1667	107.418	68.9462	-12.1667	136.863	85.9462	-12.1667	144.224	90.1962	-12.1667	151.586	94.4462	-12.1667	158.947	98.6962	-12.1667	166.308	102.946	-12.1667	173.669	107.196	-12.1667	0	0	-12.1667	7.36122	4.25	-12.1667	14.7224	8.5	-12.1667	22.0836	12.75	-12.1667	29.4449	17	-12.1667	36.8061	21.25	-12.1667	44.1673	25.5	-12.1667	51.5285	29.75	-12.1667	58.8897	34	-12.1667	66.2509	38.25	-12.1667	73.6122	42.5	-12.1667	80.9734	46.75	-12.1667	88.3346	51	-12.1667	95.6958	55.25	-12.1667	103.057	59.5	-12.1667	110.418	63.75	-12.1667	114.779	73.1962	-12.1667	117.779	68	-12.1667	139.863	80.75	-12.1667	147.224	85	-12.1667	154.586	89.25	-12.1667	161.947	93.5	-12.1667	169.308	97.75	-12.1667	176.669	102	-12.1667	-48	83.1384	-15	-45	77.9423	-15	-40.6388	87.3884	-15	-37.6388	82.1923	-15	-33.2776	91.6384	-15	-30.2776	86.4423	-15	-25.9164	95.8884	-15	-22.9164	90.6923	-15	-18.5551	100.138	-15	-15.5551	94.9423	-15	-11.1939	104.388	-15	-8.19392	99.1923	-15	3.52851	112.888	-15	6.52851	107.692	-15	10.8897	117.138	-15	13.8897	111.942	-15	18.2509	121.388	-15	21.2509	116.192	-15	25.6122	125.638	-15	28.6122	120.442	-15	32.9734	129.888	-15	35.9734	124.692	-15	40.3346	134.138	-15	43.3346	128.942	-15	47.6958	138.388	-15	50.6958	133.192	-15	55.057	142.638	-15	58.057	137.442	-15	62.4182	146.888	-15	65.4182	141.692	-15	69.7795	151.138	-15	72.7795	145.942	-15	77.1407	155.388	-15	80.1407	150.192	-15	84.5019	159.638	-15	87.5019	154.442	-15	91.8631	163.888	-15	94.8631	158.692	-15	99.2243	168.138	-15	102.224	162.942	-15	106.586	172.388	-15	109.586	167.192	-15	113.947	176.638	-15	116.947	171.442	-15	121.308	180.888	-15	124.308	175.692	-15	128.669	185.138	-15	131.669	179.942	-15	-42	72.7461	-15	-34.6388	76.9961	-15	-27.2776	81.2461	-15	-19.9164	85.4961	-15	-12.5551	89.7461	-15	-5.19392	93.9961	-15	16.8897	106.746	-15	24.2509	110.996	-15	31.6122	115.246	-15	38.9734	119.496	-15	46.3346	123.746	-15	53.6958	127.996	-15	61.057	132.246	-15	68.4182	136.496	-15	75.7795	140.746	-15	83.1407	144.996	-15	90.5019	149.246	-15	97.8631	153.496	-15	105.224	157.746	-15	112.586	161.996	-15	119.947	166.246	-15	127.308	170.496	-15	134.669	174.746	-15	-39	67.55	-15	-31.6388	71.8	-15	-24.2776	76.05	-15	-16.9164	80.3	-15	-9.55514	84.55	-15	-2.19392	88.8	-15	2.1673	98.2461	-15	5.1673	93.05	-15	27.2509	105.8	-15	34.6122	110.05	-15	41.9734	114.3	-15	49.3346	118.55	-15	56.6958	122.8	-15	64.057	127.05	-15	71.4182	131.3	-15	78.7795	135.55	-15	86.1407	139.8	-15	93.5019	144.05	-15	100.863	148.3	-15	108.224	152.55	-15	115.586	156.8	-15	122.947	161.05	-15	130.308	165.3	-15	137.669	169.55	-15	-36	62.3538	-15	-28.6388	66.6038	-15	-21.2776	70.8538	-15	-13.9164	75.1038	-15	-6.55514	79.3538	-15	0.80608	83.6038	-15	8.1673	87.8538	-15	12.5285	97.3	-15	15.5285	92.1038	-15	37.6122	104.854	-15	44.9734	109.104	-15	52.3346	113.354	-15	59.6958	117.604	-15	67.057	121.854	-15	74.4182	126.104	-15	81.7795	130.354	-15	89.1407	134.604	-15	96.5019	138.854	-15	103.863	143.104	-15	111.224	147.354	-15	118.586	151.604	-15	125.947	155.854	-15	133.308	160.104	-15	140.669	164.354	-15	-33	57.1577	-15	-25.6388	61.4077	-15	-18.2776	65.6577	-15	-10.9164	69.9077	-15	-3.55514	74.1577	-15	3.80608	78.4077	-15	11.1673	82.6577	-15	18.5285	86.9077	-15	22.8897	96.3538	-15	25.8897	91.1577	-15	47.9734	103.908	-15	55.3346	108.158	-15	62.6958	112.408	-15	70.057	116.658	-15	77.4182	120.908	-15	84.7795	125.158	-15	92.1407	129.408	-15	99.5019	133.658	-15	106.863	137.908	-15	114.224	142.158	-15	121.586	146.408	-15	128.947	150.658	-15	136.308	154.908	-15	143.669	159.158	-15	-30	51.9615	-15	-22.6388	56.2115	-15	-15.2776	60.4615	-15	-7.91635	64.7115	-15	-0.555136	68.9615	-15	6.80608	73.2115	-15	14.1673	77.4615	-15	21.5285	81.7115	-15	28.8897	85.9615	-15	58.3346	102.962	-15	65.6958	107.212	-15	73.057	111.462	-15	80.4182	115.712	-15	87.7795	119.962	-15	95.1407	124.212	-15	102.502	128.462	-15	109.863	132.712	-15	117.224	136.962	-15	124.586	141.212	-15	131.947	145.462	-15	139.308	149.712	-15	146.669	153.962	-15	-27	46.7654	-15	-19.6388	51.0154	-15	-12.2776	55.2654	-15	-4.91635	59.5154	-15	2.44486	63.7654	-15	9.80608	68.0154	-15	17.1673	72.2654	-15	24.5285	76.5154	-15	31.8897	80.7654	-15	36.2509	90.2115	-15	39.2509	85.0154	-15	68.6958	102.015	-15	76.057	106.265	-15	83.4182	110.515	-15	90.7795	114.765	-15	98.1407	119.015	-15	105.502	123.265	-15	112.863	127.515	-15	120.224	131.765	-15	127.586	136.015	-15	134.947	140.265	-15	142.308	144.515	-15	149.669	148.765	-15	-24	41.5692	-15	-16.6388	45.8192	-15	-9.27757	50.0692	-15	-1.91635	54.3192	-15	5.44486	58.5692	-15	12.8061	62.8192	-15	20.1673	67.0692	-15	27.5285	71.3192	-15	34.8897	75.5692	-15	42.2509	79.8192	-15	46.6122	89.2654	-15	49.6122	84.0692	-15	79.057	101.069	-15	86.4182	105.319	-15	93.7795	109.569	-15	101.141	113.819	-15	108.502	118.069	-15	115.863	122.319	-15	123.224	126.569	-15	130.586	130.819	-15	137.947	135.069	-15	145.308	139.319	-15	152.669	143.569	-15	-21	36.3731	-15	-13.6388	40.6231	-15	-6.27757	44.8731	-15	1.08365	49.1231	-15	8.44486	53.3731	-15	15.8061	57.6231	-15	23.1673	61.8731	-15	30.5285	66.1231	-15	37.8897	70.3731	-15	45.2509	74.6231	-15	52.6122	78.8731	-15	56.9734	88.3192	-15	59.9734	83.1231	-15	89.4182	100.123	-15	96.7795	104.373	-15	104.141	108.623	-15	111.502	112.873	-15	118.863	117.123	-15	126.224	121.373	-15	133.586	125.623	-15	140.947	129.873	-15	148.308	134.123	-15	155.669	138.373	-15	-18	31.1769	-15	-10.6388	35.4269	-15	-3.27757	39.6769	-15	4.08365	43.9269	-15	11.4449	48.1769	-15	18.8061	52.4269	-15	26.1673	56.6769	-15	33.5285	60.9269	-15	40.8897	65.1769	-15	48.2509	69.4269	-15	55.6122	73.6769	-15	62.9734	77.9269	-15	99.7795	99.1769	-15	107.141	103.427	-15	114.502	107.677	-15	121.863	111.927	-15	129.224	116.177	-15	136.586	120.427	-15	143.947	124.677	-15	151.308	128.927	-15	158.669	133.177	-15	-15	25.9808	-15	-7.63878	30.2308	-15	-0.277568	34.4808	-15	7.08365	38.7308	-15	14.4449	42.9808	-15	21.8061	47.2308	-15	29.1673	51.4808	-15	36.5285	55.7308	-15	43.8897	59.9808	-15	51.2509	64.2308	-15	58.6122	68.4808	-15	65.9734	72.7308	-15	70.3346	82.1769	-15	73.3346	76.9808	-15	110.141	98.2308	-15	117.502	102.481	-15	124.863	106.731	-15	132.224	110.981	-15	139.586	115.231	-15	146.947	119.481	-15	154.308	123.731	-15	161.669	127.981	-15	-12	20.7846	-15	-4.63878	25.0346	-15	2.72243	29.2846	-15	10.0836	33.5346	-15	17.4449	37.7846	-15	24.8061	42.0346	-15	32.1673	46.2846	-15	39.5285	50.5346	-15	46.8897	54.7846	-15	54.2509	59.0346	-15	61.6122	63.2846	-15	68.9734	67.5346	-15	76.3346	71.7846	-15	80.6958	81.2308	-15	83.6958	76.0346	-15	113.141	93.0346	-15	120.502	97.2846	-15	127.863	101.535	-15	135.224	105.785	-15	142.586	110.035	-15	149.947	114.285	-15	157.308	118.535	-15	164.669	122.785	-15	-9	15.5885	-15	-1.63878	19.8385	-15	5.72243	24.0885	-15	13.0836	28.3385	-15	20.4449	32.5885	-15	27.8061	36.8385	-15	35.1673	41.0885	-15	42.5285	45.3385	-15	49.8897	49.5885	-15	57.2509	53.8385	-15	64.6122	58.0885	-15	71.9734	62.3385	-15	79.3346	66.5885	-15	86.6958	70.8385	-15	91.057	80.2846	-15	94.057	75.0885	-15	123.502	92.0885	-15	130.863	96.3385	-15	138.224	100.588	-15	145.586	104.838	-15	152.947	109.088	-15	160.308	113.338	-15	167.669	117.588	-15	-6	10.3923	-15	1.36122	14.6423	-15	8.72243	18.8923	-15	16.0836	23.1423	-15	23.4449	27.3923	-15	30.8061	31.6423	-15	38.1673	35.8923	-15	45.5285	40.1423	-15	52.8897	44.3923	-15	60.2509	48.6423	-15	67.6122	52.8923	-15	74.9734	57.1423	-15	82.3346	61.3923	-15	89.6958	65.6423	-15	97.057	69.8923	-15	101.418	79.3385	-15	104.418	74.1423	-15	126.502	86.8923	-15	133.863	91.1423	-15	141.224	95.3923	-15	148.586	99.6423	-15	155.947	103.892	-15	163.308	108.142	-15	170.669	112.392	-15	-3	5.19615	-15	4.36122	9.44615	-15	11.7224	13.6962	-15	19.0836	17.9462	-15	26.4449	22.1962	-15	33.8061	26.4462	-15	41.1673	30.6962	-15	48.5285	34.9462	-15	55.8897	39.1962	-15	63.2509	43.4462	-15	70.6122	47.6962	-15	77.9734	51.9462	-15	85.3346	56.1962	-15	92.6958	60.4462	-15	100.057	64.6962	-15	107.418	68.9462	-15	136.863	85.9462	-15	144.224	90.1962	-15	151.586	94.4462	-15	158.947	98.6962	-15	166.308	102.946	-15	173.669	107.196	-15	0	0	-15	7.36122	4.25	-15	14.7224	8.5	-15	22.0836	12.75	-15	29.4449	17	-15	36.8061	21.25	-15	44.1673	25.5	-15	51.5285	29.75	-15	58.8897	34	-15	66.2509	38.25	-15	73.6122	42.5	-15	80.9734	46.75	-15	88.3346	51	-15	95.6958	55.25	-15	103.057	59.5	-15	110.418	63.75	-15	114.779	73.1962	-15	117.779	68	-15	139.863	80.75	-15	147.224	85	-15	154.586	89.25	-15	161.947	93.5	-15	169.308	97.75	-15	176.669	102	-15	-9.69392	101.79	-6	-7.51331	106.513	-6	-6.01331	103.915	-6	-9.69392	101.79	-6.5	-7.51331	106.513	-6.5	-6.01331	103.915	-6.5	-3.8327	108.638	-6	-2.3327	106.04	-6	-3.8327	108.638	-6.5	-2.3327	106.04	-6.5	-4.51331	101.317	-6	-4.51331	101.317	-6.5	-5.26331	102.616	-6	-4.17301	104.978	-6	-3.42301	103.679	-6	-5.26331	102.616	-6.5	-4.17301	104.978	-6.5	-3.42301	103.679	-6.5	-1.5827	104.741	-6	-1.5827	104.741	-6.5	-2.67301	102.38	-6	-2.67301	102.38	-6.5	-0.832703	103.442	-6	-0.832703	103.442	-6.5	-0.152095	110.763	-6	1.3479	108.165	-6	-0.152095	110.763	-6.5	1.3479	108.165	-6.5	5.02851	110.29	-6	5.02851	110.29	-6.5	2.8479	105.567	-6	2.8479	105.567	-6.5	-0.492399	107.103	-6	0.257601	105.804	-6	-0.492399	107.103	-6.5	0.257601	105.804	-6.5	2.0979	106.866	-6	2.0979	106.866	-6.5	1.0076	104.505	-6	1.0076	104.505	-6.5	-6.69392	96.5942	-6	-3.01331	98.7192	-6	-6.69392	96.5942	-6.5	-3.01331	98.7192	-6.5	0.667296	100.844	-6	0.667296	100.844	-6.5	-1.51331	96.1211	-6	-1.51331	96.1211	-6.5	4.3479	102.969	-6	5.8479	100.371	-6	4.3479	102.969	-6.5	5.8479	100.371	-6.5	-0.0827035	102.143	-6	1.7576	103.206	-6	-0.0827035	102.143	-6.5	1.7576	103.206	-6.5	3.5979	104.268	-6	3.5979	104.268	-6.5	2.5076	101.907	-6	2.5076	101.907	-6.5	4.68821	106.63	-6	5.43821	105.331	-6	4.68821	106.63	-6.5	5.43821	105.331	-6.5	7.27851	106.393	-6	7.27851	106.393	-6.5	6.18821	104.032	-6	6.18821	104.032	-6.5	8.02851	105.094	-6	8.02851	105.094	-6.5	5.0979	101.67	-6	6.93821	102.733	-6	5.0979	101.67	-6.5	6.93821	102.733	-6.5	8.77851	103.795	-6	8.77851	103.795	-6.5	7.68821	101.434	-6	7.68821	101.434	-6.5	9.52851	102.496	-6	9.52851	102.496	-6.5	10.2091	109.817	-6	11.7091	107.219	-6	10.2091	109.817	-6.5	11.7091	107.219	-6.5	15.3897	109.344	-6	15.3897	109.344	-6.5	13.2091	104.621	-6	13.2091	104.621	-6.5	9.86882	106.157	-6	10.6188	104.858	-6	9.86882	106.157	-6.5	10.6188	104.858	-6.5	12.4591	105.92	-6	12.4591	105.92	-6.5	11.3688	103.559	-6	11.3688	103.559	-6.5	3.6673	95.6481	-6	7.3479	97.7731	-6	3.6673	95.6481	-6.5	7.3479	97.7731	-6.5	11.0285	99.8981	-6	11.0285	99.8981	-6.5	8.8479	95.175	-6	8.8479	95.175	-6.5	10.2785	101.197	-6	12.1188	102.26	-6	10.2785	101.197	-6.5	12.1188	102.26	-6.5	13.9591	103.322	-6	13.9591	103.322	-6.5	12.8688	100.961	-6	12.8688	100.961	-6.5	14.7091	102.023	-6	14.7091	102.023	-6.5	15.0494	105.684	-6	15.7994	104.385	-6	15.0494	105.684	-6.5	15.7994	104.385	-6.5	17.6397	105.447	-6	17.6397	105.447	-6.5	16.5494	103.086	-6	16.5494	103.086	-6.5	18.3897	104.148	-6	18.3897	104.148	-6.5	11.7785	98.599	-6	13.6188	99.6615	-6	11.7785	98.599	-6.5	13.6188	99.6615	-6.5	15.4591	100.724	-6	15.4591	100.724	-6.5	14.3688	98.3625	-6	14.3688	98.3625	-6.5	16.2091	99.425	-6	16.2091	99.425	-6.5	17.2994	101.787	-6	17.2994	101.787	-6.5	19.1397	102.849	-6	19.1397	102.849	-6.5	18.0494	100.487	-6	18.0494	100.487	-6.5	19.8897	101.55	-6	19.8897	101.55	-6.5	20.5703	108.871	-6	22.0703	106.273	-6	20.5703	108.871	-6.5	22.0703	106.273	-6.5	25.7509	108.398	-6	25.7509	108.398	-6.5	23.5703	103.675	-6	23.5703	103.675	-6.5	20.23	105.211	-6	20.98	103.912	-6	20.23	105.211	-6.5	20.98	103.912	-6.5	22.8203	104.974	-6	22.8203	104.974	-6.5	21.73	102.612	-6	21.73	102.612	-6.5	14.0285	94.7019	-6	17.7091	96.8269	-6	14.0285	94.7019	-6.5	17.7091	96.8269	-6.5	19.2091	94.2288	-6	19.2091	94.2288	-6.5	21.3897	98.9519	-6	21.3897	98.9519	-6.5	16.9591	98.1259	-6	18.7994	99.1884	-6	16.9591	98.1259	-6.5	18.7994	99.1884	-6.5	20.6397	100.251	-6	20.6397	100.251	-6.5	19.5494	97.8894	-6	19.5494	97.8894	-6.5	22.48	101.313	-6	22.48	101.313	-6.5	24.3203	102.376	-6	24.3203	102.376	-6.5	23.23	100.014	-6	23.23	100.014	-6.5	25.0703	101.077	-6	25.0703	101.077	-6.5	25.4106	104.737	-6	26.1606	103.438	-6	25.4106	104.737	-6.5	26.1606	103.438	-6.5	28.0009	104.501	-6	28.0009	104.501	-6.5	26.9106	102.139	-6	26.9106	102.139	-6.5	28.7509	103.202	-6	28.7509	103.202	-6.5	22.1397	97.6529	-6	23.98	98.7154	-6	22.1397	97.6529	-6.5	23.98	98.7154	-6.5	25.8203	99.7779	-6	25.8203	99.7779	-6.5	24.73	97.4163	-6	24.73	97.4163	-6.5	26.5703	98.4788	-6	26.5703	98.4788	-6.5	27.6606	100.84	-6	27.6606	100.84	-6.5	29.5009	101.903	-6	29.5009	101.903	-6.5	28.4106	99.5413	-6	28.4106	99.5413	-6.5	30.2509	100.604	-6	30.2509	100.604	-6.5	30.9316	107.925	-6	32.4316	105.327	-6	30.9316	107.925	-6.5	32.4316	105.327	-6.5	36.1122	107.452	-6	36.1122	107.452	-6.5	33.9316	102.729	-6	33.9316	102.729	-6.5	30.5912	104.264	-6	31.3412	102.965	-6	30.5912	104.264	-6.5	31.3412	102.965	-6.5	33.1816	104.028	-6	33.1816	104.028	-6.5	32.0912	101.666	-6	32.0912	101.666	-6.5	24.3897	93.7558	-6	28.0703	95.8808	-6	24.3897	93.7558	-6.5	28.0703	95.8808	-6.5	29.5703	93.2827	-6	29.5703	93.2827	-6.5	27.3203	97.1798	-6	29.1606	98.2423	-6	27.3203	97.1798	-6.5	29.1606	98.2423	-6.5	31.0009	99.3048	-6	31.0009	99.3048	-6.5	29.9106	96.9433	-6	29.9106	96.9433	-6.5	31.7509	98.0058	-6	31.7509	98.0058	-6.5	28.8203	94.5817	-6	30.6606	95.6442	-6	28.8203	94.5817	-6.5	30.6606	95.6442	-6.5	32.5009	96.7067	-6	32.5009	96.7067	-6.5	31.4106	94.3452	-6	31.4106	94.3452	-6.5	33.2509	95.4077	-6	33.2509	95.4077	-6.5	32.8412	100.367	-6	32.8412	100.367	-6.5	34.6816	101.43	-6	34.6816	101.43	-6.5	33.5912	99.0683	-6	33.5912	99.0683	-6.5	35.4316	100.131	-6	35.4316	100.131	-6.5	35.7719	103.791	-6	36.5219	102.492	-6	35.7719	103.791	-6.5	36.5219	102.492	-6.5	38.3622	103.555	-6	38.3622	103.555	-6.5	37.2719	101.193	-6	37.2719	101.193	-6.5	39.1122	102.256	-6	39.1122	102.256	-6.5	34.3412	97.7692	-6	34.3412	97.7692	-6.5	36.1816	98.8317	-6	36.1816	98.8317	-6.5	35.0912	96.4702	-6	35.0912	96.4702	-6.5	36.9316	97.5327	-6	36.9316	97.5327	-6.5	38.0219	99.8942	-6	38.0219	99.8942	-6.5	39.8622	100.957	-6	39.8622	100.957	-6.5	38.7719	98.5952	-6	38.7719	98.5952	-6.5	40.6122	99.6577	-6	40.6122	99.6577	-6.5	41.2928	106.979	-6	42.7928	104.381	-6	41.2928	106.979	-6.5	42.7928	104.381	-6.5	46.4734	106.506	-6	46.4734	106.506	-6.5	44.2928	101.783	-6	44.2928	101.783	-6.5	40.9525	103.318	-6	41.7025	102.019	-6	40.9525	103.318	-6.5	41.7025	102.019	-6.5	43.5428	103.082	-6	43.5428	103.082	-6.5	42.4525	100.72	-6	42.4525	100.72	-6.5	27.3897	88.5596	-6	31.0703	90.6846	-6	27.3897	88.5596	-6.5	31.0703	90.6846	-6.5	34.7509	92.8096	-6	34.7509	92.8096	-6.5	32.5703	88.0865	-6	32.5703	88.0865	-6.5	38.4316	94.9346	-6	39.9316	92.3365	-6	38.4316	94.9346	-6.5	39.9316	92.3365	-6.5	34.0009	94.1086	-6	35.8412	95.1711	-6	34.0009	94.1086	-6.5	35.8412	95.1711	-6.5	37.6816	96.2336	-6	37.6816	96.2336	-6.5	36.5912	93.8721	-6	36.5912	93.8721	-6.5	39.5219	97.2961	-6	39.5219	97.2961	-6.5	41.3622	98.3586	-6	41.3622	98.3586	-6.5	40.2719	95.9971	-6	40.2719	95.9971	-6.5	42.1122	97.0596	-6	42.1122	97.0596	-6.5	39.1816	93.6356	-6	41.0219	94.6981	-6	39.1816	93.6356	-6.5	41.0219	94.6981	-6.5	42.8622	95.7606	-6	42.8622	95.7606	-6.5	41.7719	93.399	-6	41.7719	93.399	-6.5	43.6122	94.4615	-6	43.6122	94.4615	-6.5	43.2025	99.4211	-6	43.2025	99.4211	-6.5	45.0428	100.484	-6	45.0428	100.484	-6.5	43.9525	98.1221	-6	43.9525	98.1221	-6.5	45.7928	99.1846	-6	45.7928	99.1846	-6.5	46.1331	102.845	-6	46.8831	101.546	-6	46.1331	102.845	-6.5	46.8831	101.546	-6.5	48.7234	102.609	-6	48.7234	102.609	-6.5	47.6331	100.247	-6	47.6331	100.247	-6.5	49.4734	101.31	-6	49.4734	101.31	-6.5	44.7025	96.8231	-6	44.7025	96.8231	-6.5	46.5428	97.8856	-6	46.5428	97.8856	-6.5	45.4525	95.524	-6	45.4525	95.524	-6.5	47.2928	96.5865	-6	47.2928	96.5865	-6.5	48.3831	98.9481	-6	48.3831	98.9481	-6.5	50.2234	100.011	-6	50.2234	100.011	-6.5	49.1331	97.649	-6	49.1331	97.649	-6.5	50.9734	98.7115	-6	50.9734	98.7115	-6.5	51.654	106.033	-6	53.154	103.435	-6	51.654	106.033	-6.5	53.154	103.435	-6.5	56.8346	105.56	-6	56.8346	105.56	-6.5	54.654	100.837	-6	54.654	100.837	-6.5	51.3137	102.372	-6	52.0637	101.073	-6	51.3137	102.372	-6.5	52.0637	101.073	-6.5	53.904	102.136	-6	53.904	102.136	-6.5	52.8137	99.774	-6	52.8137	99.774	-6.5	37.7509	87.6134	-6	41.4316	89.7384	-6	37.7509	87.6134	-6.5	41.4316	89.7384	-6.5	45.1122	91.8634	-6	45.1122	91.8634	-6.5	42.9316	87.1404	-6	42.9316	87.1404	-6.5	48.7928	93.9884	-6	50.2928	91.3904	-6	48.7928	93.9884	-6.5	50.2928	91.3904	-6.5	44.3622	93.1625	-6	46.2025	94.225	-6	44.3622	93.1625	-6.5	46.2025	94.225	-6.5	48.0428	95.2875	-6	48.0428	95.2875	-6.5	46.9525	92.9259	-6	46.9525	92.9259	-6.5	49.8831	96.35	-6	49.8831	96.35	-6.5	51.7234	97.4125	-6	51.7234	97.4125	-6.5	50.6331	95.0509	-6	50.6331	95.0509	-6.5	52.4734	96.1134	-6	52.4734	96.1134	-6.5	49.5428	92.6894	-6	51.3831	93.7519	-6	49.5428	92.6894	-6.5	51.3831	93.7519	-6.5	53.2234	94.8144	-6	53.2234	94.8144	-6.5	52.1331	92.4529	-6	52.1331	92.4529	-6.5	53.9734	93.5154	-6	53.9734	93.5154	-6.5	53.5637	98.475	-6	53.5637	98.475	-6.5	55.404	99.5375	-6	55.404	99.5375	-6.5	54.3137	97.1759	-6	54.3137	97.1759	-6.5	56.154	98.2384	-6	56.154	98.2384	-6.5	56.4943	101.899	-6	57.2443	100.6	-6	56.4943	101.899	-6.5	57.2443	100.6	-6.5	59.0846	101.662	-6	59.0846	101.662	-6.5	57.9943	99.3009	-6	57.9943	99.3009	-6.5	59.8346	100.363	-6	59.8346	100.363	-6.5	55.0637	95.8769	-6	55.0637	95.8769	-6.5	56.904	96.9394	-6	56.904	96.9394	-6.5	55.8137	94.5779	-6	55.8137	94.5779	-6.5	57.654	95.6404	-6	57.654	95.6404	-6.5	58.7443	98.0019	-6	58.7443	98.0019	-6.5	60.5846	99.0644	-6	60.5846	99.0644	-6.5	59.4943	96.7029	-6	59.4943	96.7029	-6.5	61.3346	97.7654	-6	61.3346	97.7654	-6.5	62.0152	105.087	-6	63.5152	102.488	-6	62.0152	105.087	-6.5	63.5152	102.488	-6.5	67.1958	104.613	-6	67.1958	104.613	-6.5	65.0152	99.8904	-6	65.0152	99.8904	-6.5	61.6749	101.426	-6	62.4249	100.127	-6	61.6749	101.426	-6.5	62.4249	100.127	-6.5	64.2652	101.189	-6	64.2652	101.189	-6.5	63.1749	98.8279	-6	63.1749	98.8279	-6.5	48.1122	86.6673	-6	51.7928	88.7923	-6	48.1122	86.6673	-6.5	51.7928	88.7923	-6.5	53.2928	86.1942	-6	53.2928	86.1942	-6.5	55.4734	90.9173	-6	55.4734	90.9173	-6.5	51.0428	90.0913	-6	52.8831	91.1538	-6	51.0428	90.0913	-6.5	52.8831	91.1538	-6.5	54.7234	92.2163	-6	54.7234	92.2163	-6.5	53.6331	89.8548	-6	53.6331	89.8548	-6.5	56.5637	93.2788	-6	56.5637	93.2788	-6.5	58.404	94.3413	-6	58.404	94.3413	-6.5	57.3137	91.9798	-6	57.3137	91.9798	-6.5	59.154	93.0423	-6	59.154	93.0423	-6.5	60.2443	95.4038	-6	60.2443	95.4038	-6.5	62.0846	96.4663	-6	62.0846	96.4663	-6.5	60.9943	94.1048	-6	60.9943	94.1048	-6.5	62.8346	95.1673	-6	62.8346	95.1673	-6.5	56.2234	89.6183	-6	58.0637	90.6808	-6	56.2234	89.6183	-6.5	58.0637	90.6808	-6.5	59.904	91.7433	-6	59.904	91.7433	-6.5	58.8137	89.3817	-6	58.8137	89.3817	-6.5	60.654	90.4442	-6	60.654	90.4442	-6.5	61.7443	92.8058	-6	61.7443	92.8058	-6.5	63.5846	93.8683	-6	63.5846	93.8683	-6.5	62.4943	91.5067	-6	62.4943	91.5067	-6.5	64.3346	92.5692	-6	64.3346	92.5692	-6.5	63.9249	97.5288	-6	63.9249	97.5288	-6.5	65.7652	98.5913	-6	65.7652	98.5913	-6.5	64.6749	96.2298	-6	64.6749	96.2298	-6.5	66.5152	97.2923	-6	66.5152	97.2923	-6.5	66.8555	100.953	-6	67.6055	99.6538	-6	66.8555	100.953	-6.5	67.6055	99.6538	-6.5	69.4458	100.716	-6	69.4458	100.716	-6.5	68.3555	98.3548	-6	68.3555	98.3548	-6.5	70.1958	99.4173	-6	70.1958	99.4173	-6.5	65.4249	94.9308	-6	65.4249	94.9308	-6.5	67.2652	95.9933	-6	67.2652	95.9933	-6.5	66.1749	93.6317	-6	66.1749	93.6317	-6.5	68.0152	94.6942	-6	68.0152	94.6942	-6.5	69.1055	97.0558	-6	69.1055	97.0558	-6.5	70.9458	98.1183	-6	70.9458	98.1183	-6.5	69.8555	95.7567	-6	69.8555	95.7567	-6.5	71.6958	96.8192	-6	71.6958	96.8192	-6.5	72.3764	104.14	-6	73.8764	101.542	-6	72.3764	104.14	-6.5	73.8764	101.542	-6.5	77.557	103.667	-6	77.557	103.667	-6.5	75.3764	98.9442	-6	75.3764	98.9442	-6.5	72.0361	100.48	-6	72.7861	99.1808	-6	72.0361	100.48	-6.5	72.7861	99.1808	-6.5	74.6264	100.243	-6	74.6264	100.243	-6.5	73.5361	97.8817	-6	73.5361	97.8817	-6.5	58.4734	85.7211	-6	62.154	87.8461	-6	58.4734	85.7211	-6.5	62.154	87.8461	-6.5	63.654	85.2481	-6	63.654	85.2481	-6.5	65.8346	89.9711	-6	67.3346	87.3731	-6	65.8346	89.9711	-6.5	67.3346	87.3731	-6.5	61.404	89.1452	-6	63.2443	90.2077	-6	61.404	89.1452	-6.5	63.2443	90.2077	-6.5	65.0846	91.2702	-6	65.0846	91.2702	-6.5	63.9943	88.9086	-6	63.9943	88.9086	-6.5	66.9249	92.3327	-6	66.9249	92.3327	-6.5	68.7652	93.3952	-6	68.7652	93.3952	-6.5	67.6749	91.0336	-6	67.6749	91.0336	-6.5	69.5152	92.0961	-6	69.5152	92.0961	-6.5	70.6055	94.4577	-6	70.6055	94.4577	-6.5	72.4458	95.5202	-6	72.4458	95.5202	-6.5	71.3555	93.1586	-6	71.3555	93.1586	-6.5	73.1958	94.2211	-6	73.1958	94.2211	-6.5	66.5846	88.6721	-6	68.4249	89.7346	-6	66.5846	88.6721	-6.5	68.4249	89.7346	-6.5	70.2652	90.7971	-6	70.2652	90.7971	-6.5	69.1749	88.4356	-6	69.1749	88.4356	-6.5	71.0152	89.4981	-6	71.0152	89.4981	-6.5	72.1055	91.8596	-6	72.1055	91.8596	-6.5	73.9458	92.9221	-6	73.9458	92.9221	-6.5	72.8555	90.5606	-6	72.8555	90.5606	-6.5	74.6958	91.6231	-6	74.6958	91.6231	-6.5	74.2861	96.5827	-6	74.2861	96.5827	-6.5	76.1264	97.6452	-6	76.1264	97.6452	-6.5	75.0361	95.2836	-6	75.0361	95.2836	-6.5	76.8764	96.3461	-6	76.8764	96.3461	-6.5	77.2167	100.007	-6	77.9667	98.7077	-6	77.2167	100.007	-6.5	77.9667	98.7077	-6.5	79.807	99.7702	-6	79.807	99.7702	-6.5	78.7167	97.4086	-6	78.7167	97.4086	-6.5	80.557	98.4711	-6	80.557	98.4711	-6.5	75.7861	93.9846	-6	75.7861	93.9846	-6.5	77.6264	95.0471	-6	77.6264	95.0471	-6.5	76.5361	92.6856	-6	76.5361	92.6856	-6.5	78.3764	93.7481	-6	78.3764	93.7481	-6.5	79.4667	96.1096	-6	79.4667	96.1096	-6.5	81.307	97.1721	-6	81.307	97.1721	-6.5	80.2167	94.8106	-6	80.2167	94.8106	-6.5	82.057	95.8731	-6	82.057	95.8731	-6.5	82.7376	103.194	-6	84.2376	100.596	-6	82.7376	103.194	-6.5	84.2376	100.596	-6.5	87.9182	102.721	-6	87.9182	102.721	-6.5	85.7376	97.9981	-6	85.7376	97.9981	-6.5	82.3973	99.5336	-6	83.1473	98.2346	-6	82.3973	99.5336	-6.5	83.1473	98.2346	-6.5	84.9876	99.2971	-6	84.9876	99.2971	-6.5	83.8973	96.9356	-6	83.8973	96.9356	-6.5	61.4734	80.525	-6	65.154	82.65	-6	61.4734	80.525	-6.5	65.154	82.65	-6.5	68.8346	84.775	-6	68.8346	84.775	-6.5	66.654	80.0519	-6	66.654	80.0519	-6.5	72.5152	86.9	-6	74.0152	84.3019	-6	72.5152	86.9	-6.5	74.0152	84.3019	-6.5	68.0846	86.074	-6	69.9249	87.1365	-6	68.0846	86.074	-6.5	69.9249	87.1365	-6.5	71.7652	88.199	-6	71.7652	88.199	-6.5	70.6749	85.8375	-6	70.6749	85.8375	-6.5	73.6055	89.2615	-6	73.6055	89.2615	-6.5	75.4458	90.324	-6	75.4458	90.324	-6.5	74.3555	87.9625	-6	74.3555	87.9625	-6.5	76.1958	89.025	-6	76.1958	89.025	-6.5	73.2652	85.601	-6	75.1055	86.6635	-6	73.2652	85.601	-6.5	75.1055	86.6635	-6.5	76.9458	87.726	-6	76.9458	87.726	-6.5	75.8555	85.3644	-6	75.8555	85.3644	-6.5	77.6958	86.4269	-6	77.6958	86.4269	-6.5	77.2861	91.3865	-6	77.2861	91.3865	-6.5	79.1264	92.449	-6	79.1264	92.449	-6.5	78.0361	90.0875	-6	78.0361	90.0875	-6.5	79.8764	91.15	-6	79.8764	91.15	-6.5	80.9667	93.5115	-6	80.9667	93.5115	-6.5	82.807	94.574	-6	82.807	94.574	-6.5	81.7167	92.2125	-6	81.7167	92.2125	-6.5	83.557	93.275	-6	83.557	93.275	-6.5	78.7861	88.7885	-6	78.7861	88.7885	-6.5	80.6264	89.851	-6	80.6264	89.851	-6.5	79.5361	87.4894	-6	79.5361	87.4894	-6.5	81.3764	88.5519	-6	81.3764	88.5519	-6.5	82.4667	90.9135	-6	82.4667	90.9135	-6.5	84.307	91.976	-6	84.307	91.976	-6.5	83.2167	89.6144	-6	83.2167	89.6144	-6.5	85.057	90.6769	-6	85.057	90.6769	-6.5	84.6473	95.6365	-6	84.6473	95.6365	-6.5	86.4876	96.699	-6	86.4876	96.699	-6.5	85.3973	94.3375	-6	85.3973	94.3375	-6.5	87.2376	95.4	-6	87.2376	95.4	-6.5	87.5779	99.0606	-6	88.3279	97.7615	-6	87.5779	99.0606	-6.5	88.3279	97.7615	-6.5	90.1682	98.824	-6	90.1682	98.824	-6.5	89.0779	96.4625	-6	89.0779	96.4625	-6.5	90.9182	97.525	-6	90.9182	97.525	-6.5	86.1473	93.0385	-6	86.1473	93.0385	-6.5	87.9876	94.101	-6	87.9876	94.101	-6.5	86.8973	91.7394	-6	86.8973	91.7394	-6.5	88.7376	92.8019	-6	88.7376	92.8019	-6.5	89.8279	95.1635	-6	89.8279	95.1635	-6.5	91.6682	96.226	-6	91.6682	96.226	-6.5	90.5779	93.8644	-6	90.5779	93.8644	-6.5	92.4182	94.9269	-6	92.4182	94.9269	-6.5	93.0988	102.248	-6	94.5988	99.65	-6	93.0988	102.248	-6.5	94.5988	99.65	-6.5	98.2795	101.775	-6	98.2795	101.775	-6.5	96.0988	97.0519	-6	96.0988	97.0519	-6.5	92.7585	98.5875	-6	93.5085	97.2885	-6	92.7585	98.5875	-6.5	93.5085	97.2885	-6.5	95.3488	98.351	-6	95.3488	98.351	-6.5	94.2585	95.9894	-6	94.2585	95.9894	-6.5	71.8346	79.5788	-6	75.5152	81.7038	-6	71.8346	79.5788	-6.5	75.5152	81.7038	-6.5	79.1958	83.8288	-6	79.1958	83.8288	-6.5	77.0152	79.1058	-6	77.0152	79.1058	-6.5	82.8764	85.9538	-6	84.3764	83.3558	-6	82.8764	85.9538	-6.5	84.3764	83.3558	-6.5	78.4458	85.1279	-6	80.2861	86.1904	-6	78.4458	85.1279	-6.5	80.2861	86.1904	-6.5	82.1264	87.2529	-6	82.1264	87.2529	-6.5	81.0361	84.8913	-6	81.0361	84.8913	-6.5	83.9667	88.3154	-6	83.9667	88.3154	-6.5	85.807	89.3779	-6	85.807	89.3779	-6.5	84.7167	87.0163	-6	84.7167	87.0163	-6.5	86.557	88.0788	-6	86.557	88.0788	-6.5	83.6264	84.6548	-6	85.4667	85.7173	-6	83.6264	84.6548	-6.5	85.4667	85.7173	-6.5	87.307	86.7798	-6	87.307	86.7798	-6.5	86.2167	84.4183	-6	86.2167	84.4183	-6.5	88.057	85.4808	-6	88.057	85.4808	-6.5	87.6473	90.4404	-6	87.6473	90.4404	-6.5	89.4876	91.5029	-6	89.4876	91.5029	-6.5	88.3973	89.1413	-6	88.3973	89.1413	-6.5	90.2376	90.2038	-6	90.2376	90.2038	-6.5	91.3279	92.5654	-6	91.3279	92.5654	-6.5	93.1682	93.6279	-6	93.1682	93.6279	-6.5	92.0779	91.2663	-6	92.0779	91.2663	-6.5	93.9182	92.3288	-6	93.9182	92.3288	-6.5	89.1473	87.8423	-6	89.1473	87.8423	-6.5	90.9876	88.9048	-6	90.9876	88.9048	-6.5	89.8973	86.5433	-6	89.8973	86.5433	-6.5	91.7376	87.6058	-6	91.7376	87.6058	-6.5	92.8279	89.9673	-6	92.8279	89.9673	-6.5	94.6682	91.0298	-6	94.6682	91.0298	-6.5	93.5779	88.6683	-6	93.5779	88.6683	-6.5	95.4182	89.7308	-6	95.4182	89.7308	-6.5	95.0085	94.6904	-6	95.0085	94.6904	-6.5	96.8488	95.7529	-6	96.8488	95.7529	-6.5	95.7585	93.3913	-6	95.7585	93.3913	-6.5	97.5988	94.4538	-6	97.5988	94.4538	-6.5	97.9392	98.1144	-6	98.6892	96.8154	-6	97.9392	98.1144	-6.5	98.6892	96.8154	-6.5	100.529	97.8779	-6	100.529	97.8779	-6.5	99.4392	95.5163	-6	99.4392	95.5163	-6.5	101.279	96.5788	-6	101.279	96.5788	-6.5	96.5085	92.0923	-6	96.5085	92.0923	-6.5	98.3488	93.1548	-6	98.3488	93.1548	-6.5	97.2585	90.7933	-6	97.2585	90.7933	-6.5	99.0988	91.8558	-6	99.0988	91.8558	-6.5	100.189	94.2173	-6	100.189	94.2173	-6.5	102.029	95.2798	-6	102.029	95.2798	-6.5	100.939	92.9183	-6	100.939	92.9183	-6.5	102.779	93.9808	-6	102.779	93.9808	-6.5	103.46	101.302	-6	104.96	98.7038	-6	103.46	101.302	-6.5	104.96	98.7038	-6.5	108.641	100.829	-6	108.641	100.829	-6.5	106.46	96.1058	-6	106.46	96.1058	-6.5	82.1958	78.6327	-6	85.8764	80.7577	-6	82.1958	78.6327	-6.5	85.8764	80.7577	-6.5	89.557	82.8827	-6	89.557	82.8827	-6.5	87.3764	78.1596	-6	87.3764	78.1596	-6.5	88.807	84.1817	-6	90.6473	85.2442	-6	88.807	84.1817	-6.5	90.6473	85.2442	-6.5	92.4876	86.3067	-6	92.4876	86.3067	-6.5	91.3973	83.9452	-6	91.3973	83.9452	-6.5	93.2376	85.0077	-6	93.2376	85.0077	-6.5	94.3279	87.3692	-6	94.3279	87.3692	-6.5	96.1682	88.4317	-6	96.1682	88.4317	-6.5	95.0779	86.0702	-6	95.0779	86.0702	-6.5	96.9182	87.1327	-6	96.9182	87.1327	-6.5	90.307	81.5836	-6	92.1473	82.6461	-6	90.307	81.5836	-6.5	92.1473	82.6461	-6.5	93.9876	83.7086	-6	93.9876	83.7086	-6.5	92.8973	81.3471	-6	92.8973	81.3471	-6.5	94.7376	82.4096	-6	94.7376	82.4096	-6.5	95.8279	84.7711	-6	95.8279	84.7711	-6.5	97.6682	85.8336	-6	97.6682	85.8336	-6.5	96.5779	83.4721	-6	96.5779	83.4721	-6.5	98.4182	84.5346	-6	98.4182	84.5346	-6.5	98.0085	89.4942	-6	98.0085	89.4942	-6.5	99.8488	90.5567	-6	99.8488	90.5567	-6.5	98.7585	88.1952	-6	98.7585	88.1952	-6.5	100.599	89.2577	-6	100.599	89.2577	-6.5	101.689	91.6192	-6	101.689	91.6192	-6.5	103.529	92.6817	-6	103.529	92.6817	-6.5	102.439	90.3202	-6	102.439	90.3202	-6.5	104.279	91.3827	-6	104.279	91.3827	-6.5	99.5085	86.8961	-6	99.5085	86.8961	-6.5	101.349	87.9586	-6	101.349	87.9586	-6.5	100.259	85.5971	-6	100.259	85.5971	-6.5	102.099	86.6596	-6	102.099	86.6596	-6.5	103.189	89.0211	-6	103.189	89.0211	-6.5	105.029	90.0836	-6	105.029	90.0836	-6.5	103.939	87.7221	-6	103.939	87.7221	-6.5	105.779	88.7846	-6	105.779	88.7846	-6.5	107.96	93.5077	-6	111.641	95.6327	-6	107.96	93.5077	-6.5	111.641	95.6327	-6.5	109.46	90.9096	-6	109.46	90.9096	-6.5	104.62	95.0433	-6	105.37	93.7442	-6	104.62	95.0433	-6.5	105.37	93.7442	-6.5	107.21	94.8067	-6	107.21	94.8067	-6.5	106.12	92.4452	-6	106.12	92.4452	-6.5	106.87	91.1461	-6	106.87	91.1461	-6.5	108.71	92.2086	-6	108.71	92.2086	-6.5	107.62	89.8471	-6	107.62	89.8471	-6.5	92.557	77.6865	-6	96.2376	79.8115	-6	92.557	77.6865	-6.5	96.2376	79.8115	-6.5	97.7376	77.2135	-6	97.7376	77.2135	-6.5	99.9182	81.9365	-6	99.9182	81.9365	-6.5	95.4876	81.1106	-6	97.3279	82.1731	-6	95.4876	81.1106	-6.5	97.3279	82.1731	-6.5	99.1682	83.2356	-6	99.1682	83.2356	-6.5	98.0779	80.874	-6	98.0779	80.874	-6.5	101.009	84.2981	-6	101.009	84.2981	-6.5	102.849	85.3606	-6	102.849	85.3606	-6.5	101.759	82.999	-6	101.759	82.999	-6.5	103.599	84.0615	-6	103.599	84.0615	-6.5	104.689	86.4231	-6	104.689	86.4231	-6.5	106.529	87.4856	-6	106.529	87.4856	-6.5	105.439	85.124	-6	105.439	85.124	-6.5	107.279	86.1865	-6	107.279	86.1865	-6.5	100.668	80.6375	-6	102.509	81.7	-6	100.668	80.6375	-6.5	102.509	81.7	-6.5	104.349	82.7625	-6	104.349	82.7625	-6.5	103.259	80.401	-6	103.259	80.401	-6.5	105.099	81.4635	-6	105.099	81.4635	-6.5	106.189	83.825	-6	106.189	83.825	-6.5	108.029	84.8875	-6	108.029	84.8875	-6.5	106.939	82.526	-6	106.939	82.526	-6.5	108.779	83.5885	-6	108.779	83.5885	-6.5	108.37	88.5481	-6	108.37	88.5481	-6.5	110.21	89.6106	-6	110.21	89.6106	-6.5	109.12	87.249	-6	109.12	87.249	-6.5	110.96	88.3115	-6	110.96	88.3115	-6.5	111.3	91.9721	-6	112.05	90.6731	-6	111.3	91.9721	-6.5	112.05	90.6731	-6.5	113.891	91.7356	-6	113.891	91.7356	-6.5	112.8	89.374	-6	112.8	89.374	-6.5	114.641	90.4365	-6	114.641	90.4365	-6.5	109.87	85.95	-6	109.87	85.95	-6.5	111.71	87.0125	-6	111.71	87.0125	-6.5	110.62	84.651	-6	110.62	84.651	-6.5	112.46	85.7135	-6	112.46	85.7135	-6.5	113.55	88.075	-6	113.55	88.075	-6.5	115.391	89.1375	-6	115.391	89.1375	-6.5	114.3	86.776	-6	114.3	86.776	-6.5	116.141	87.8385	-6	116.141	87.8385	-6.5	116.821	95.1596	-6	118.321	92.5615	-6	116.821	95.1596	-6.5	118.321	92.5615	-6.5	122.002	94.6865	-6	122.002	94.6865	-6.5	119.821	89.9635	-6	119.821	89.9635	-6.5	102.918	76.7404	-6	106.599	78.8654	-6	102.918	76.7404	-6.5	106.599	78.8654	-6.5	108.099	76.2673	-6	108.099	76.2673	-6.5	105.849	80.1644	-6	107.689	81.2269	-6	105.849	80.1644	-6.5	107.689	81.2269	-6.5	109.529	82.2894	-6	109.529	82.2894	-6.5	108.439	79.9279	-6	108.439	79.9279	-6.5	110.279	80.9904	-6	110.279	80.9904	-6.5	107.349	77.5663	-6	109.189	78.6288	-6	107.349	77.5663	-6.5	109.189	78.6288	-6.5	111.029	79.6913	-6	111.029	79.6913	-6.5	109.939	77.3298	-6	109.939	77.3298	-6.5	111.779	78.3923	-6	111.779	78.3923	-6.5	111.37	83.3519	-6	111.37	83.3519	-6.5	113.21	84.4144	-6	113.21	84.4144	-6.5	112.12	82.0529	-6	112.12	82.0529	-6.5	113.96	83.1154	-6	113.96	83.1154	-6.5	115.05	85.4769	-6	115.05	85.4769	-6.5	116.891	86.5394	-6	116.891	86.5394	-6.5	115.8	84.1779	-6	115.8	84.1779	-6.5	117.641	85.2404	-6	117.641	85.2404	-6.5	112.87	80.7538	-6	112.87	80.7538	-6.5	114.71	81.8163	-6	114.71	81.8163	-6.5	113.62	79.4548	-6	113.62	79.4548	-6.5	115.46	80.5173	-6	115.46	80.5173	-6.5	116.55	82.8788	-6	116.55	82.8788	-6.5	118.391	83.9413	-6	118.391	83.9413	-6.5	117.3	81.5798	-6	117.3	81.5798	-6.5	119.141	82.6423	-6	119.141	82.6423	-6.5	121.321	87.3654	-6	121.321	87.3654	-6.5	125.002	89.4904	-6	125.002	89.4904	-6.5	122.821	84.7673	-6	122.821	84.7673	-6.5	119.481	86.3029	-6	120.231	85.0038	-6	119.481	86.3029	-6.5	120.231	85.0038	-6.5	122.071	86.0663	-6	122.071	86.0663	-6.5	120.981	83.7048	-6	120.981	83.7048	-6.5	105.918	71.5442	-6	109.599	73.6692	-6	105.918	71.5442	-6.5	109.599	73.6692	-6.5	113.279	75.7942	-6	113.279	75.7942	-6.5	111.099	71.0712	-6	111.099	71.0712	-6.5	116.96	77.9192	-6	118.46	75.3212	-6	116.96	77.9192	-6.5	118.46	75.3212	-6.5	112.529	77.0933	-6	114.37	78.1558	-6	112.529	77.0933	-6.5	114.37	78.1558	-6.5	116.21	79.2183	-6	116.21	79.2183	-6.5	115.12	76.8567	-6	115.12	76.8567	-6.5	118.05	80.2808	-6	118.05	80.2808	-6.5	119.891	81.3433	-6	119.891	81.3433	-6.5	118.8	78.9817	-6	118.8	78.9817	-6.5	120.641	80.0442	-6	120.641	80.0442	-6.5	117.71	76.6202	-6	119.55	77.6827	-6	117.71	76.6202	-6.5	119.55	77.6827	-6.5	121.391	78.7452	-6	121.391	78.7452	-6.5	120.3	76.3837	-6	120.3	76.3837	-6.5	122.141	77.4462	-6	122.141	77.4462	-6.5	124.321	82.1692	-6	128.002	84.2942	-6	124.321	82.1692	-6.5	128.002	84.2942	-6.5	121.731	82.4058	-6	121.731	82.4058	-6.5	123.571	83.4683	-6	123.571	83.4683	-6.5	122.481	81.1067	-6	122.481	81.1067	-6.5	123.231	79.8077	-6	123.231	79.8077	-6.5	125.071	80.8702	-6	125.071	80.8702	-6.5	123.981	78.5087	-6	123.981	78.5087	-6.5	125.821	79.5712	-6	125.821	79.5712	-6.5	126.162	83.2317	-6	126.912	81.9327	-6	126.162	83.2317	-6.5	126.912	81.9327	-6.5	128.752	82.9952	-6	128.752	82.9952	-6.5	127.662	80.6337	-6	127.662	80.6337	-6.5	129.502	81.6962	-6	129.502	81.6962	-6.5	130.182	89.0173	-6	131.682	86.4192	-6	130.182	89.0173	-6.5	131.682	86.4192	-6.5	135.363	88.5442	-6	135.363	88.5442	-6.5	133.182	83.8212	-6	133.182	83.8212	-6.5	116.279	70.5981	-6	119.96	72.7231	-6	116.279	70.5981	-6.5	119.96	72.7231	-6.5	123.641	74.8481	-6	123.641	74.8481	-6.5	121.46	70.125	-6	121.46	70.125	-6.5	125.141	72.25	-6	125.141	72.25	-6.5	127.321	76.9731	-6	128.821	74.375	-6	127.321	76.9731	-6.5	128.821	74.375	-6.5	122.891	76.1471	-6	124.731	77.2096	-6	122.891	76.1471	-6.5	124.731	77.2096	-6.5	126.571	78.2721	-6	126.571	78.2721	-6.5	125.481	75.9106	-6	125.481	75.9106	-6.5	128.412	79.3346	-6	128.412	79.3346	-6.5	130.252	80.3971	-6	130.252	80.3971	-6.5	129.162	78.0356	-6	129.162	78.0356	-6.5	131.002	79.0981	-6	131.002	79.0981	-6.5	128.071	75.674	-6	129.912	76.7365	-6	128.071	75.674	-6.5	129.912	76.7365	-6.5	131.752	77.799	-6	131.752	77.799	-6.5	130.662	75.4375	-6	130.662	75.4375	-6.5	132.502	76.5	-6	132.502	76.5	-6.5	134.682	81.2231	-6	134.682	81.2231	-6.5	138.363	83.3481	-6	138.363	83.3481	-6.5	136.182	78.625	-6	136.182	78.625	-6.5	132.842	80.1606	-6	133.592	78.8615	-6	132.842	80.1606	-6.5	133.592	78.8615	-6.5	135.432	79.924	-6	135.432	79.924	-6.5	134.342	77.5625	-6	134.342	77.5625	-6.5	-9.69392	101.79	-9.33333	-7.51331	106.513	-9.33333	-6.01331	103.915	-9.33333	-3.8327	108.638	-9.33333	-2.3327	106.04	-9.33333	-4.51331	101.317	-9.33333	-5.26331	102.616	-9.33333	-4.17301	104.978	-9.33333	-3.42301	103.679	-9.33333	-1.5827	104.741	-9.33333	-2.67301	102.38	-9.33333	-0.832703	103.442	-9.33333	-0.152095	110.763	-9.33333	1.3479	108.165	-9.33333	5.02851	110.29	-9.33333	2.8479	105.567	-9.33333	-0.492399	107.103	-9.33333	0.257601	105.804	-9.33333	2.0979	106.866	-9.33333	1.0076	104.505	-9.33333	-6.69392	96.5942	-9.33333	-3.01331	98.7192	-9.33333	0.667296	100.844	-9.33333	-1.51331	96.1211	-9.33333	4.3479	102.969	-9.33333	5.8479	100.371	-9.33333	-0.0827035	102.143	-9.33333	1.7576	103.206	-9.33333	3.5979	104.268	-9.33333	2.5076	101.907	-9.33333	4.68821	106.63	-9.33333	5.43821	105.331	-9.33333	7.27851	106.393	-9.33333	6.18821	104.032	-9.33333	8.02851	105.094	-9.33333	5.0979	101.67	-9.33333	6.93821	102.733	-9.33333	8.77851	103.795	-9.33333	7.68821	101.434	-9.33333	9.52851	102.496	-9.33333	10.2091	109.817	-9.33333	11.7091	107.219	-9.33333	15.3897	109.344	-9.33333	13.2091	104.621	-9.33333	9.86882	106.157	-9.33333	10.6188	104.858	-9.33333	12.4591	105.92	-9.33333	11.3688	103.559	-9.33333	3.6673	95.6481	-9.33333	7.3479	97.7731	-9.33333	11.0285	99.8981	-9.33333	8.8479	95.175	-9.33333	10.2785	101.197	-9.33333	12.1188	102.26	-9.33333	13.9591	103.322	-9.33333	12.8688	100.961	-9.33333	14.7091	102.023	-9.33333	15.0494	105.684	-9.33333	15.7994	104.385	-9.33333	17.6397	105.447	-9.33333	16.5494	103.086	-9.33333	18.3897	104.148	-9.33333	11.7785	98.599	-9.33333	13.6188	99.6615	-9.33333	15.4591	100.724	-9.33333	14.3688	98.3625	-9.33333	16.2091	99.425	-9.33333	17.2994	101.787	-9.33333	19.1397	102.849	-9.33333	18.0494	100.487	-9.33333	19.8897	101.55	-9.33333	20.5703	108.871	-9.33333	22.0703	106.273	-9.33333	25.7509	108.398	-9.33333	23.5703	103.675	-9.33333	20.23	105.211	-9.33333	20.98	103.912	-9.33333	22.8203	104.974	-9.33333	21.73	102.612	-9.33333	14.0285	94.7019	-9.33333	17.7091	96.8269	-9.33333	19.2091	94.2288	-9.33333	21.3897	98.9519	-9.33333	16.9591	98.1259	-9.33333	18.7994	99.1884	-9.33333	20.6397	100.251	-9.33333	19.5494	97.8894	-9.33333	22.48	101.313	-9.33333	24.3203	102.376	-9.33333	23.23	100.014	-9.33333	25.0703	101.077	-9.33333	25.4106	104.737	-9.33333	26.1606	103.438	-9.33333	28.0009	104.501	-9.33333	26.9106	102.139	-9.33333	28.7509	103.202	-9.33333	22.1397	97.6529	-9.33333	23.98	98.7154	-9.33333	25.8203	99.7779	-9.33333	24.73	97.4163	-9.33333	26.5703	98.4788	-9.33333	27.6606	100.84	-9.33333	29.5009	101.903	-9.33333	28.4106	99.5413	-9.33333	30.2509	100.604	-9.33333	30.9316	107.925	-9.33333	32.4316	105.327	-9.33333	36.1122	107.452	-9.33333	33.9316	102.729	-9.33333	30.5912	104.264	-9.33333	31.3412	102.965	-9.33333	33.1816	104.028	-9.33333	32.0912	101.666	-9.33333	24.3897	93.7558	-9.33333	28.0703	95.8808	-9.33333	29.5703	93.2827	-9.33333	27.3203	97.1798	-9.33333	29.1606	98.2423	-9.33333	31.0009	99.3048	-9.33333	29.9106	96.9433	-9.33333	31.7509	98.0058	-9.33333	28.8203	94.5817	-9.33333	30.6606	95.6442	-9.33333	32.5009	96.7067	-9.33333	31.4106	94.3452	-9.33333	33.2509	95.4077	-9.33333	32.8412	100.367	-9.33333	34.6816	101.43	-9.33333	33.5912	99.0683	-9.33333	35.4316	100.131	-9.33333	35.7719	103.791	-9.33333	36.5219	102.492	-9.33333	38.3622	103.555	-9.33333	37.2719	101.193	-9.33333	39.1122	102.256	-9.33333	34.3412	97.7692	-9.33333	36.1816	98.8317	-9.33333	35.0912	96.4702	-9.33333	36.9316	97.5327	-9.33333	38.0219	99.8942	-9.33333	39.8622	100.957	-9.33333	38.7719	98.5952	-9.33333	40.6122	99.6577	-9.33333	41.2928	106.979	-9.33333	42.7928	104.381	-9.33333	46.4734	106.506	-9.33333	44.2928	101.783	-9.33333	40.9525	103.318	-9.33333	41.7025	102.019	-9.33333	43.5428	103.082	-9.33333	42.4525	100.72	-9.33333	27.3897	88.5596	-9.33333	31.0703	90.6846	-9.33333	34.7509	92.8096	-9.33333	32.5703	88.0865	-9.33333	38.4316	94.9346	-9.33333	39.9316	92.3365	-9.33333	34.0009	94.1086	-9.33333	35.8412	95.1711	-9.33333	37.6816	96.2336	-9.33333	36.5912	93.8721	-9.33333	39.5219	97.2961	-9.33333	41.3622	98.3586	-9.33333	40.2719	95.9971	-9.33333	42.1122	97.0596	-9.33333	39.1816	93.6356	-9.33333	41.0219	94.6981	-9.33333	42.8622	95.7606	-9.33333	41.7719	93.399	-9.33333	43.6122	94.4615	-9.33333	43.2025	99.4211	-9.33333	45.0428	100.484	-9.33333	43.9525	98.1221	-9.33333	45.7928	99.1846	-9.33333	46.1331	102.845	-9.33333	46.8831	101.546	-9.33333	48.7234	102.609	-9.33333	47.6331	100.247	-9.33333	49.4734	101.31	-9.33333	44.7025	96.8231	-9.33333	46.5428	97.8856	-9.33333	45.4525	95.524	-9.33333	47.2928	96.5865	-9.33333	48.3831	98.9481	-9.33333	50.2234	100.011	-9.33333	49.1331	97.649	-9.33333	50.9734	98.7115	-9.33333	51.654	106.033	-9.33333	53.154	103.435	-9.33333	56.8346	105.56	-9.33333	54.654	100.837	-9.33333	51.3137	102.372	-9.33333	52.0637	101.073	-9.33333	53.904	102.136	-9.33333	52.8137	99.774	-9.33333	37.7509	87.6134	-9.33333	41.4316	89.7384	-9.33333	45.1122	91.8634	-9.33333	42.9316	87.1404	-9.33333	48.7928	93.9884	-9.33333	50.2928	91.3904	-9.33333	44.3622	93.1625	-9.33333	46.2025	94.225	-9.33333	48.0428	95.2875	-9.33333	46.9525	92.9259	-9.33333	49.8831	96.35	-9.33333	51.7234	97.4125	-9.33333	50.6331	95.0509	-9.33333	52.4734	96.1134	-9.33333	49.5428	92.6894	-9.33333	51.3831	93.7519	-9.33333	53.2234	94.8144	-9.33333	52.1331	92.4529	-9.33333	53.9734	93.5154	-9.33333	53.5637	98.475	-9.33333	55.404	99.5375	-9.33333	54.3137	97.1759	-9.33333	56.154	98.2384	-9.33333	56.4943	101.899	-9.33333	57.2443	100.6	-9.33333	59.0846	101.662	-9.33333	57.9943	99.3009	-9.33333	59.8346	100.363	-9.33333	55.0637	95.8769	-9.33333	56.904	96.9394	-9.33333	55.8137	94.5779	-9.33333	57.654	95.6404	-9.33333	58.7443	98.0019	-9.33333	60.5846	99.0644	-9.33333	59.4943	96.7029	-9.33333	61.3346	97.7654	-9.33333	62.0152	105.087	-9.33333	63.5152	102.488	-9.33333	67.1958	104.613	-9.33333	65.0152	99.8904	-9.33333	61.6749	101.426	-9.33333	62.4249	100.127	-9.33333	64.2652	101.189	-9.33333	63.1749	98.8279	-9.33333	48.1122	86.6673	-9.33333	51.7928	88.7923	-9.33333	53.2928	86.1942	-9.33333	55.4734	90.9173	-9.33333	51.0428	90.0913	-9.33333	52.8831	91.1538	-9.33333	54.7234	92.2163	-9.33333	53.6331	89.8548	-9.33333	56.5637	93.2788	-9.33333	58.404	94.3413	-9.33333	57.3137	91.9798	-9.33333	59.154	93.0423	-9.33333	60.2443	95.4038	-9.33333	62.0846	96.4663	-9.33333	60.9943	94.1048	-9.33333	62.8346	95.1673	-9.33333	56.2234	89.6183	-9.33333	58.0637	90.6808	-9.33333	59.904	91.7433	-9.33333	58.8137	89.3817	-9.33333	60.654	90.4442	-9.33333	61.7443	92.8058	-9.33333	63.5846	93.8683	-9.33333	62.4943	91.5067	-9.33333	64.3346	92.5692	-9.33333	63.9249	97.5288	-9.33333	65.7652	98.5913	-9.33333	64.6749	96.2298	-9.33333	66.5152	97.2923	-9.33333	66.8555	100.953	-9.33333	67.6055	99.6538	-9.33333	69.4458	100.716	-9.33333	68.3555	98.3548	-9.33333	70.1958	99.4173	-9.33333	65.4249	94.9308	-9.33333	67.2652	95.9933	-9.33333	66.1749	93.6317	-9.33333	68.0152	94.6942	-9.33333	69.1055	97.0558	-9.33333	70.9458	98.1183	-9.33333	69.8555	95.7567	-9.33333	71.6958	96.8192	-9.33333	72.3764	104.14	-9.33333	73.8764	101.542	-9.33333	77.557	103.667	-9.33333	75.3764	98.9442	-9.33333	72.0361	100.48	-9.33333	72.7861	99.1808	-9.33333	74.6264	100.243	-9.33333	73.5361	97.8817	-9.33333	58.4734	85.7211	-9.33333	62.154	87.8461	-9.33333	63.654	85.2481	-9.33333	65.8346	89.9711	-9.33333	67.3346	87.3731	-9.33333	61.404	89.1452	-9.33333	63.2443	90.2077	-9.33333	65.0846	91.2702	-9.33333	63.9943	88.9086	-9.33333	66.9249	92.3327	-9.33333	68.7652	93.3952	-9.33333	67.6749	91.0336	-9.33333	69.5152	92.0961	-9.33333	70.6055	94.4577	-9.33333	72.4458	95.5202	-9.33333	71.3555	93.1586	-9.33333	73.1958	94.2211	-9.33333	66.5846	88.6721	-9.33333	68.4249	89.7346	-9.33333	70.2652	90.7971	-9.33333	69.1749	88.4356	-9.33333	71.0152	89.4981	-9.33333	72.1055	91.8596	-9.33333	73.9458	92.9221	-9.33333	72.8555	90.5606	-9.33333	74.6958	91.6231	-9.33333	74.2861	96.5827	-9.33333	76.1264	97.6452	-9.33333	75.0361	95.2836	-9.33333	76.8764	96.3461	-9.33333	77.2167	100.007	-9.33333	77.9667	98.7077	-9.33333	79.807	99.7702	-9.33333	78.7167	97.4086	-9.33333	80.557	98.4711	-9.33333	75.7861	93.9846	-9.33333	77.6264	95.0471	-9.33333	76.5361	92.6856	-9.33333	78.3764	93.7481	-9.33333	79.4667	96.1096	-9.33333	81.307	97.1721	-9.33333	80.2167	94.8106	-9.33333	82.057	95.8731	-9.33333	82.7376	103.194	-9.33333	84.2376	100.596	-9.33333	87.9182	102.721	-9.33333	85.7376	97.9981	-9.33333	82.3973	99.5336	-9.33333	83.1473	98.2346	-9.33333	84.9876	99.2971	-9.33333	83.8973	96.9356	-9.33333	61.4734	80.525	-9.33333	65.154	82.65	-9.33333	68.8346	84.775	-9.33333	66.654	80.0519	-9.33333	72.5152	86.9	-9.33333	74.0152	84.3019	-9.33333	68.0846	86.074	-9.33333	69.9249	87.1365	-9.33333	71.7652	88.199	-9.33333	70.6749	85.8375	-9.33333	73.6055	89.2615	-9.33333	75.4458	90.324	-9.33333	74.3555	87.9625	-9.33333	76.1958	89.025	-9.33333	73.2652	85.601	-9.33333	75.1055	86.6635	-9.33333	76.9458	87.726	-9.33333	75.8555	85.3644	-9.33333	77.6958	86.4269	-9.33333	77.2861	91.3865	-9.33333	79.1264	92.449	-9.33333	78.0361	90.0875	-9.33333	79.8764	91.15	-9.33333	80.9667	93.5115	-9.33333	82.807	94.574	-9.33333	81.7167	92.2125	-9.33333	83.557	93.275	-9.33333	78.7861	88.7885	-9.33333	80.6264	89.851	-9.33333	79.5361	87.4894	-9.33333	81.3764	88.5519	-9.33333	82.4667	90.9135	-9.33333	84.307	91.976	-9.33333	83.2167	89.6144	-9.33333	85.057	90.6769	-9.33333	84.6473	95.6365	-9.33333	86.4876	96.699	-9.33333	85.3973	94.3375	-9.33333	87.2376	95.4	-9.33333	87.5779	99.0606	-9.33333	88.3279	97.7615	-9.33333	90.1682	98.824	-9.33333	89.0779	96.4625	-9.33333	90.9182	97.525	-9.33333	86.1473	93.0385	-9.33333	87.9876	94.101	-9.33333	86.8973	91.7394	-9.33333	88.7376	92.8019	-9.33333	89.8279	95.1635	-9.33333	91.6682	96.226	-9.33333	90.5779	93.8644	-9.33333	92.4182	94.9269	-9.33333	93.0988	102.248	-9.33333	94.5988	99.65	-9.33333	98.2795	101.775	-9.33333	96.0988	97.0519	-9.33333	92.7585	98.5875	-9.33333	93.5085	97.2885	-9.33333	95.3488	98.351	-9.33333	94.2585	95.9894	-9.33333	71.8346	79.5788	-9.33333	75.5152	81.7038	-9.33333	79.1958	83.8288	-9.33333	77.0152	79.1058	-9.33333	82.8764	85.9538	-9.33333	84.3764	83.3558	-9.33333	78.4458	85.1279	-9.33333	80.2861	86.1904	-9.33333	82.1264	87.2529	-9.33333	81.0361	84.8913	-9.33333	83.9667	88.3154	-9.33333	85.807	89.3779	-9.33333	84.7167	87.0163	-9.33333	86.557	88.0788	-9.33333	83.6264	84.6548	-9.33333	85.4667	85.7173	-9.33333	87.307	86.7798	-9.33333	86.2167	84.4183	-9.33333	88.057	85.4808	-9.33333	87.6473	90.4404	-9.33333	89.4876	91.5029	-9.33333	88.3973	89.1413	-9.33333	90.2376	90.2038	-9.33333	91.3279	92.5654	-9.33333	93.1682	93.6279	-9.33333	92.0779	91.2663	-9.33333	93.9182	92.3288	-9.33333	89.1473	87.8423	-9.33333	90.9876	88.9048	-9.33333	89.8973	86.5433	-9.33333	91.7376	87.6058	-9.33333	92.8279	89.9673	-9.33333	94.6682	91.0298	-9.33333	93.5779	88.6683	-9.33333	95.4182	89.7308	-9.33333	95.0085	94.6904	-9.33333	96.8488	95.7529	-9.33333	95.7585	93.3913	-9.33333	97.5988	94.4538	-9.33333	97.9392	98.1144	-9.33333	98.6892	96.8154	-9.33333	100.529	97.8779	-9.33333	99.4392	95.5163	-9.33333	101.279	96.5788	-9.33333	96.5085	92.0923	-9.33333	98.3488	93.1548	-9.33333	97.2585	90.7933	-9.33333	99.0988	91.8558	-9.33333	100.189	94.2173	-9.33333	102.029	95.2798	-9.33333	100.939	92.9183	-9.33333	102.779	93.9808	-9.33333	103.46	101.302	-9.33333	104.96	98.7038	-9.33333	108.641	100.829	-9.33333	106.46	96.1058	-9.33333	82.1958	78.6327	-9.33333	85.8764	80.7577	-9.33333	89.557	82.8827	-9.33333	87.3764	78.1596	-9.33333	88.807	84.1817	-9.33333	90.6473	85.2442	-9.33333	92.4876	86.3067	-9.33333	91.3973	83.9452	-9.33333	93.2376	85.0077	-9.33333	94.3279	87.3692	-9.33333	96.1682	88.4317	-9.33333	95.0779	86.0702	-9.33333	96.9182	87.1327	-9.33333	90.307	81.5836	-9.33333	92.1473	82.6461	-9.33333	93.9876	83.7086	-9.33333	92.8973	81.3471	-9.33333	94.7376	82.4096	-9.33333	95.8279	84.7711	-9.33333	97.6682	85.8336	-9.33333	96.5779	83.4721	-9.33333	98.4182	84.5346	-9.33333	98.0085	89.4942	-9.33333	99.8488	90.5567	-9.33333	98.7585	88.1952	-9.33333	100.599	89.2577	-9.33333	101.689	91.6192	-9.33333	103.529	92.6817	-9.33333	102.439	90.3202	-9.33333	104.279	91.3827	-9.33333	99.5085	86.8961	-9.33333	101.349	87.9586	-9.33333	100.259	85.5971	-9.33333	102.099	86.6596	-9.33333	103.189	89.0211	-9.33333	105.029	90.0836	-9.33333	103.939	87.7221	-9.33333	105.779	88.7846	-9.33333	107.96	93.5077	-9.33333	111.641	95.6327	-9.33333	109.46	90.9096	-9.33333	104.62	95.0433	-9.33333	105.37	93.7442	-9.33333	107.21	94.8067	-9.33333	106.12	92.4452	-9.33333	106.87	91.1461	-9.33333	108.71	92.2086	-9.33333	107.62	89.8471	-9.33333	92.557	77.6865	-9.33333	96.2376	79.8115	-9.33333	97.7376	77.2135	-9.33333	99.9182	81.9365	-9.33333	95.4876	81.1106	-9.33333	97.3279	82.1731	-9.33333	99.1682	83.2356	-9.33333	98.0779	80.874	-9.33333	101.009	84.2981	-9.33333	102.849	85.3606	-9.33333	101.759	82.999	-9.33333	103.599	84.0615	-9.33333	104.689	86.4231	-9.33333	106.529	87.4856	-9.33333	105.439	85.124	-9.33333	107.279	86.1865	-9.33333	100.668	80.6375	-9.33333	102.509	81.7	-9.33333	104.349	82.7625	-9.33333	103.259	80.401	-9.33333	105.099	81.4635	-9.33333	106.189	83.825	-9.33333	108.029	84.8875	-9.33333	106.939	82.526	-9.33333	108.779	83.5885	-9.33333	108.37	88.5481	-9.33333	110.21	89.6106	-9.33333	109.12	87.249	-9.33333	110.96	88.3115	-9.33333	111.3	91.9721	-9.33333	112.05	90.6731	-9.33333	113.891	91.7356	-9.33333	112.8	89.374	-9.33333	114.641	90.4365	-9.33333	109.87	85.95	-9.33333	111.71	87.0125	-9.33333	110.62	84.651	-9.33333	112.46	85.7135	-9.33333	113.55	88.075	-9.33333	115.391	89.1375	-9.33333	114.3	86.776	-9.33333	116.141	87.8385	-9.33333	116.821	95.1596	-9.33333	118.321	92.5615	-9.33333	122.002	94.6865	-9.33333	119.821	89.9635	-9.33333	102.918	76.7404	-9.33333	106.599	78.8654	-9.33333	108.099	76.2673	-9.33333	105.849	80.1644	-9.33333	107.689	81.2269	-9.33333	109.529	82.2894	-9.33333	108.439	79.9279	-9.33333	110.279	80.9904	-9.33333	107.349	77.5663	-9.33333	109.189	78.6288	-9.33333	111.029	79.6913	-9.33333	109.939	77.3298	-9.33333	111.779	78.3923	-9.33333	111.37	83.3519	-9.33333	113.21	84.4144	-9.33333	112.12	82.0529	-9.33333	113.96	83.1154	-9.33333	115.05	85.4769	-9.33333	116.891	86.5394	-9.33333	115.8	84.1779	-9.33333	117.641	85.2404	-9.33333	112.87	80.7538	-9.33333	114.71	81.8163	-9.33333	113.62	79.4548	-9.33333	115.46	80.5173	-9.33333	116.55	82.8788	-9.33333	118.391	83.9413	-9.33333	117.3	81.5798	-9.33333	119.141	82.6423	-9.33333	121.321	87.3654	-9.33333	125.002	89.4904	-9.33333	122.821	84.7673	-9.33333	119.481	86.3029	-9.33333	120.231	85.0038	-9.33333	122.071	86.0663	-9.33333	120.981	83.7048	-9.33333	105.918	71.5442	-9.33333	109.599	73.6692	-9.33333	113.279	75.7942	-9.33333	111.099	71.0712	-9.33333	116.96	77.9192	-9.33333	118.46	75.3212	-9.33333	112.529	77.0933	-9.33333	114.37	78.1558	-9.33333	116.21	79.2183	-9.33333	115.12	76.8567	-9.33333	118.05	80.2808	-9.33333	119.891	81.3433	-9.33333	118.8	78.9817	-9.33333	120.641	80.0442	-9.33333	117.71	76.6202	-9.33333	119.55	77.6827	-9.33333	121.391	78.7452	-9.33333	120.3	76.3837	-9.33333	122.141	77.4462	-9.33333	124.321	82.1692	-9.33333	128.002	84.2942	-9.33333	121.731	82.4058	-9.33333	123.571	83.4683	-9.33333	122.481	81.1067	-9.33333	123.231	79.8077	-9.33333	125.071	80.8702	-9.33333	123.981	78.5087	-9.33333	125.821	79.5712	-9.33333	126.162	83.2317	-9.33333	126.912	81.9327	-9.33333	128.752	82.9952	-9.33333	127.662	80.6337	-9.33333	129.502	81.6962	-9.33333	130.182	89.0173	-9.33333	131.682	86.4192	-9.33333	135.363	88.5442	-9.33333	133.182	83.8212	-9.33333	116.279	70.5981	-9.33333	119.96	72.7231	-9.33333	123.641	74.8481	-9.33333	121.46	70.125	-9.33333	125.141	72.25	-9.33333	127.321	76.9731	-9.33333	128.821	74.375	-9.33333	122.891	76.1471	-9.33333	124.731	77.2096	-9.33333	126.571	78.2721	-9.33333	125.481	75.9106	-9.33333	128.412	79.3346	-9.33333	130.252	80.3971	-9.33333	129.162	78.0356	-9.33333	131.002	79.0981	-9.33333	128.071	75.674	-9.33333	129.912	76.7365	-9.33333	131.752	77.799	-9.33333	130.662	75.4375	-9.33333	132.502	76.5	-9.33333	134.682	81.2231	-9.33333	138.363	83.3481	-9.33333	136.182	78.625	-9.33333	132.842	80.1606	-9.33333	133.592	78.8615	-9.33333	135.432	79.924	-9.33333	134.342	77.5625	-9.33333	-9.69392	101.79	-12.1667	-7.51331	106.513	-12.1667	-6.01331	103.915	-12.1667	-3.8327	108.638	-12.1667	-2.3327	106.04	-12.1667	-4.51331	101.317	-12.1667	-5.26331	102.616	-12.1667	-4.17301	104.978	-12.1667	-3.42301	103.679	-12.1667	-1.5827	104.741	-12.1667	-2.67301	102.38	-12.1667	-0.832703	103.442	-12.1667	-0.152095	110.763	-12.1667	1.3479	108.165	-12.1667	5.02851	110.29	-12.1667	2.8479	105.567	-12.1667	-0.492399	107.103	-12.1667	0.257601	105.804	-12.1667	2.0979	106.866	-12.1667	1.0076	104.505	-12.1667	-6.69392	96.5942	-12.1667	-3.01331	98.7192	-12.1667	0.667296	100.844	-12.1667	-1.51331	96.1211	-12.1667	4.3479	102.969	-12.1667	5.8479	100.371	-12.1667	-0.0827035	102.143	-12.1667	1.7576	103.206	-12.1667	3.5979	104.268	-12.1667	2.5076	101.907	-12.1667	4.68821	106.63	-12.1667	5.43821	105.331	-12.1667	7.27851	106.393	-12.1667	6.18821	104.032	-12.1667	8.02851	105.094	-12.1667	5.0979	101.67	-12.1667	6.93821	102.733	-12.1667	8.77851	103.795	-12.1667	7.68821	101.434	-12.1667	9.52851	102.496	-12.1667	10.2091	109.817	-12.1667	11.7091	107.219	-12.1667	15.3897	109.344	-12.1667	13.2091	104.621	-12.1667	9.86882	106.157	-12.1667	10.6188	104.858	-12.1667	12.4591	105.92	-12.1667	11.3688	103.559	-12.1667	3.6673	95.6481	-12.1667	7.3479	97.7731	-12.1667	11.0285	99.8981	-12.1667	8.8479	95.175	-12.1667	10.2785	101.197	-12.1667	12.1188	102.26	-12.1667	13.9591	103.322	-12.1667	12.8688	100.961	-12.1667	14.7091	102.023	-12.1667	15.0494	105.684	-12.1667	15.7994	104.385	-12.1667	17.6397	105.447	-12.1667	16.5494	103.086	-12.1667	18.3897	104.148	-12.1667	11.7785	98.599	-12.1667	13.6188	99.6615	-12.1667	15.4591	100.724	-12.1667	14.3688	98.3625	-12.1667	16.2091	99.425	-12.1667	17.2994	101.787	-12.1667	19.1397	102.849	-12.1667	18.0494	100.487	-12.1667	19.8897	101.55	-12.1667	20.5703	108.871	-12.1667	22.0703	106.273	-12.1667	25.7509	108.398	-12.1667	23.5703	103.675	-12.1667	20.23	105.211	-12.1667	20.98	103.912	-12.1667	22.8203	104.974	-12.1667	21.73	102.612	-12.1667	14.0285	94.7019	-12.1667	17.7091	96.8269	-12.1667	19.2091	94.2288	-12.1667	21.3897	98.9519	-12.1667	16.9591	98.1259	-12.1667	18.7994	99.1884	-12.1667	20.6397	100.251	-12.1667	19.5494	97.8894	-12.1667	22.48	101.313	-12.1667	24.3203	102.376	-12.1667	23.23	100.014	-12.1667	25.0703	101.077	-12.1667	25.4106	104.737	-12.1667	26.1606	103.438	-12.1667	28.0009	104.501	-12.1667	26.9106	102.139	-12.1667	28.7509	103.202	-12.1667	22.1397	97.6529	-12.1667	23.98	98.7154	-12.1667	25.8203	99.7779	-12.1667	24.73	97.4163	-12.1667	26.5703	98.4788	-12.1667	27.6606	100.84	-12.1667	29.5009	101.903	-12.1667	28.4106	99.5413	-12.1667	30.2509	100.604	-12.1667	30.9316	107.925	-12.1667	32.4316	105.327	-12.1667	36.1122	107.452	-12.1667	33.9316	102.729	-12.1667	30.5912	104.264	-12.1667	31.3412	102.965	-12.1667	33.1816	104.028	-12.1667	32.0912	101.666	-12.1667	24.3897	93.7558	-12.1667	28.0703	95.8808	-12.1667	29.5703	93.2827	-12.1667	27.3203	97.1798	-12.1667	29.1606	98.2423	-12.1667	31.0009	99.3048	-12.1667	29.9106	96.9433	-12.1667	31.7509	98.0058	-12.1667	28.8203	94.5817	-12.1667	30.6606	95.6442	-12.1667	32.5009	96.7067	-12.1667	31.4106	94.3452	-12.1667	33.2509	95.4077	-12.1667	32.8412	100.367	-12.1667	34.6816	101.43	-12.1667	33.5912	99.0683	-12.1667	35.4316	100.131	-12.1667	35.7719	103.791	-12.1667	36.5219	102.492	-12.1667	38.3622	103.555	-12.1667	37.2719	101.193	-12.1667	39.1122	102.256	-12.1667	34.3412	97.7692	-12.1667	36.1816	98.8317	-12.1667	35.0912	96.4702	-12.1667	36.9316	97.5327	-12.1667	38.0219	99.8942	-12.1667	39.8622	100.957	-12.1667	38.7719	98.5952	-12.1667	40.6122	99.6577	-12.1667	41.2928	106.979	-12.1667	42.7928	104.381	-12.1667	46.4734	106.506	-12.1667	44.2928	101.783	-12.1667	40.9525	103.318	-12.1667	41.7025	102.019	-12.1667	43.5428	103.082	-12.1667	42.4525	100.72	-12.1667	27.3897	88.5596	-12.1667	31.0703	90.6846	-12.1667	34.7509	92.8096	-12.1667	32.5703	88.0865	-12.1667	38.4316	94.9346	-12.1667	39.9316	92.3365	-12.1667	34.0009	94.1086	-12.1667	35.8412	95.1711	-12.1667	37.6816	96.2336	-12.1667	36.5912	93.8721	-12.1667	39.5219	97.2961	-12.1667	41.3622	98.3586	-12.1667	40.2719	95.9971	-12.1667	42.1122	97.0596	-12.1667	39.1816	93.6356	-12.1667	41.0219	94.6981	-12.1667	42.8622	95.7606	-12.1667	41.7719	93.399	-12.1667	43.6122	94.4615	-12.1667	43.2025	99.4211	-12.1667	45.0428	100.484	-12.1667	43.9525	98.1221	-12.1667	45.7928	99.1846	-12.1667	46.1331	102.845	-12.1667	46.8831	101.546	-12.1667	48.7234	102.609	-12.1667	47.6331	100.247	-12.1667	49.4734	101.31	-12.1667	44.7025	96.8231	-12.1667	46.5428	97.8856	-12.1667	45.4525	95.524	-12.1667	47.2928	96.5865	-12.1667	48.3831	98.9481	-12.1667	50.2234	100.011	-12.1667	49.1331	97.649	-12.1667	50.9734	98.7115	-12.1667	51.654	106.033	-12.1667	53.154	103.435	-12.1667	56.8346	105.56	-12.1667	54.654	100.837	-12.1667	51.3137	102.372	-12.1667	52.0637	101.073	-12.1667	53.904	102.136	-12.1667	52.8137	99.774	-12.1667	37.7509	87.6134	-12.1667	41.4316	89.7384	-12.1667	45.1122	91.8634	-12.1667	42.9316	87.1404	-12.1667	48.7928	93.9884	-12.1667	50.2928	91.3904	-12.1667	44.3622	93.1625	-12.1667	46.2025	94.225	-12.1667	48.0428	95.2875	-12.1667	46.9525	92.9259	-12.1667	49.8831	96.35	-12.1667	51.7234	97.4125	-12.1667	50.6331	95.0509	-12.1667	52.4734	96.1134	-12.1667	49.5428	92.6894	-12.1667	51.3831	93.7519	-12.1667	53.2234	94.8144	-12.1667	52.1331	92.4529	-12.1667	53.9734	93.5154	-12.1667	53.5637	98.475	-12.1667	55.404	99.5375	-12.1667	54.3137	97.1759	-12.1667	56.154	98.2384	-12.1667	56.4943	101.899	-12.1667	57.2443	100.6	-12.1667	59.0846	101.662	-12.1667	57.9943	99.3009	-12.1667	59.8346	100.363	-12.1667	55.0637	95.8769	-12.1667	56.904	96.9394	-12.1667	55.8137	94.5779	-12.1667	57.654	95.6404	-12.1667	58.7443	98.0019	-12.1667	60.5846	99.0644	-12.1667	59.4943	96.7029	-12.1667	61.3346	97.7654	-12.1667	62.0152	105.087	-12.1667	63.5152	102.488	-12.1667	67.1958	104.613	-12.1667	65.0152	99.8904	-12.1667	61.6749	101.426	-12.1667	62.4249	100.127	-12.1667	64.2652	101.189	-12.1667	63.1749	98.8279	-12.1667	48.1122	86.6673	-12.1667	51.7928	88.7923	-12.1667	53.2928	86.1942	-12.1667	55.4734	90.9173	-12.1667	51.0428	90.0913	-12.1667	52.8831	91.1538	-12.1667	54.7234	92.2163	-12.1667	53.6331	89.8548	-12.1667	56.5637	93.2788	-12.1667	58.404	94.3413	-12.1667	57.3137	91.9798	-12.1667	59.154	93.0423	-12.1667	60.2443	95.4038	-12.1667	62.0846	96.4663	-12.1667	60.9943	94.1048	-12.1667	62.8346	95.1673	-12.1667	56.2234	89.6183	-12.1667	58.0637	90.6808	-12.1667	59.904	91.7433	-12.1667	58.8137	89.3817	-12.1667	60.654	90.4442	-12.1667	61.7443	92.8058	-12.1667	63.5846	93.8683	-12.1667	62.4943	91.5067	-12.1667	64.3346	92.5692	-12.1667	63.9249	97.5288	-12.1667	65.7652	98.5913	-12.1667	64.6749	96.2298	-12.1667	66.5152	97.2923	-12.1667	66.8555	100.953	-12.1667	67.6055	99.6538	-12.1667	69.4458	100.716	-12.1667	68.3555	98.3548	-12.1667	70.1958	99.4173	-12.1667	65.4249	94.9308	-12.1667	67.2652	95.9933	-12.1667	66.1749	93.6317	-12.1667	68.0152	94.6942	-12.1667	69.1055	97.0558	-12.1667	70.9458	98.1183	-12.1667	69.8555	95.7567	-12.1667	71.6958	96.8192	-12.1667	72.3764	104.14	-12.1667	73.8764	101.542	-12.1667	77.557	103.667	-12.1667	75.3764	98.9442	-12.1667	72.0361	100.48	-12.1667	72.7861	99.1808	-12.1667	74.6264	100.243	-12.1667	73.5361	97.8817	-12.1667	58.4734	85.7211	-12.1667	62.154	87.8461	-12.1667	63.654	85.2481	-12.1667	65.8346	89.9711	-12.1667	67.3346	87.3731	-12.1667	61.404	89.1452	-12.1667	63.2443	90.2077	-12.1667	65.0846	91.2702	-12.1667	63.9943	88.9086	-12.1667	66.9249	92.3327	-12.1667	68.7652	93.3952	-12.1667	67.6749	91.0336	-12.1667	69.5152	92.0961	-12.1667	70.6055	94.4577	-12.1667	72.4458	95.5202	-12.1667	71.3555	93.1586	-12.1667	73.1958	94.2211	-12.1667	66.5846	88.6721	-12.1667	68.4249	89.7346	-12.1667	70.2652	90.7971	-12.1667	69.1749	88.4356	-12.1667	71.0152	89.4981	-12.1667	72.1055	91.8596	-12.1667	73.9458	92.9221	-12.1667	72.8555	90.5606	-12.1667	74.6958	91.6231	-12.1667	74.2861	96.5827	-12.1667	76.1264	97.6452	-12.1667	75.0361	95.2836	-12.1667	76.8764	96.3461	-12.1667	77.2167	100.007	-12.1667	77.9667	98.7077	-12.1667	79.807	99.7702	-12.1667	78.7167	97.4086	-12.1667	80.557	98.4711	-12.1667	75.7861	93.9846	-12.1667	77.6264	95.0471	-12.1667	76.5361	92.6856	-12.1667	78.3764	93.7481	-12.1667	79.4667	96.1096	-12.1667	81.307	97.1721	-12.1667	80.2167	94.8106	-12.1667	82.057	95.8731	-12.1667	82.7376	103.194	-12.1667	84.2376	100.596	-12.1667	87.9182	102.721	-12.1667	85.7376	97.9981	-12.1667	82.3973	99.5336	-12.1667	83.1473	98.2346	-12.1667	84.9876	99.2971	-12.1667	83.8973	96.9356	-12.1667	61.4734	80.525	-12.1667	65.154	82.65	-12.1667	68.8346	84.775	-12.1667	66.654	80.0519	-12.1667	72.5152	86.9	-12.1667	74.0152	84.3019	-12.1667	68.0846	86.074	-12.1667	69.9249	87.1365	-12.1667	71.7652	88.199	-12.1667	70.6749	85.8375	-12.1667	73.6055	89.2615	-12.1667	75.4458	90.324	-12.1667	74.3555	87.9625	-12.1667	76.1958	89.025	-12.1667	73.2652	85.601	-12.1667	75.1055	86.6635	-12.1667	76.9458	87.726	-12.1667	75.8555	85.3644	-12.1667	77.6958	86.4269	-12.1667	77.2861	91.3865	-12.1667	79.1264	92.449	-12.1667	78.0361	90.0875	-12.1667	79.8764	91.15	-12.1667	80.9667	93.5115	-12.1667	82.807	94.574	-12.1667	81.7167	92.2125	-12.1667	83.557	93.275	-12.1667	78.7861	88.7885	-12.1667	80.6264	89.851	-12.1667	79.5361	87.4894	-12.1667	81.3764	88.5519	-12.1667	82.4667	90.9135	-12.1667	84.307	91.976	-12.1667	83.2167	89.6144	-12.1667	85.057	90.6769	-12.1667	84.6473	95.6365	-12.1667	86.4876	96.699	-12.1667	85.3973	94.3375	-12.1667	87.2376	95.4	-12.1667	87.5779	99.0606	-12.1667	88.3279	97.7615	-12.1667	90.1682	98.824	-12.1667	89.0779	96.4625	-12.1667	90.9182	97.525	-12.1667	86.1473	93.0385	-12.1667	87.9876	94.101	-12.1667	86.8973	91.7394	-12.1667	88.7376	92.8019	-12.1667	89.8279	95.1635	-12.1667	91.6682	96.226	-12.1667	90.5779	93.8644	-12.1667	92.4182	94.9269	-12.1667	93.0988	102.248	-12.1667	94.5988	99.65	-12.1667	98.2795	101.775	-12.1667	96.0988	97.0519	-12.1667	92.7585	98.5875	-12.1667	93.5085	97.2885	-12.1667	95.3488	98.351	-12.1667	94.2585	95.9894	-12.1667	71.8346	79.5788	-12.1667	75.5152	81.7038	-12.1667	79.1958	83.8288	-12.1667	77.0152	79.1058	-12.1667	82.8764	85.9538	-12.1667	84.3764	83.3558	-12.1667	78.4458	85.1279	-12.1667	80.2861	86.1904	-12.1667	82.1264	87.2529	-12.1667	81.0361	84.8913	-12.1667	83.9667	88.3154	-12.1667	85.807	89.3779	-12.1667	84.7167	87.0163	-12.1667	86.557	88.0788	-12.1667	83.6264	84.6548	-12.1667	85.4667	85.7173	-12.1667	87.307	86.7798	-12.1667	86.2167	84.4183	-12.1667	88.057	85.4808	-12.1667	87.6473	90.4404	-12.1667	89.4876	91.5029	-12.1667	88.3973	89.1413	-12.1667	90.2376	90.2038	-12.1667	91.3279	92.5654	-12.1667	93.1682	93.6279	-12.1667	92.0779	91.2663	-12.1667	93.9182	92.3288	-12.1667	89.1473	87.8423	-12.1667	90.9876	88.9048	-12.1667	89.8973	86.5433	-12.1667	91.7376	87.6058	-12.1667	92.8279	89.9673	-12.1667	94.6682	91.0298	-12.1667	93.5779	88.6683	-12.1667	95.4182	89.7308	-12.1667	95.0085	94.6904	-12.1667	96.8488	95.7529	-12.1667	95.7585	93.3913	-12.1667	97.5988	94.4538	-12.1667	97.9392	98.1144	-12.1667	98.6892	96.8154	-12.1667	100.529	97.8779	-12.1667	99.4392	95.5163	-12.1667	101.279	96.5788	-12.1667	96.5085	92.0923	-12.1667	98.3488	93.1548	-12.1667	97.2585	90.7933	-12.1667	99.0988	91.8558	-12.1667	100.189	94.2173	-12.1667	102.029	95.2798	-12.1667	100.939	92.9183	-12.1667	102.779	93.9808	-12.1667	103.46	101.302	-12.1667	104.96	98.7038	-12.1667	108.641	100.829	-12.1667	106.46	96.1058	-12.1667	82.1958	78.6327	-12.1667	85.8764	80.7577	-12.1667	89.557	82.8827	-12.1667	87.3764	78.1596	-12.1667	88.807	84.1817	-12.1667	90.6473	85.2442	-12.1667	92.4876	86.3067	-12.1667	91.3973	83.9452	-12.1667	93.2376	85.0077	-12.1667	94.3279	87.3692	-12.1667	96.1682	88.4317	-12.1667	95.0779	86.0702	-12.1667	96.9182	87.1327	-12.1667	90.307	81.5836	-12.1667	92.1473	82.6461	-12.1667	93.9876	83.7086	-12.1667	92.8973	81.3471	-12.1667	94.7376	82.4096	-12.1667	95.8279	84.7711	-12.1667	97.6682	85.8336	-12.1667	96.5779	83.4721	-12.1667	98.4182	84.5346	-12.1667	98.0085	89.4942	-12.1667	99.8488	90.5567	-12.1667	98.7585	88.1952	-12.1667	100.599	89.2577	-12.1667	101.689	91.6192	-12.1667	103.529	92.6817	-12.1667	102.439	90.3202	-12.1667	104.279	91.3827	-12.1667	99.5085	86.8961	-12.1667	101.349	87.9586	-12.1667	100.259	85.5971	-12.1667	102.099	86.6596	-12.1667	103.189	89.0211	-12.1667	105.029	90.0836	-12.1667	103.939	87.7221	-12.1667	105.779	88.7846	-12.1667	107.96	93.5077	-12.1667	111.641	95.6327	-12.1667	109.46	90.9096	-12.1667	104.62	95.0433	-12.1667	105.37	93.7442	-12.1667	107.21	94.8067	-12.1667	106.12	92.4452	-12.1667	106.87	91.1461	-12.1667	108.71	92.2086	-12.1667	107.62	89.8471	-12.1667	92.557	77.6865	-12.1667	96.2376	79.8115	-12.1667	97.7376	77.2135	-12.1667	99.9182	81.9365	-12.1667	95.4876	81.1106	-12.1667	97.3279	82.1731	-12.1667	99.1682	83.2356	-12.1667	98.0779	80.874	-12.1667	101.009	84.2981	-12.1667	102.849	85.3606	-12.1667	101.759	82.999	-12.1667	103.599	84.0615	-12.1667	104.689	86.4231	-12.1667	106.529	87.4856	-12.1667	105.439	85.124	-12.1667	107.279	86.1865	-12.1667	100.668	80.6375	-12.1667	102.509	81.7	-12.1667	104.349	82.7625	-12.1667	103.259	80.401	-12.1667	105.099	81.4635	-12.1667	106.189	83.825	-12.1667	108.029	84.8875	-12.1667	106.939	82.526	-12.1667	108.779	83.5885	-12.1667	108.37	88.5481	-12.1667	110.21	89.6106	-12.1667	109.12	87.249	-12.1667	110.96	88.3115	-12.1667	111.3	91.9721	-12.1667	112.05	90.6731	-12.1667	113.891	91.7356	-12.1667	112.8	89.374	-12.1667	114.641	90.4365	-12.1667	109.87	85.95	-12.1667	111.71	87.0125	-12.1667	110.62	84.651	-12.1667	112.46	85.7135	-12.1667	113.55	88.075	-12.1667	115.391	89.1375	-12.1667	114.3	86.776	-12.1667	116.141	87.8385	-12.1667	116.821	95.1596	-12.1667	118.321	92.5615	-12.1667	122.002	94.6865	-12.1667	119.821	89.9635	-12.1667	102.918	76.7404	-12.1667	106.599	78.8654	-12.1667	108.099	76.2673	-12.1667	105.849	80.1644	-12.1667	107.689	81.2269	-12.1667	109.529	82.2894	-12.1667	108.439	79.9279	-12.1667	110.279	80.9904	-12.1667	107.349	77.5663	-12.1667	109.189	78.6288	-12.1667	111.029	79.6913	-12.1667	109.939	77.3298	-12.1667	111.779	78.3923	-12.1667	111.37	83.3519	-12.1667	113.21	84.4144	-12.1667	112.12	82.0529	-12.1667	113.96	83.1154	-12.1667	115.05	85.4769	-12.1667	116.891	86.5394	-12.1667	115.8	84.1779	-12.1667	117.641	85.2404	-12.1667	112.87	80.7538	-12.1667	114.71	81.8163	-12.1667	113.62	79.4548	-12.1667	115.46	80.5173	-12.1667	116.55	82.8788	-12.1667	118.391	83.9413	-12.1667	117.3	81.5798	-12.1667	119.141	82.6423	-12.1667	121.321	87.3654	-12.1667	125.002	89.4904	-12.1667	122.821	84.7673	-12.1667	119.481	86.3029	-12.1667	120.231	85.0038	-12.1667	122.071	86.0663	-12.1667	120.981	83.7048	-12.1667	105.918	71.5442	-12.1667	109.599	73.6692	-12.1667	113.279	75.7942	-12.1667	111.099	71.0712	-12.1667	116.96	77.9192	-12.1667	118.46	75.3212	-12.1667	112.529	77.0933	-12.1667	114.37	78.1558	-12.1667	116.21	79.2183	-12.1667	115.12	76.8567	-12.1667	118.05	80.2808	-12.1667	119.891	81.3433	-12.1667	118.8	78.9817	-12.1667	120.641	80.0442	-12.1667	117.71	76.6202	-12.1667	119.55	77.6827	-12.1667	121.391	78.7452	-12.1667	120.3	76.3837	-12.1667	122.141	77.4462	-12.1667	124.321	82.1692	-12.1667	128.002	84.2942	-12.1667	121.731	82.4058	-12.1667	123.571	83.4683	-12.1667	122.481	81.1067	-12.1667	123.231	79.8077	-12.1667	125.071	80.8702	-12.1667	123.981	78.5087	-12.1667	125.821	79.5712	-12.1667	126.162	83.2317	-12.1667	126.912	81.9327	-12.1667	128.752	82.9952	-12.1667	127.662	80.6337	-12.1667	129.502	81.6962	-12.1667	130.182	89.0173	-12.1667	131.682	86.4192	-12.1667	135.363	88.5442	-12.1667	133.182	83.8212	-12.1667	116.279	70.5981	-12.1667	119.96	72.7231	-12.1667	123.641	74.8481	-12.1667	121.46	70.125	-12.1667	125.141	72.25	-12.1667	127.321	76.9731	-12.1667	128.821	74.375	-12.1667	122.891	76.1471	-12.1667	124.731	77.2096	-12.1667	126.571	78.2721	-12.1667	125.481	75.9106	-12.1667	128.412	79.3346	-12.1667	130.252	80.3971	-12.1667	129.162	78.0356	-12.1667	131.002	79.0981	-12.1667	128.071	75.674	-12.1667	129.912	76.7365	-12.1667	131.752	77.799	-12.1667	130.662	75.4375	-12.1667	132.502	76.5	-12.1667	134.682	81.2231	-12.1667	138.363	83.3481	-12.1667	136.182	78.625	-12.1667	132.842	80.1606	-12.1667	133.592	78.8615	-12.1667	135.432	79.924	-12.1667	134.342	77.5625	-12.1667	-9.69392	101.79	-15	-7.51331	106.513	-15	-6.01331	103.915	-15	-3.8327	108.638	-15	-2.3327	106.04	-15	-4.51331	101.317	-15	-5.26331	102.616	-15	-4.17301	104.978	-15	-3.42301	103.679	-15	-1.5827	104.741	-15	-2.67301	102.38	-15	-0.832703	103.442	-15	-0.152095	110.763	-15	1.3479	108.165	-15	5.02851	110.29	-15	2.8479	105.567	-15	-0.492399	107.103	-15	0.257601	105.804	-15	2.0979	106.866	-15	1.0076	104.505	-15	-6.69392	96.5942	-15	-3.01331	98.7192	-15	0.667296	100.844	-15	-1.51331	96.1211	-15	4.3479	102.969	-15	5.8479	100.371	-15	-0.0827035	102.143	-15	1.7576	103.206	-15	3.5979	104.268	-15	2.5076	101.907	-15	4.68821	106.63	-15	5.43821	105.331	-15	7.27851	106.393	-15	6.18821	104.032	-15	8.02851	105.094	-15	5.0979	101.67	-15	6.93821	102.733	-15	8.77851	103.795	-15	7.68821	101.434	-15	9.52851	102.496	-15	10.2091	109.817	-15	11.7091	107.219	-15	15.3897	109.344	-15	13.2091	104.621	-15	9.86882	106.157	-15	10.6188	104.858	-15	12.4591	105.92	-15	11.3688	103.559	-15	3.6673	95.6481	-15	7.3479	97.7731	-15	11.0285	99.8981	-15	8.8479	95.175	-15	10.2785	101.197	-15	12.1188	102.26	-15	13.9591	103.322	-15	12.8688	100.961	-15	14.7091	102.023	-15	15.0494	105.684	-15	15.7994	104.385	-15	17.6397	105.447	-15	16.5494	103.086	-15	18.3897	104.148	-15	11.7785	98.599	-15	13.6188	99.6615	-15	15.4591	100.724	-15	14.3688	98.3625	-15	16.2091	99.425	-15	17.2994	101.787	-15	19.1397	102.849	-15	18.0494	100.487	-15	19.8897	101.55	-15	20.5703	108.871	-15	22.0703	106.273	-15	25.7509	108.398	-15	23.5703	103.675	-15	20.23	105.211	-15	20.98	103.912	-15	22.8203	104.974	-15	21.73	102.612	-15	14.0285	94.7019	-15	17.7091	96.8269	-15	19.2091	94.2288	-15	21.3897	98.9519	-15	16.9591	98.1259	-15	18.7994	99.1884	-15	20.6397	100.251	-15	19.5494	97.8894	-15	22.48	101.313	-15	24.3203	102.376	-15	23.23	100.014	-15	25.0703	101.077	-15	25.4106	104.737	-15	26.1606	103.438	-15	28.0009	104.501	-15	26.9106	102.139	-15	28.7509	103.202	-15	22.1397	97.6529	-15	23.98	98.7154	-15	25.8203	99.7779	-15	24.73	97.4163	-15	26.5703	98.4788	-15	27.6606	100.84	-15	29.5009	101.903	-15	28.4106	99.5413	-15	30.2509	100.604	-15	30.9316	107.925	-15	32.4316	105.327	-15	36.1122	107.452	-15	33.9316	102.729	-15	30.5912	104.264	-15	31.3412	102.965	-15	33.1816	104.028	-15	32.0912	101.666	-15	24.3897	93.7558	-15	28.0703	95.8808	-15	29.5703	93.2827	-15	27.3203	97.1798	-15	29.1606	98.2423	-15	31.0009	99.3048	-15	29.9106	96.9433	-15	31.7509	98.0058	-15	28.8203	94.5817	-15	30.6606	95.6442	-15	32.5009	96.7067	-15	31.4106	94.3452	-15	33.2509	95.4077	-15	32.8412	100.367	-15	34.6816	101.43	-15	33.5912	99.0683	-15	35.4316	100.131	-15	35.7719	103.791	-15	36.5219	102.492	-15	38.3622	103.555	-15	37.2719	101.193	-15	39.1122	102.256	-15	34.3412	97.7692	-15	36.1816	98.8317	-15	35.0912	96.4702	-15	36.9316	97.5327	-15	38.0219	99.8942	-15	39.8622	100.957	-15	38.7719	98.5952	-15	40.6122	99.6577	-15	41.2928	106.979	-15	42.7928	104.381	-15	46.4734	106.506	-15	44.2928	101.783	-15	40.9525	103.318	-15	41.7025	102.019	-15	43.5428	103.082	-15	42.4525	100.72	-15	27.3897	88.5596	-15	31.0703	90.6846	-15	34.7509	92.8096	-15	32.5703	88.0865	-15	38.4316	94.9346	-15	39.9316	92.3365	-15	34.0009	94.1086	-15	35.8412	95.1711	-15	37.6816	96.2336	-15	36.5912	93.8721	-15	39.5219	97.2961	-15	41.3622	98.3586	-15	40.2719	95.9971	-15	42.1122	97.0596	-15	39.1816	93.6356	-15	41.0219	94.6981	-15	42.8622	95.7606	-15	41.7719	93.399	-15	43.6122	94.4615	-15	43.2025	99.4211	-15	45.0428	100.484	-15	43.9525	98.1221	-15	45.7928	99.1846	-15	46.1331	102.845	-15	46.8831	101.546	-15	48.7234	102.609	-15	47.6331	100.247	-15	49.4734	101.31	-15	44.7025	96.8231	-15	46.5428	97.8856	-15	45.4525	95.524	-15	47.2928	96.5865	-15	48.3831	98.9481	-15	50.2234	100.011	-15	49.1331	97.649	-15	50.9734	98.7115	-15	51.654	106.033	-15	53.154	103.435	-15	56.8346	105.56	-15	54.654	100.837	-15	51.3137	102.372	-15	52.0637	101.073	-15	53.904	102.136	-15	52.8137	99.774	-15	37.7509	87.6134	-15	41.4316	89.7384	-15	45.1122	91.8634	-15	42.9316	87.1404	-15	48.7928	93.9884	-15	50.2928	91.3904	-15	44.3622	93.1625	-15	46.2025	94.225	-15	48.0428	95.2875	-15	46.9525	92.9259	-15	49.8831	96.35	-15	51.7234	97.4125	-15	50.6331	95.0509	-15	52.4734	96.1134	-15	49.5428	92.6894	-15	51.3831	93.7519	-15	53.2234	94.8144	-15	52.1331	92.4529	-15	53.9734	93.5154	-15	53.5637	98.475	-15	55.404	99.5375	-15	54.3137	97.1759	-15	56.154	98.2384	-15	56.4943	101.899	-15	57.2443	100.6	-15	59.0846	101.662	-15	57.9943	99.3009	-15	59.8346	100.363	-15	55.0637	95.8769	-15	56.904	96.9394	-15	55.8137	94.5779	-15	57.654	95.6404	-15	58.7443	98.0019	-15	60.5846	99.0644	-15	59.4943	96.7029	-15	61.3346	97.7654	-15	62.0152	105.087	-15	63.5152	102.488	-15	67.1958	104.613	-15	65.0152	99.8904	-15	61.6749	101.426	-15	62.4249	100.127	-15	64.2652	101.189	-15	63.1749	98.8279	-15	48.1122	86.6673	-15	51.7928	88.7923	-15	53.2928	86.1942	-15	55.4734	90.9173	-15	51.0428	90.0913	-15	52.8831	91.1538	-15	54.7234	92.2163	-15	53.6331	89.8548	-15	56.5637	93.2788	-15	58.404	94.3413	-15	57.3137	91.9798	-15	59.154	93.0423	-15	60.2443	95.4038	-15	62.0846	96.4663	-15	60.9943	94.1048	-15	62.8346	95.1673	-15	56.2234	89.6183	-15	58.0637	90.6808	-15	59.904	91.7433	-15	58.8137	89.3817	-15	60.654	90.4442	-15	61.7443	92.8058	-15	63.5846	93.8683	-15	62.4943	91.5067	-15	64.3346	92.5692	-15	63.9249	97.5288	-15	65.7652	98.5913	-15	64.6749	96.2298	-15	66.5152	97.2923	-15	66.8555	100.953	-15	67.6055	99.6538	-15	69.4458	100.716	-15	68.3555	98.3548	-15	70.1958	99.4173	-15	65.4249	94.9308	-15	67.2652	95.9933	-15	66.1749	93.6317	-15	68.0152	94.6942	-15	69.1055	97.0558	-15	70.9458	98.1183	-15	69.8555	95.7567	-15	71.6958	96.8192	-15	72.3764	104.14	-15	73.8764	101.542	-15	77.557	103.667	-15	75.3764	98.9442	-15	72.0361	100.48	-15	72.7861	99.1808	-15	74.6264	100.243	-15	73.5361	97.8817	-15	58.4734	85.7211	-15	62.154	87.8461	-15	63.654	85.2481	-15	65.8346	89.9711	-15	67.3346	87.3731	-15	61.404	89.1452	-15	63.2443	90.2077	-15	65.0846	91.2702	-15	63.9943	88.9086	-15	66.9249	92.3327	-15	68.7652	93.3952	-15	67.6749	91.0336	-15	69.5152	92.0961	-15	70.6055	94.4577	-15	72.4458	95.5202	-15	71.3555	93.1586	-15	73.1958	94.2211	-15	66.5846	88.6721	-15	68.4249	89.7346	-15	70.2652	90.7971	-15	69.1749	88.4356	-15	71.0152	89.4981	-15	72.1055	91.8596	-15	73.9458	92.9221	-15	72.8555	90.5606	-15	74.6958	91.6231	-15	74.2861	96.5827	-15	76.1264	97.6452	-15	75.0361	95.2836	-15	76.8764	96.3461	-15	77.2167	100.007	-15	77.9667	98.7077	-15	79.807	99.7702	-15	78.7167	97.4086	-15	80.557	98.4711	-15	75.7861	93.9846	-15	77.6264	95.0471	-15	76.5361	92.6856	-15	78.3764	93.7481	-15	79.4667	96.1096	-15	81.307	97.1721	-15	80.2167	94.8106	-15	82.057	95.8731	-15	82.7376	103.194	-15	84.2376	100.596	-15	87.9182	102.721	-15	85.7376	97.9981	-15	82.3973	99.5336	-15	83.1473	98.2346	-15	84.9876	99.2971	-15	83.8973	96.9356	-15	61.4734	80.525	-15	65.154	82.65	-15	68.8346	84.775	-15	66.654	80.0519	-15	72.5152	86.9	-15	74.0152	84.3019	-15	68.0846	86.074	-15	69.9249	87.1365	-15	71.7652	88.199	-15	70.6749	85.8375	-15	73.6055	89.2615	-15	75.4458	90.324	-15	74.3555	87.9625	-15	76.1958	89.025	-15	73.2652	85.601	-15	75.1055	86.6635	-15	76.9458	87.726	-15	75.8555	85.3644	-15	77.6958	86.4269	-15	77.2861	91.3865	-15	79.1264	92.449	-15	78.0361	90.0875	-15	79.8764	91.15	-15	80.9667	93.5115	-15	82.807	94.574	-15	81.7167	92.2125	-15	83.557	93.275	-15	78.7861	88.7885	-15	80.6264	89.851	-15	79.5361	87.4894	-15	81.3764	88.5519	-15	82.4667	90.9135	-15	84.307	91.976	-15	83.2167	89.6144	-15	85.057	90.6769	-15	84.6473	95.6365	-15	86.4876	96.699	-15	85.3973	94.3375	-15	87.2376	95.4	-15	87.5779	99.0606	-15	88.3279	97.7615	-15	90.1682	98.824	-15	89.0779	96.4625	-15	90.9182	97.525	-15	86.1473	93.0385	-15	87.9876	94.101	-15	86.8973	91.7394	-15	88.7376	92.8019	-15	89.8279	95.1635	-15	91.6682	96.226	-15	90.5779	93.8644	-15	92.4182	94.9269	-15	93.0988	102.248	-15	94.5988	99.65	-15	98.2795	101.775	-15	96.0988	97.0519	-15	92.7585	98.5875	-15	93.5085	97.2885	-15	95.3488	98.351	-15	94.2585	95.9894	-15	71.8346	79.5788	-15	75.5152	81.7038	-15	79.1958	83.8288	-15	77.0152	79.1058	-15	82.8764	85.9538	-15	84.3764	83.3558	-15	78.4458	85.1279	-15	80.2861	86.1904	-15	82.1264	87.2529	-15	81.0361	84.8913	-15	83.9667	88.3154	-15	85.807	89.3779	-15	84.7167	87.0163	-15	86.557	88.0788	-15	83.6264	84.6548	-15	85.4667	85.7173	-15	87.307	86.7798	-15	86.2167	84.4183	-15	88.057	85.4808	-15	87.6473	90.4404	-15	89.4876	91.5029	-15	88.3973	89.1413	-15	90.2376	90.2038	-15	91.3279	92.5654	-15	93.1682	93.6279	-15	92.0779	91.2663	-15	93.9182	92.3288	-15	89.1473	87.8423	-15	90.9876	88.9048	-15	89.8973	86.5433	-15	91.7376	87.6058	-15	92.8279	89.9673	-15	94.6682	91.0298	-15	93.5779	88.6683	-15	95.4182	89.7308	-15	95.0085	94.6904	-15	96.8488	95.7529	-15	95.7585	93.3913	-15	97.5988	94.4538	-15	97.9392	98.1144	-15	98.6892	96.8154	-15	100.529	97.8779	-15	99.4392	95.5163	-15	101.279	96.5788	-15	96.5085	92.0923	-15	98.3488	93.1548	-15	97.2585	90.7933	-15	99.0988	91.8558	-15	100.189	94.2173	-15	102.029	95.2798	-15	100.939	92.9183	-15	102.779	93.9808	-15	103.46	101.302	-15	104.96	98.7038	-15	108.641	100.829	-15	106.46	96.1058	-15	82.1958	78.6327	-15	85.8764	80.7577	-15	89.557	82.8827	-15	87.3764	78.1596	-15	88.807	84.1817	-15	90.6473	85.2442	-15	92.4876	86.3067	-15	91.3973	83.9452	-15	93.2376	85.0077	-15	94.3279	87.3692	-15	96.1682	88.4317	-15	95.0779	86.0702	-15	96.9182	87.1327	-15	90.307	81.5836	-15	92.1473	82.6461	-15	93.9876	83.7086	-15	92.8973	81.3471	-15	94.7376	82.4096	-15	95.8279	84.7711	-15	97.6682	85.8336	-15	96.5779	83.4721	-15	98.4182	84.5346	-15	98.0085	89.4942	-15	99.8488	90.5567	-15	98.7585	88.1952	-15	100.599	89.2577	-15	101.689	91.6192	-15	103.529	92.6817	-15	102.439	90.3202	-15	104.279	91.3827	-15	99.5085	86.8961	-15	101.349	87.9586	-15	100.259	85.5971	-15	102.099	86.6596	-15	103.189	89.0211	-15	105.029	90.0836	-15	103.939	87.7221	-15	105.779	88.7846	-15	107.96	93.5077	-15	111.641	95.6327	-15	109.46	90.9096	-15	104.62	95.0433	-15	105.37	93.7442	-15	107.21	94.8067	-15	106.12	92.4452	-15	106.87	91.1461	-15	108.71	92.2086	-15	107.62	89.8471	-15	92.557	77.6865	-15	96.2376	79.8115	-15	97.7376	77.2135	-15	99.9182	81.9365	-15	95.4876	81.1106	-15	97.3279	82.1731	-15	99.1682	83.2356	-15	98.0779	80.874	-15	101.009	84.2981	-15	102.849	85.3606	-15	101.759	82.999	-15	103.599	84.0615	-15	104.689	86.4231	-15	106.529	87.4856	-15	105.439	85.124	-15	107.279	86.1865	-15	100.668	80.6375	-15	102.509	81.7	-15	104.349	82.7625	-15	103.259	80.401	-15	105.099	81.4635	-15	106.189	83.825	-15	108.029	84.8875	-15	106.939	82.526	-15	108.779	83.5885	-15	108.37	88.5481	-15	110.21	89.6106	-15	109.12	87.249	-15	110.96	88.3115	-15	111.3	91.9721	-15	112.05	90.6731	-15	113.891	91.7356	-15	112.8	89.374	-15	114.641	90.4365	-15	109.87	85.95	-15	111.71	87.0125	-15	110.62	84.651	-15	112.46	85.7135	-15	113.55	88.075	-15	115.391	89.1375	-15	114.3	86.776	-15	116.141	87.8385	-15	116.821	95.1596	-15	118.321	92.5615	-15	122.002	94.6865	-15	119.821	89.9635	-15	102.918	76.7404	-15	106.599	78.8654	-15	108.099	76.2673	-15	105.849	80.1644	-15	107.689	81.2269	-15	109.529	82.2894	-15	108.439	79.9279	-15	110.279	80.9904	-15	107.349	77.5663	-15	109.189	78.6288	-15	111.029	79.6913	-15	109.939	77.3298	-15	111.779	78.3923	-15	111.37	83.3519	-15	113.21	84.4144	-15	112.12	82.0529	-15	113.96	83.1154	-15	115.05	85.4769	-15	116.891	86.5394	-15	115.8	84.1779	-15	117.641	85.2404	-15	112.87	80.7538	-15	114.71	81.8163	-15	113.62	79.4548	-15	115.46	80.5173	-15	116.55	82.8788	-15	118.391	83.9413	-15	117.3	81.5798	-15	119.141	82.6423	-15	121.321	87.3654	-15	125.002	89.4904	-15	122.821	84.7673	-15	119.481	86.3029	-15	120.231	85.0038	-15	122.071	86.0663	-15	120.981	83.7048	-15	105.918	71.5442	-15	109.599	73.6692	-15	113.279	75.7942	-15	111.099	71.0712	-15	116.96	77.9192	-15	118.46	75.3212	-15	112.529	77.0933	-15	114.37	78.1558	-15	116.21	79.2183	-15	115.12	76.8567	-15	118.05	80.2808	-15	119.891	81.3433	-15	118.8	78.9817	-15	120.641	80.0442	-15	117.71	76.6202	-15	119.55	77.6827	-15	121.391	78.7452	-15	120.3	76.3837	-15	122.141	77.4462	-15	124.321	82.1692	-15	128.002	84.2942	-15	121.731	82.4058	-15	123.571	83.4683	-15	122.481	81.1067	-15	123.231	79.8077	-15	125.071	80.8702	-15	123.981	78.5087	-15	125.821	79.5712	-15	126.162	83.2317	-15	126.912	81.9327	-15	128.752	82.9952	-15	127.662	80.6337	-15	129.502	81.6962	-15	130.182	89.0173	-15	131.682	86.4192	-15	135.363	88.5442	-15	133.182	83.8212	-15	116.279	70.5981	-15	119.96	72.7231	-15	123.641	74.8481	-15	121.46	70.125	-15	125.141	72.25	-15	127.321	76.9731	-15	128.821	74.375	-15	122.891	76.1471	-15	124.731	77.2096	-15	126.571	78.2721	-15	125.481	75.9106	-15	128.412	79.3346	-15	130.252	80.3971	-15	129.162	78.0356	-15	131.002	79.0981	-15	128.071	75.674	-15	129.912	76.7365	-15	131.752	77.799	-15	130.662	75.4375	-15	132.502	76.5	-15	134.682	81.2231	-15	138.363	83.3481	-15	136.182	78.625	-15	132.842	80.1606	-15	133.592	78.8615	-15	135.432	79.924	-15	134.342	77.5625	-15	
</DataArray>
</Points>
<Cells>
<DataArray type="Int32" Name="connectivity" format="ascii">
0	1	2	3	4	5	6	7
2	3	8	9	6	7	10	11
8	9	12	13	10	11	14	15
12	13	16	17	14	15	18	19
16	17	20	21	18	19	22	23
20	1965	1966	1967	22	1968	1969	1970
1966	1967	1971	1972	1969	1970	1973	1974
1967	1977	1978	1979	1970	1980	1981	1982
1978	1979	1972	1983	1981	1982	1974	1984
1979	1985	1983	1987	1982	1986	1984	1988
1977	1975	1979	1985	1980	1976	1982	1986
1965	21	1967	1975	1968	23	1970	1976
1971	1972	1989	1990	1973	1974	1991	1992
1989	1990	24	1993	1991	1992	28	1994
1990	1995	1993	25	1992	1996	1994	29
1972	1983	1997	1998	1974	1984	1999	2000
1997	1998	1990	2001	1999	2000	1992	2002
1998	2003	2001	1995	2000	2004	2002	1996
1983	1987	1998	2003	1984	1988	2000	2004
24	25	26	27	28	29	30	31
26	27	32	33	30	31	34	35
32	33	36	37	34	35	38	39
36	37	40	41	38	39	42	43
40	41	44	45	42	43	46	47
44	45	48	49	46	47	50	51
48	49	52	53	50	51	54	55
52	53	56	57	54	55	58	59
56	57	60	61	58	59	62	63
60	61	64	65	62	63	66	67
64	65	68	69	66	67	70	71
68	69	72	73	70	71	74	75
72	73	76	77	74	75	78	79
76	77	80	81	78	79	82	83
80	81	84	85	82	83	86	87
84	85	88	89	86	87	90	91
88	89	92	93	90	91	94	95
1	96	3	97	5	98	7	99
3	97	9	100	7	99	11	101
9	100	13	102	11	101	15	103
13	102	17	104	15	103	19	105
17	104	21	106	19	105	23	107
21	2005	1975	2006	23	2007	1976	2008
1975	2006	1987	2009	1976	2008	1988	2010
2006	2011	2009	154	2008	2012	2010	156
2005	106	2006	2011	2007	107	2008	2012
1987	2017	2003	2018	1988	2019	2004	2020
2003	2018	1995	2021	2004	2020	1996	2022
2018	2023	2021	2013	2020	2024	2022	2015
2017	2009	2018	2023	2019	2010	2020	2024
1995	2021	2025	2026	1996	2022	2027	2028
2025	2026	25	2029	2027	2028	29	2030
2026	2031	2029	2033	2028	2032	2030	2034
2021	2013	2026	2031	2022	2015	2028	2032
2013	2035	2031	2036	2015	2037	2032	2038
2031	2036	2033	2039	2032	2038	2034	2040
2036	2041	2039	2043	2038	2042	2040	2044
2035	2014	2036	2041	2037	2016	2038	2042
2009	154	2013	2014	2010	156	2015	2016
25	2033	2045	2046	29	2034	2047	2048
2045	2046	27	2049	2047	2048	31	2050
2046	2051	2049	108	2048	2052	2050	110
2033	2039	2053	2054	2034	2040	2055	2056
2053	2054	2046	2057	2055	2056	2048	2058
2054	2059	2057	2051	2056	2060	2058	2052
2039	2043	2054	2059	2040	2044	2056	2060
27	108	33	109	31	110	35	111
33	109	37	112	35	111	39	113
37	112	41	114	39	113	43	115
41	114	45	116	43	115	47	117
45	116	49	118	47	117	51	119
49	118	53	120	51	119	55	121
53	120	57	122	55	121	59	123
57	122	61	124	59	123	63	125
61	124	65	126	63	125	67	127
65	126	69	128	67	127	71	129
69	128	73	130	71	129	75	131
73	130	77	132	75	131	79	133
77	132	81	134	79	133	83	135
81	134	85	136	83	135	87	137
85	136	89	138	87	137	91	139
89	138	93	140	91	139	95	141
96	142	97	143	98	144	99	145
97	143	100	146	99	145	101	147
100	146	102	148	101	147	103	149
102	148	104	150	103	149	105	151
104	150	106	152	105	151	107	153
106	152	154	155	107	153	156	157
154	2061	2014	2062	156	2063	2016	2064
2014	2062	2043	2065	2016	2064	2044	2066
2062	2067	2065	204	2064	2068	2066	206
2061	155	2062	2067	2063	157	2064	2068
2043	2069	2059	2070	2044	2071	2060	2072
2059	2070	2051	2073	2060	2072	2052	2074
2070	2075	2073	2077	2072	2076	2074	2078
2069	2065	2070	2075	2071	2066	2072	2076
2051	2073	2079	2080	2052	2074	2081	2082
2079	2080	108	2083	2081	2082	110	2084
2080	2085	2083	2087	2082	2086	2084	2088
2073	2077	2080	2085	2074	2078	2082	2086
2077	2093	2085	2099	2078	2094	2086	2100
2085	2099	2087	2101	2086	2100	2088	2102
2099	2103	2101	2105	2100	2104	2102	2106
2093	2097	2099	2103	2094	2098	2100	2104
2065	2089	2075	2090	2066	2091	2076	2092
2075	2090	2077	2093	2076	2092	2078	2094
2090	2095	2093	2097	2092	2096	2094	2098
2089	204	2090	2095	2091	206	2092	2096
108	2087	2107	2108	110	2088	2109	2110
2107	2108	109	2111	2109	2110	111	2112
2108	2113	2111	158	2110	2114	2112	160
2087	2101	2115	2116	2088	2102	2117	2118
2115	2116	2108	2119	2117	2118	2110	2120
2116	2121	2119	2113	2118	2122	2120	2114
2101	2105	2116	2121	2102	2106	2118	2122
109	158	112	159	111	160	113	161
112	159	114	162	113	161	115	163
114	162	116	164	115	163	117	165
116	164	118	166	117	165	119	167
118	166	120	168	119	167	121	169
120	168	122	170	121	169	123	171
122	170	124	172	123	171	125	173
124	172	126	174	125	173	127	175
126	174	128	176	127	175	129	177
128	176	130	178	129	177	131	179
130	178	132	180	131	179	133	181
132	180	134	182	133	181	135	183
134	182	136	184	135	183	137	185
136	184	138	186	137	185	139	187
138	186	140	188	139	187	141	189
142	190	143	191	144	192	145	193
143	191	146	194	145	193	147	195
146	194	148	196	147	195	149	197
148	196	150	198	149	197	151	199
150	198	152	200	151	199	153	201
152	200	155	202	153	201	157	203
155	202	204	205	157	203	206	207
204	2123	2097	2124	206	2125	2098	2126
2097	2131	2103	2132	2098	2133	2104	2134
2103	2132	2105	2135	2104	2134	2106	2136
2132	2137	2135	2129	2134	2138	2136	2130
2131	2124	2132	2137	2133	2126	2134	2138
2124	2127	2129	254	2126	2128	2130	256
2123	205	2124	2127	2125	207	2126	2128
2105	2135	2121	2139	2106	2136	2122	2140
2121	2139	2113	2141	2122	2140	2114	2142
2139	2143	2141	2145	2140	2144	2142	2146
2135	2129	2139	2143	2136	2130	2140	2144
2113	2141	2147	2148	2114	2142	2149	2150
2147	2148	158	2151	2149	2150	160	2152
2148	2153	2151	2155	2150	2154	2152	2156
2141	2145	2148	2153	2142	2146	2150	2154
2145	2161	2153	2167	2146	2162	2154	2168
2153	2167	2155	2169	2154	2168	2156	2170
2167	2171	2169	2173	2168	2172	2170	2174
2161	2165	2167	2171	2162	2166	2168	2172
2129	2157	2143	2158	2130	2159	2144	2160
2143	2158	2145	2161	2144	2160	2146	2162
2158	2163	2161	2165	2160	2164	2162	2166
2157	254	2158	2163	2159	256	2160	2164
158	2155	2175	2176	160	2156	2177	2178
2175	2176	159	2179	2177	2178	161	2180
2176	2181	2179	208	2178	2182	2180	210
2155	2169	2183	2184	2156	2170	2185	2186
2183	2184	2176	2187	2185	2186	2178	2188
2184	2189	2187	2181	2186	2190	2188	2182
2169	2173	2184	2189	2170	2174	2186	2190
159	208	162	209	161	210	163	211
162	209	164	212	163	211	165	213
164	212	166	214	165	213	167	215
166	214	168	216	167	215	169	217
168	216	170	218	169	217	171	219
170	218	172	220	171	219	173	221
172	220	174	222	173	221	175	223
174	222	176	224	175	223	177	225
176	224	178	226	177	225	179	227
178	226	180	228	179	227	181	229
180	228	182	230	181	229	183	231
182	230	184	232	183	231	185	233
184	232	186	234	185	233	187	235
186	234	188	236	187	235	189	237
190	238	191	239	192	240	193	241
191	239	194	242	193	241	195	243
194	242	196	244	195	243	197	245
196	244	198	246	197	245	199	247
198	246	200	248	199	247	201	249
200	248	202	250	201	249	203	251
202	250	205	252	203	251	207	253
205	252	254	255	207	253	256	257
254	2191	2165	2192	256	2193	2166	2194
2165	2197	2171	2198	2166	2199	2172	2200
2171	2198	2173	2201	2172	2200	2174	2202
2198	2203	2201	2205	2200	2204	2202	2206
2197	2192	2198	2203	2199	2194	2200	2204
2192	2207	2203	2208	2194	2209	2204	2210
2203	2208	2205	2211	2204	2210	2206	2212
2208	2213	2211	2215	2210	2214	2212	2216
2207	2195	2208	2213	2209	2196	2210	2214
2191	255	2192	2195	2193	257	2194	2196
2173	2201	2189	2217	2174	2202	2190	2218
2189	2217	2181	2219	2190	2218	2182	2220
2217	2221	2219	2223	2218	2222	2220	2224
2201	2205	2217	2221	2202	2206	2218	2222
2181	2219	2225	2226	2182	2220	2227	2228
2225	2226	208	2229	2227	2228	210	2230
2226	2231	2229	2233	2228	2232	2230	2234
2219	2223	2226	2231	2220	2224	2228	2232
2223	2237	2231	2243	2224	2238	2232	2244
2231	2243	2233	2245	2232	2244	2234	2246
2243	2247	2245	2249	2244	2248	2246	2250
2237	2241	2243	2247	2238	2242	2244	2248
2205	2211	2221	2235	2206	2212	2222	2236
2221	2235	2223	2237	2222	2236	2224	2238
2235	2239	2237	2241	2236	2240	2238	2242
2211	2215	2235	2239	2212	2216	2236	2240
208	2233	2251	2252	210	2234	2253	2254
2251	2252	209	2255	2253	2254	211	2256
2252	2257	2255	258	2254	2258	2256	260
2233	2245	2259	2260	2234	2246	2261	2262
2259	2260	2252	2263	2261	2262	2254	2264
2260	2265	2263	2257	2262	2266	2264	2258
2245	2249	2260	2265	2246	2250	2262	2266
209	258	212	259	211	260	213	261
212	259	214	262	213	261	215	263
214	262	216	264	215	263	217	265
216	264	218	266	217	265	219	267
218	266	220	268	219	267	221	269
220	268	222	270	221	269	223	271
222	270	224	272	223	271	225	273
224	272	226	274	225	273	227	275
226	274	228	276	227	275	229	277
228	276	230	278	229	277	231	279
230	278	232	280	231	279	233	281
232	280	234	282	233	281	235	283
234	282	236	284	235	283	237	285
238	286	239	287	240	288	241	289
239	287	242	290	241	289	243	291
242	290	244	292	243	291	245	293
244	292	246	294	245	293	247	295
246	294	248	296	247	295	249	297
248	296	250	298	249	297	251	299
250	298	252	300	251	299	253	301
252	300	255	302	253	301	257	303
255	2267	2195	2268	257	2269	2196	2270
2195	2268	2215	2271	2196	2270	2216	2272
2268	2273	2271	348	2270	2274	2272	350
2267	302	2268	2273	2269	303	2270	2274
2215	2279	2239	2280	2216	2281	2240	2282
2239	2280	2241	2283	2240	2282	2242	2284
2280	2285	2283	2275	2282	2286	2284	2277
2279	2271	2280	2285	2281	2272	2282	2286
2241	2283	2247	2287	2242	2284	2248	2288
2247	2287	2249	2289	2248	2288	2250	2290
2287	2291	2289	2293	2288	2292	2290	2294
2283	2275	2287	2291	2284	2277	2288	2292
2275	2295	2291	2296	2277	2297	2292	2298
2291	2296	2293	2299	2292	2298	2294	2300
2296	2301	2299	2303	2298	2302	2300	2304
2295	2276	2296	2301	2297	2278	2298	2302
2271	348	2275	2276	2272	350	2277	2278
2249	2289	2265	2305	2250	2290	2266	2306
2265	2305	2257	2307	2266	2306	2258	2308
2305	2309	2307	2311	2306	2310	2308	2312
2289	2293	2305	2309	2290	2294	2306	2310
2257	2307	2313	2314	2258	2308	2315	2316
2313	2314	258	2317	2315	2316	260	2318
2314	2319	2317	2321	2316	2320	2318	2322
2307	2311	2314	2319	2308	2312	2316	2320
2311	2325	2319	2331	2312	2326	2320	2332
2319	2331	2321	2333	2320	2332	2322	2334
2331	2335	2333	2337	2332	2336	2334	2338
2325	2329	2331	2335	2326	2330	2332	2336
2293	2299	2309	2323	2294	2300	2310	2324
2309	2323	2311	2325	2310	2324	2312	2326
2323	2327	2325	2329	2324	2328	2326	2330
2299	2303	2323	2327	2300	2304	2324	2328
258	2321	2339	2340	260	2322	2341	2342
2339	2340	259	2343	2341	2342	261	2344
2340	2345	2343	304	2342	2346	2344	306
2321	2333	2347	2348	2322	2334	2349	2350
2347	2348	2340	2351	2349	2350	2342	2352
2348	2353	2351	2345	2350	2354	2352	2346
2333	2337	2348	2353	2334	2338	2350	2354
259	304	262	305	261	306	263	307
262	305	264	308	263	307	265	309
264	308	266	310	265	309	267	311
266	310	268	312	267	311	269	313
268	312	270	314	269	313	271	315
270	314	272	316	271	315	273	317
272	316	274	318	273	317	275	319
274	318	276	320	275	319	277	321
276	320	278	322	277	321	279	323
278	322	280	324	279	323	281	325
280	324	282	326	281	325	283	327
282	326	284	328	283	327	285	329
286	330	287	331	288	332	289	333
287	331	290	334	289	333	291	335
290	334	292	336	291	335	293	337
292	336	294	338	293	337	295	339
294	338	296	340	295	339	297	341
296	340	298	342	297	341	299	343
298	342	300	344	299	343	301	345
300	344	302	346	301	345	303	347
302	346	348	349	303	347	350	351
348	2355	2276	2356	350	2357	2278	2358
2276	2356	2303	2359	2278	2358	2304	2360
2356	2361	2359	396	2358	2362	2360	398
2355	349	2356	2361	2357	351	2358	2362
2303	2367	2327	2368	2304	2369	2328	2370
2327	2368	2329	2371	2328	2370	2330	2372
2368	2373	2371	2363	2370	2374	2372	2365
2367	2359	2368	2373	2369	2360	2370	2374
2329	2371	2335	2375	2330	2372	2336	2376
2335	2375	2337	2377	2336	2376	2338	2378
2375	2379	2377	2381	2376	2380	2378	2382
2371	2363	2375	2379	2372	2365	2376	2380
2363	2383	2379	2384	2365	2385	2380	2386
2379	2384	2381	2387	2380	2386	2382	2388
2384	2389	2387	2391	2386	2390	2388	2392
2383	2364	2384	2389	2385	2366	2386	2390
2359	396	2363	2364	2360	398	2365	2366
2337	2377	2353	2393	2338	2378	2354	2394
2353	2393	2345	2395	2354	2394	2346	2396
2393	2397	2395	2399	2394	2398	2396	2400
2377	2381	2393	2397	2378	2382	2394	2398
2345	2395	2401	2402	2346	2396	2403	2404
2401	2402	304	2405	2403	2404	306	2406
2402	2407	2405	2409	2404	2408	2406	2410
2395	2399	2402	2407	2396	2400	2404	2408
2399	2413	2407	2419	2400	2414	2408	2420
2407	2419	2409	2421	2408	2420	2410	2422
2419	2423	2421	2425	2420	2424	2422	2426
2413	2417	2419	2423	2414	2418	2420	2424
2381	2387	2397	2411	2382	2388	2398	2412
2397	2411	2399	2413	2398	2412	2400	2414
2411	2415	2413	2417	2412	2416	2414	2418
2387	2391	2411	2415	2388	2392	2412	2416
304	2409	2427	2428	306	2410	2429	2430
2427	2428	305	2431	2429	2430	307	2432
2428	2433	2431	352	2430	2434	2432	354
2409	2421	2435	2436	2410	2422	2437	2438
2435	2436	2428	2439	2437	2438	2430	2440
2436	2441	2439	2433	2438	2442	2440	2434
2421	2425	2436	2441	2422	2426	2438	2442
305	352	308	353	307	354	309	355
308	353	310	356	309	355	311	357
310	356	312	358	311	357	313	359
312	358	314	360	313	359	315	361
314	360	316	362	315	361	317	363
316	362	318	364	317	363	319	365
318	364	320	366	319	365	321	367
320	366	322	368	321	367	323	369
322	368	324	370	323	369	325	371
324	370	326	372	325	371	327	373
326	372	328	374	327	373	329	375
330	376	331	377	332	378	333	379
331	377	334	380	333	379	335	381
334	380	336	382	335	381	337	383
336	382	338	384	337	383	339	385
338	384	340	386	339	385	341	387
340	386	342	388	341	387	343	389
342	388	344	390	343	389	345	391
344	390	346	392	345	391	347	393
346	392	349	394	347	393	351	395
349	394	396	397	351	395	398	399
396	2443	2364	2444	398	2445	2366	2446
2364	2451	2389	2452	2366	2453	2390	2454
2389	2452	2391	2455	2390	2454	2392	2456
2452	2457	2455	2449	2454	2458	2456	2450
2451	2444	2452	2457	2453	2446	2454	2458
2444	2447	2449	444	2446	2448	2450	446
2443	397	2444	2447	2445	399	2446	2448
2391	2455	2415	2459	2392	2456	2416	2460
2415	2459	2417	2461	2416	2460	2418	2462
2459	2463	2461	2465	2460	2464	2462	2466
2455	2449	2459	2463	2456	2450	2460	2464
2417	2461	2423	2467	2418	2462	2424	2468
2423	2467	2425	2469	2424	2468	2426	2470
2467	2471	2469	2473	2468	2472	2470	2474
2461	2465	2467	2471	2462	2466	2468	2472
2465	2479	2471	2485	2466	2480	2472	2486
2471	2485	2473	2487	2472	2486	2474	2488
2485	2489	2487	2491	2486	2490	2488	2492
2479	2483	2485	2489	2480	2484	2486	2490
2449	2475	2463	2476	2450	2477	2464	2478
2463	2476	2465	2479	2464	2478	2466	2480
2476	2481	2479	2483	2478	2482	2480	2484
2475	444	2476	2481	2477	446	2478	2482
2425	2469	2441	2493	2426	2470	2442	2494
2441	2493	2433	2495	2442	2494	2434	2496
2493	2497	2495	2499	2494	2498	2496	2500
2469	2473	2493	2497	2470	2474	2494	2498
2433	2495	2501	2502	2434	2496	2503	2504
2501	2502	352	2505	2503	2504	354	2506
2502	2507	2505	2509	2504	2508	2506	2510
2495	2499	2502	2507	2496	2500	2504	2508
2499	2513	2507	2519	2500	2514	2508	2520
2507	2519	2509	2521	2508	2520	2510	2522
2519	2523	2521	2525	2520	2524	2522	2526
2513	2517	2519	2523	2514	2518	2520	2524
2473	2487	2497	2511	2474	2488	2498	2512
2497	2511	2499	2513	2498	2512	2500	2514
2511	2515	2513	2517	2512	2516	2514	2518
2487	2491	2511	2515	2488	2492	2512	2516
352	2509	2527	2528	354	2510	2529	2530
2527	2528	353	2531	2529	2530	355	2532
2528	2533	2531	400	2530	2534	2532	402
2509	2521	2535	2536	2510	2522	2537	2538
2535	2536	2528	2539	2537	2538	2530	2540
2536	2541	2539	2533	2538	2542	2540	2534
2521	2525	2536	2541	2522	2526	2538	2542
353	400	356	401	355	402	357	403
356	401	358	404	357	403	359	405
358	404	360	406	359	405	361	407
360	406	362	408	361	407	363	409
362	408	364	410	363	409	365	411
364	410	366	412	365	411	367	413
366	412	368	414	367	413	369	415
368	414	370	416	369	415	371	417
370	416	372	418	371	417	373	419
372	418	374	420	373	419	375	421
376	422	377	423	378	424	379	425
377	423	380	426	379	425	381	427
380	426	382	428	381	427	383	429
382	428	384	430	383	429	385	431
384	430	386	432	385	431	387	433
386	432	388	434	387	433	389	435
388	434	390	436	389	435	391	437
390	436	392	438	391	437	393	439
392	438	394	440	393	439	395	441
394	440	397	442	395	441	399	443
397	442	444	445	399	443	446	447
444	2543	2483	2544	446	2545	2484	2546
2483	2553	2489	2554	2484	2555	2490	2556
2489	2554	2491	2557	2490	2556	2492	2558
2554	2559	2557	2549	2556	2560	2558	2551
2553	2544	2554	2559	2555	2546	2556	2560
2544	2547	2549	2550	2546	2548	2551	2552
2543	445	2544	2547	2545	447	2546	2548
2491	2557	2515	2561	2492	2558	2516	2562
2515	2561	2517	2563	2516	2562	2518	2564
2561	2565	2563	2567	2562	2566	2564	2568
2557	2549	2561	2565	2558	2551	2562	2566
2517	2563	2523	2569	2518	2564	2524	2570
2523	2569	2525	2571	2524	2570	2526	2572
2569	2573	2571	2575	2570	2574	2572	2576
2563	2567	2569	2573	2564	2568	2570	2574
2567	2581	2573	2587	2568	2582	2574	2588
2573	2587	2575	2589	2574	2588	2576	2590
2587	2591	2589	2593	2588	2592	2590	2594
2581	2585	2587	2591	2582	2586	2588	2592
2549	2577	2565	2578	2551	2579	2566	2580
2565	2578	2567	2581	2566	2580	2568	2582
2578	2583	2581	2585	2580	2584	2582	2586
2577	2550	2578	2583	2579	2552	2580	2584
2525	2571	2541	2595	2526	2572	2542	2596
2541	2595	2533	2597	2542	2596	2534	2598
2595	2599	2597	2601	2596	2600	2598	2602
2571	2575	2595	2599	2572	2576	2596	2600
2533	2597	2603	2604	2534	2598	2605	2606
2603	2604	400	2607	2605	2606	402	2608
2604	2609	2607	2611	2606	2610	2608	2612
2597	2601	2604	2609	2598	2602	2606	2610
2601	2615	2609	2621	2602	2616	2610	2622
2609	2621	2611	2623	2610	2622	2612	2624
2621	2625	2623	2627	2622	2626	2624	2628
2615	2619	2621	2625	2616	2620	2622	2626
2575	2589	2599	2613	2576	2590	2600	2614
2599	2613	2601	2615	2600	2614	2602	2616
2613	2617	2615	2619	2614	2618	2616	2620
2589	2593	2613	2617	2590	2594	2614	2618
400	2611	2629	2630	402	2612	2631	2632
2629	2630	401	2633	2631	2632	403	2634
2630	2635	2633	448	2632	2636	2634	450
2611	2623	2637	2638	2612	2624	2639	2640
2637	2638	2630	2641	2639	2640	2632	2642
2638	2643	2641	2635	2640	2644	2642	2636
2623	2627	2638	2643	2624	2628	2640	2644
401	448	404	449	403	450	405	451
404	449	406	452	405	451	407	453
406	452	408	454	407	453	409	455
408	454	410	456	409	455	411	457
410	456	412	458	411	457	413	459
412	458	414	460	413	459	415	461
414	460	416	462	415	461	417	463
416	462	418	464	417	463	419	465
418	464	420	466	419	465	421	467
422	468	423	469	424	470	425	471
423	469	426	472	425	471	427	473
426	472	428	474	427	473	429	475
428	474	430	476	429	475	431	477
430	476	432	478	431	477	433	479
432	478	434	480	433	479	435	481
434	480	436	482	435	481	437	483
436	482	438	484	437	483	439	485
438	484	440	486	439	485	441	487
440	486	442	488	441	487	443	489
442	488	445	490	443	489	447	491
445	2645	2547	2646	447	2647	2548	2648
2547	2646	2550	2649	2548	2648	2552	2650
2646	2651	2649	534	2648	2652	2650	536
2645	490	2646	2651	2647	491	2648	2652
2550	2657	2583	2658	2552	2659	2584	2660
2583	2658	2585	2661	2584	2660	2586	2662
2658	2663	2661	2653	2660	2664	2662	2655
2657	2649	2658	2663	2659	2650	2660	2664
2585	2661	2591	2665	2586	2662	2592	2666
2591	2665	2593	2667	2592	2666	2594	2668
2665	2669	2667	2671	2666	2670	2668	2672
2661	2653	2665	2669	2662	2655	2666	2670
2653	2673	2669	2674	2655	2675	2670	2676
2669	2674	2671	2677	2670	2676	2672	2678
2674	2679	2677	2681	2676	2680	2678	2682
2673	2654	2674	2679	2675	2656	2676	2680
2649	534	2653	2654	2650	536	2655	2656
2593	2667	2617	2683	2594	2668	2618	2684
2617	2683	2619	2685	2618	2684	2620	2686
2683	2687	2685	2689	2684	2688	2686	2690
2667	2671	2683	2687	2668	2672	2684	2688
2619	2685	2625	2691	2620	2686	2626	2692
2625	2691	2627	2693	2626	2692	2628	2694
2691	2695	2693	2697	2692	2696	2694	2698
2685	2689	2691	2695	2686	2690	2692	2696
2689	2701	2695	2707	2690	2702	2696	2708
2695	2707	2697	2709	2696	2708	2698	2710
2707	2711	2709	2713	2708	2712	2710	2714
2701	2705	2707	2711	2702	2706	2708	2712
2671	2677	2687	2699	2672	2678	2688	2700
2687	2699	2689	2701	2688	2700	2690	2702
2699	2703	2701	2705	2700	2704	2702	2706
2677	2681	2699	2703	2678	2682	2700	2704
2627	2693	2643	2715	2628	2694	2644	2716
2643	2715	2635	2717	2644	2716	2636	2718
2715	2719	2717	2721	2716	2720	2718	2722
2693	2697	2715	2719	2694	2698	2716	2720
2635	2717	2723	2724	2636	2718	2725	2726
2723	2724	448	2727	2725	2726	450	2728
2724	2729	2727	2731	2726	2730	2728	2732
2717	2721	2724	2729	2718	2722	2726	2730
2721	2735	2729	2741	2722	2736	2730	2742
2729	2741	2731	2743	2730	2742	2732	2744
2741	2745	2743	2747	2742	2746	2744	2748
2735	2739	2741	2745	2736	2740	2742	2746
2697	2709	2719	2733	2698	2710	2720	2734
2719	2733	2721	2735	2720	2734	2722	2736
2733	2737	2735	2739	2734	2738	2736	2740
2709	2713	2733	2737	2710	2714	2734	2738
448	2731	2749	2750	450	2732	2751	2752
2749	2750	449	2753	2751	2752	451	2754
2750	2755	2753	492	2752	2756	2754	494
2731	2743	2757	2758	2732	2744	2759	2760
2757	2758	2750	2761	2759	2760	2752	2762
2758	2763	2761	2755	2760	2764	2762	2756
2743	2747	2758	2763	2744	2748	2760	2764
449	492	452	493	451	494	453	495
452	493	454	496	453	495	455	497
454	496	456	498	455	497	457	499
456	498	458	500	457	499	459	501
458	500	460	502	459	501	461	503
460	502	462	504	461	503	463	505
462	504	464	506	463	505	465	507
464	506	466	508	465	507	467	509
468	510	469	511	470	512	471	513
469	511	472	514	471	513	473	515
472	514	474	516	473	515	475	517
474	516	476	518	475	517	477	519
476	518	478	520	477	519	479	521
478	520	480	522	479	521	481	523
480	522	482	524	481	523	483	525
482	524	484	526	483	525	485	527
484	526	486	528	485	527	487	529
486	528	488	530	487	529	489	531
488	530	490	532	489	531	491	533
490	532	534	535	491	533	536	537
534	2765	2654	2766	536	2767	2656	2768
2654	2766	2681	2769	2656	2768	2682	2770
2766	2771	2769	580	2768	2772	2770	582
2765	535	2766	2771	2767	537	2768	2772
2681	2777	2703	2778	2682	2779	2704	2780
2703	2778	2705	2781	2704	2780	2706	2782
2778	2783	2781	2773	2780	2784	2782	2775
2777	2769	2778	2783	2779	2770	2780	2784
2705	2781	2711	2785	2706	2782	2712	2786
2711	2785	2713	2787	2712	2786	2714	2788
2785	2789	2787	2791	2786	2790	2788	2792
2781	2773	2785	2789	2782	2775	2786	2790
2773	2793	2789	2794	2775	2795	2790	2796
2789	2794	2791	2797	2790	2796	2792	2798
2794	2799	2797	2801	2796	2800	2798	2802
2793	2774	2794	2799	2795	2776	2796	2800
2769	580	2773	2774	2770	582	2775	2776
2713	2787	2737	2803	2714	2788	2738	2804
2737	2803	2739	2805	2738	2804	2740	2806
2803	2807	2805	2809	2804	2808	2806	2810
2787	2791	2803	2807	2788	2792	2804	2808
2739	2805	2745	2811	2740	2806	2746	2812
2745	2811	2747	2813	2746	2812	2748	2814
2811	2815	2813	2817	2812	2816	2814	2818
2805	2809	2811	2815	2806	2810	2812	2816
2809	2821	2815	2827	2810	2822	2816	2828
2815	2827	2817	2829	2816	2828	2818	2830
2827	2831	2829	2833	2828	2832	2830	2834
2821	2825	2827	2831	2822	2826	2828	2832
2791	2797	2807	2819	2792	2798	2808	2820
2807	2819	2809	2821	2808	2820	2810	2822
2819	2823	2821	2825	2820	2824	2822	2826
2797	2801	2819	2823	2798	2802	2820	2824
2747	2813	2763	2835	2748	2814	2764	2836
2763	2835	2755	2837	2764	2836	2756	2838
2835	2839	2837	2841	2836	2840	2838	2842
2813	2817	2835	2839	2814	2818	2836	2840
2755	2837	2843	2844	2756	2838	2845	2846
2843	2844	492	2847	2845	2846	494	2848
2844	2849	2847	2851	2846	2850	2848	2852
2837	2841	2844	2849	2838	2842	2846	2850
2841	2855	2849	2861	2842	2856	2850	2862
2849	2861	2851	2863	2850	2862	2852	2864
2861	2865	2863	2867	2862	2866	2864	2868
2855	2859	2861	2865	2856	2860	2862	2866
2817	2829	2839	2853	2818	2830	2840	2854
2839	2853	2841	2855	2840	2854	2842	2856
2853	2857	2855	2859	2854	2858	2856	2860
2829	2833	2853	2857	2830	2834	2854	2858
492	2851	2869	2870	494	2852	2871	2872
2869	2870	493	2873	2871	2872	495	2874
2870	2875	2873	538	2872	2876	2874	540
2851	2867	2870	2875	2852	2868	2872	2876
493	538	496	539	495	540	497	541
496	539	498	542	497	541	499	543
498	542	500	544	499	543	501	545
500	544	502	546	501	545	503	547
502	546	504	548	503	547	505	549
504	548	506	550	505	549	507	551
506	550	508	552	507	551	509	553
510	554	511	555	512	556	513	557
511	555	514	558	513	557	515	559
514	558	516	560	515	559	517	561
516	560	518	562	517	561	519	563
518	562	520	564	519	563	521	565
520	564	522	566	521	565	523	567
522	566	524	568	523	567	525	569
524	568	526	570	525	569	527	571
526	570	528	572	527	571	529	573
528	572	530	574	529	573	531	575
530	574	532	576	531	575	533	577
532	576	535	578	533	577	537	579
535	578	580	581	537	579	582	583
580	2877	2774	2878	582	2879	2776	2880
2774	2878	2801	2881	2776	2880	2802	2882
2878	2883	2881	628	2880	2884	2882	630
2877	581	2878	2883	2879	583	2880	2884
2801	2885	2823	2886	2802	2887	2824	2888
2823	2886	2825	2889	2824	2888	2826	2890
2886	2891	2889	2893	2888	2892	2890	2894
2885	2881	2886	2891	2887	2882	2888	2892
2825	2889	2831	2895	2826	2890	2832	2896
2831	2895	2833	2897	2832	2896	2834	2898
2895	2899	2897	2901	2896	2900	2898	2902
2889	2893	2895	2899	2890	2894	2896	2900
2893	2907	2899	2913	2894	2908	2900	2914
2899	2913	2901	2915	2900	2914	2902	2916
2913	2917	2915	2919	2914	2918	2916	2920
2907	2911	2913	2917	2908	2912	2914	2918
2881	2903	2891	2904	2882	2905	2892	2906
2891	2904	2893	2907	2892	2906	2894	2908
2904	2909	2907	2911	2906	2910	2908	2912
2903	628	2904	2909	2905	630	2906	2910
2833	2897	2857	2921	2834	2898	2858	2922
2857	2921	2859	2923	2858	2922	2860	2924
2921	2925	2923	2927	2922	2926	2924	2928
2897	2901	2921	2925	2898	2902	2922	2926
2859	2923	2865	2929	2860	2924	2866	2930
2865	2929	2867	2931	2866	2930	2868	2932
2929	2933	2931	2935	2930	2934	2932	2936
2923	2927	2929	2933	2924	2928	2930	2934
2927	2939	2933	2945	2928	2940	2934	2946
2933	2945	2935	2947	2934	2946	2936	2948
2945	2949	2947	2951	2946	2950	2948	2952
2939	2943	2945	2949	2940	2944	2946	2950
2901	2915	2925	2937	2902	2916	2926	2938
2925	2937	2927	2939	2926	2938	2928	2940
2937	2941	2939	2943	2938	2942	2940	2944
2915	2919	2937	2941	2916	2920	2938	2942
2867	2931	2959	2960	2868	2932	2961	2962
2959	2960	2875	2963	2961	2962	2876	2964
2960	2965	2963	2953	2962	2966	2964	2955
2931	2935	2960	2965	2932	2936	2962	2966
2875	2953	538	2954	2876	2955	540	2956
2953	2957	2954	584	2955	2958	2956	586
2935	2947	2965	2967	2936	2948	2966	2968
2965	2967	2953	2969	2966	2968	2955	2970
2967	2971	2969	2957	2968	2972	2970	2958
2947	2951	2967	2971	2948	2952	2968	2972
538	584	539	585	540	586	541	587
539	585	542	588	541	587	543	589
542	588	544	590	543	589	545	591
544	590	546	592	545	591	547	593
546	592	548	594	547	593	549	595
548	594	550	596	549	595	551	597
550	596	552	598	551	597	553	599
554	600	555	601	556	602	557	603
555	601	558	604	557	603	559	605
558	604	560	606	559	605	561	607
560	606	562	608	561	607	563	609
562	608	564	610	563	609	565	611
564	610	566	612	565	611	567	613
566	612	568	614	567	613	569	615
568	614	570	616	569	615	571	617
570	616	572	618	571	617	573	619
572	618	574	620	573	619	575	621
574	620	576	622	575	621	577	623
576	622	578	624	577	623	579	625
578	624	581	626	579	625	583	627
581	626	628	629	583	627	630	631
628	2973	2911	2974	630	2975	2912	2976
2911	2981	2917	2982	2912	2983	2918	2984
2917	2982	2919	2985	2918	2984	2920	2986
2982	2987	2985	2979	2984	2988	2986	2980
2981	2974	2982	2987	2983	2976	2984	2988
2974	2977	2979	676	2976	2978	2980	678
2973	629	2974	2977	2975	631	2976	2978
2919	2985	2941	2989	2920	2986	2942	2990
2941	2989	2943	2991	2942	2990	2944	2992
2989	2993	2991	2995	2990	2994	2992	2996
2985	2979	2989	2993	2986	2980	2990	2994
2943	2991	2949	2997	2944	2992	2950	2998
2949	2997	2951	2999	2950	2998	2952	3000
2997	3001	2999	3003	2998	3002	3000	3004
2991	2995	2997	3001	2992	2996	2998	3002
2995	3009	3001	3015	2996	3010	3002	3016
3001	3015	3003	3017	3002	3016	3004	3018
3015	3019	3017	3021	3016	3020	3018	3022
3009	3013	3015	3019	3010	3014	3016	3020
2979	3005	2993	3006	2980	3007	2994	3008
2993	3006	2995	3009	2994	3008	2996	3010
3006	3011	3009	3013	3008	3012	3010	3014
3005	676	3006	3011	3007	678	3008	3012
2951	2999	2971	3023	2952	3000	2972	3024
2971	3023	2957	3025	2972	3024	2958	3026
3023	3027	3025	3029	3024	3028	3026	3030
2999	3003	3023	3027	3000	3004	3024	3028
2957	3025	3031	3032	2958	3026	3033	3034
3031	3032	584	3035	3033	3034	586	3036
3032	3037	3035	3039	3034	3038	3036	3040
3025	3029	3032	3037	3026	3030	3034	3038
3029	3043	3037	3049	3030	3044	3038	3050
3037	3049	3039	3051	3038	3050	3040	3052
3049	3053	3051	3055	3050	3054	3052	3056
3043	3047	3049	3053	3044	3048	3050	3054
3003	3017	3027	3041	3004	3018	3028	3042
3027	3041	3029	3043	3028	3042	3030	3044
3041	3045	3043	3047	3042	3046	3044	3048
3017	3021	3041	3045	3018	3022	3042	3046
584	3039	3057	3058	586	3040	3059	3060
3057	3058	585	3061	3059	3060	587	3062
3058	3063	3061	632	3060	3064	3062	634
3039	3055	3058	3063	3040	3056	3060	3064
585	632	588	633	587	634	589	635
588	633	590	636	589	635	591	637
590	636	592	638	591	637	593	639
592	638	594	640	593	639	595	641
594	640	596	642	595	641	597	643
596	642	598	644	597	643	599	645
600	646	601	647	602	648	603	649
601	647	604	650	603	649	605	651
604	650	606	652	605	651	607	653
606	652	608	654	607	653	609	655
608	654	610	656	609	655	611	657
610	656	612	658	611	657	613	659
612	658	614	660	613	659	615	661
614	660	616	662	615	661	617	663
616	662	618	664	617	663	619	665
618	664	620	666	619	665	621	667
620	666	622	668	621	667	623	669
622	668	624	670	623	669	625	671
624	670	626	672	625	671	627	673
626	672	629	674	627	673	631	675
629	674	676	677	631	675	678	679
676	3065	3013	3066	678	3067	3014	3068
3013	3071	3019	3072	3014	3073	3020	3074
3019	3072	3021	3075	3020	3074	3022	3076
3072	3077	3075	3079	3074	3078	3076	3080
3071	3066	3072	3077	3073	3068	3074	3078
3066	3081	3077	3082	3068	3083	3078	3084
3077	3082	3079	3085	3078	3084	3080	3086
3082	3087	3085	3089	3084	3088	3086	3090
3081	3069	3082	3087	3083	3070	3084	3088
3065	677	3066	3069	3067	679	3068	3070
3021	3075	3045	3091	3022	3076	3046	3092
3045	3091	3047	3093	3046	3092	3048	3094
3091	3095	3093	3097	3092	3096	3094	3098
3075	3079	3091	3095	3076	3080	3092	3096
3047	3093	3053	3099	3048	3094	3054	3100
3053	3099	3055	3101	3054	3100	3056	3102
3099	3103	3101	3105	3100	3104	3102	3106
3093	3097	3099	3103	3094	3098	3100	3104
3097	3109	3103	3115	3098	3110	3104	3116
3103	3115	3105	3117	3104	3116	3106	3118
3115	3119	3117	3121	3116	3120	3118	3122
3109	3113	3115	3119	3110	3114	3116	3120
3079	3085	3095	3107	3080	3086	3096	3108
3095	3107	3097	3109	3096	3108	3098	3110
3107	3111	3109	3113	3108	3112	3110	3114
3085	3089	3107	3111	3086	3090	3108	3112
3055	3105	3063	3123	3056	3106	3064	3124
3063	3123	632	3125	3064	3124	634	3126
3123	3127	3125	680	3124	3128	3126	682
3105	3117	3129	3130	3106	3118	3131	3132
3129	3130	3123	3133	3131	3132	3124	3134
3130	3135	3133	3127	3132	3136	3134	3128
3117	3121	3130	3135	3118	3122	3132	3136
632	680	633	681	634	682	635	683
633	681	636	684	635	683	637	685
636	684	638	686	637	685	639	687
638	686	640	688	639	687	641	689
640	688	642	690	641	689	643	691
642	690	644	692	643	691	645	693
646	694	647	695	648	696	649	697
647	695	650	698	649	697	651	699
650	698	652	700	651	699	653	701
652	700	654	702	653	701	655	703
654	702	656	704	655	703	657	705
656	704	658	706	657	705	659	707
658	706	660	708	659	707	661	709
660	708	662	710	661	709	663	711
662	710	664	712	663	711	665	713
664	712	666	714	665	713	667	715
666	714	668	716	667	715	669	717
668	716	670	718	669	717	671	719
670	718	672	720	671	719	673	721
672	720	674	722	673	721	675	723
674	722	677	724	675	723	679	725
677	3137	3069	3138	679	3139	3070	3140
3069	3138	3089	3141	3070	3140	3090	3142
3138	3143	3141	770	3140	3144	3142	772
3137	724	3138	3143	3139	725	3140	3144
3089	3149	3111	3150	3090	3151	3112	3152
3111	3150	3113	3153	3112	3152	3114	3154
3150	3155	3153	3145	3152	3156	3154	3147
3149	3141	3150	3155	3151	3142	3152	3156
3113	3153	3119	3157	3114	3154	3120	3158
3119	3157	3121	3159	3120	3158	3122	3160
3157	3161	3159	3163	3158	3162	3160	3164
3153	3145	3157	3161	3154	3147	3158	3162
3145	3165	3161	3166	3147	3167	3162	3168
3161	3166	3163	3169	3162	3168	3164	3170
3166	3171	3169	3173	3168	3172	3170	3174
3165	3146	3166	3171	3167	3148	3168	3172
3141	770	3145	3146	3142	772	3147	3148
3121	3159	3135	3179	3122	3160	3136	3180
3135	3179	3127	3181	3136	3180	3128	3182
3179	3183	3181	3175	3180	3184	3182	3177
3159	3163	3179	3183	3160	3164	3180	3184
3127	3175	680	3176	3128	3177	682	3178
3175	3187	3193	3194	3177	3188	3195	3196
3193	3194	3176	3197	3195	3196	3178	3198
3194	3199	3197	3201	3196	3200	3198	3202
3187	3191	3194	3199	3188	3192	3196	3200
3163	3169	3183	3185	3164	3170	3184	3186
3183	3185	3175	3187	3184	3186	3177	3188
3185	3189	3187	3191	3186	3190	3188	3192
3169	3173	3185	3189	3170	3174	3186	3190
680	3176	3203	3204	682	3178	3205	3206
3203	3204	681	3207	3205	3206	683	3208
3204	3209	3207	726	3206	3210	3208	728
3176	3201	3204	3209	3178	3202	3206	3210
681	726	684	727	683	728	685	729
684	727	686	730	685	729	687	731
686	730	688	732	687	731	689	733
688	732	690	734	689	733	691	735
690	734	692	736	691	735	693	737
694	738	695	739	696	740	697	741
695	739	698	742	697	741	699	743
698	742	700	744	699	743	701	745
700	744	702	746	701	745	703	747
702	746	704	748	703	747	705	749
704	748	706	750	705	749	707	751
706	750	708	752	707	751	709	753
708	752	710	754	709	753	711	755
710	754	712	756	711	755	713	757
712	756	714	758	713	757	715	759
714	758	716	760	715	759	717	761
716	760	718	762	717	761	719	763
718	762	720	764	719	763	721	765
720	764	722	766	721	765	723	767
722	766	724	768	723	767	725	769
724	768	770	771	725	769	772	773
770	3211	3146	3212	772	3213	3148	3214
3146	3212	3173	3215	3148	3214	3174	3216
3212	3217	3215	3219	3214	3218	3216	3220
3211	771	3212	3217	3213	773	3214	3218
3173	3225	3189	3226	3174	3227	3190	3228
3189	3226	3191	3229	3190	3228	3192	3230
3226	3231	3229	3221	3228	3232	3230	3223
3225	3215	3226	3231	3227	3216	3228	3232
3191	3229	3199	3233	3192	3230	3200	3234
3199	3233	3201	3235	3200	3234	3202	3236
3233	3237	3235	3239	3234	3238	3236	3240
3229	3221	3233	3237	3230	3223	3234	3238
3221	3241	3237	3242	3223	3243	3238	3244
3237	3242	3239	3245	3238	3244	3240	3246
3242	3247	3245	3249	3244	3248	3246	3250
3241	3222	3242	3247	3243	3224	3244	3248
3215	3219	3221	3222	3216	3220	3223	3224
3201	3239	3209	3251	3202	3240	3210	3252
3209	3251	726	3253	3210	3252	728	3254
3251	3255	3253	774	3252	3256	3254	776
3239	3245	3257	3258	3240	3246	3259	3260
3257	3258	3251	3261	3259	3260	3252	3262
3258	3263	3261	3255	3260	3264	3262	3256
3245	3249	3258	3263	3246	3250	3260	3264
726	774	727	775	728	776	729	777
727	775	730	778	729	777	731	779
730	778	732	780	731	779	733	781
732	780	734	782	733	781	735	783
734	782	736	784	735	783	737	785
4	5	6	7	786	787	788	789
6	7	10	11	788	789	790	791
10	11	14	15	790	791	792	793
14	15	18	19	792	793	794	795
18	19	22	23	794	795	796	797
22	1968	1969	1970	796	3265	3266	3267
1969	1970	1973	1974	3266	3267	3268	3269
1970	1980	1981	1982	3267	3271	3272	3273
1981	1982	1974	1984	3272	3273	3269	3274
1982	1986	1984	1988	3273	3275	3274	3276
1980	1976	1982	1986	3271	3270	3273	3275
1968	23	1970	1976	3265	797	3267	3270
1973	1974	1991	1992	3268	3269	3277	3278
1991	1992	28	1994	3277	3278	798	3279
1992	1996	1994	29	3278	3280	3279	799
1974	1984	1999	2000	3269	3274	3281	3282
1999	2000	1992	2002	3281	3282	3278	3283
2000	2004	2002	1996	3282	3284	3283	3280
1984	1988	2000	2004	3274	3276	3282	3284
28	29	30	31	798	799	800	801
30	31	34	35	800	801	802	803
34	35	38	39	802	803	804	805
38	39	42	43	804	805	806	807
42	43	46	47	806	807	808	809
46	47	50	51	808	809	810	811
50	51	54	55	810	811	812	813
54	55	58	59	812	813	814	815
58	59	62	63	814	815	816	817
62	63	66	67	816	817	818	819
66	67	70	71	818	819	820	821
70	71	74	75	820	821	822	823
74	75	78	79	822	823	824	825
78	79	82	83	824	825	826	827
82	83	86	87	826	827	828	829
86	87	90	91	828	829	830	831
90	91	94	95	830	831	832	833
5	98	7	99	787	834	789	835
7	99	11	101	789	835	791	836
11	101	15	103	791	836	793	837
15	103	19	105	793	837	795	838
19	105	23	107	795	838	797	839
23	2007	1976	2008	797	3285	3270	3286
1976	2008	1988	2010	3270	3286	3276	3287
2008	2012	2010	156	3286	3288	3287	863
2007	107	2008	2012	3285	839	3286	3288
1988	2019	2004	2020	3276	3291	3284	3292
2004	2020	1996	2022	3284	3292	3280	3293
2020	2024	2022	2015	3292	3294	3293	3289
2019	2010	2020	2024	3291	3287	3292	3294
1996	2022	2027	2028	3280	3293	3295	3296
2027	2028	29	2030	3295	3296	799	3297
2028	2032	2030	2034	3296	3298	3297	3299
2022	2015	2028	2032	3293	3289	3296	3298
2015	2037	2032	2038	3289	3300	3298	3301
2032	2038	2034	2040	3298	3301	3299	3302
2038	2042	2040	2044	3301	3303	3302	3304
2037	2016	2038	2042	3300	3290	3301	3303
2010	156	2015	2016	3287	863	3289	3290
29	2034	2047	2048	799	3299	3305	3306
2047	2048	31	2050	3305	3306	801	3307
2048	2052	2050	110	3306	3308	3307	840
2034	2040	2055	2056	3299	3302	3309	3310
2055	2056	2048	2058	3309	3310	3306	3311
2056	2060	2058	2052	3310	3312	3311	3308
2040	2044	2056	2060	3302	3304	3310	3312
31	110	35	111	801	840	803	841
35	111	39	113	803	841	805	842
39	113	43	115	805	842	807	843
43	115	47	117	807	843	809	844
47	117	51	119	809	844	811	845
51	119	55	121	811	845	813	846
55	121	59	123	813	846	815	847
59	123	63	125	815	847	817	848
63	125	67	127	817	848	819	849
67	127	71	129	819	849	821	850
71	129	75	131	821	850	823	851
75	131	79	133	823	851	825	852
79	133	83	135	825	852	827	853
83	135	87	137	827	853	829	854
87	137	91	139	829	854	831	855
91	139	95	141	831	855	833	856
98	144	99	145	834	857	835	858
99	145	101	147	835	858	836	859
101	147	103	149	836	859	837	860
103	149	105	151	837	860	838	861
105	151	107	153	838	861	839	862
107	153	156	157	839	862	863	864
156	2063	2016	2064	863	3313	3290	3314
2016	2064	2044	2066	3290	3314	3304	3315
2064	2068	2066	206	3314	3316	3315	888
2063	157	2064	2068	3313	864	3314	3316
2044	2071	2060	2072	3304	3317	3312	3318
2060	2072	2052	2074	3312	3318	3308	3319
2072	2076	2074	2078	3318	3320	3319	3321
2071	2066	2072	2076	3317	3315	3318	3320
2052	2074	2081	2082	3308	3319	3322	3323
2081	2082	110	2084	3322	3323	840	3324
2082	2086	2084	2088	3323	3325	3324	3326
2074	2078	2082	2086	3319	3321	3323	3325
2078	2094	2086	2100	3321	3329	3325	3332
2086	2100	2088	2102	3325	3332	3326	3333
2100	2104	2102	2106	3332	3334	3333	3335
2094	2098	2100	2104	3329	3331	3332	3334
2066	2091	2076	2092	3315	3327	3320	3328
2076	2092	2078	2094	3320	3328	3321	3329
2092	2096	2094	2098	3328	3330	3329	3331
2091	206	2092	2096	3327	888	3328	3330
110	2088	2109	2110	840	3326	3336	3337
2109	2110	111	2112	3336	3337	841	3338
2110	2114	2112	160	3337	3339	3338	865
2088	2102	2117	2118	3326	3333	3340	3341
2117	2118	2110	2120	3340	3341	3337	3342
2118	2122	2120	2114	3341	3343	3342	3339
2102	2106	2118	2122	3333	3335	3341	3343
111	160	113	161	841	865	842	866
113	161	115	163	842	866	843	867
115	163	117	165	843	867	844	868
117	165	119	167	844	868	845	869
119	167	121	169	845	869	846	870
121	169	123	171	846	870	847	871
123	171	125	173	847	871	848	872
125	173	127	175	848	872	849	873
127	175	129	177	849	873	850	874
129	177	131	179	850	874	851	875
131	179	133	181	851	875	852	876
133	181	135	183	852	876	853	877
135	183	137	185	853	877	854	878
137	185	139	187	854	878	855	879
139	187	141	189	855	879	856	880
144	192	145	193	857	881	858	882
145	193	147	195	858	882	859	883
147	195	149	197	859	883	860	884
149	197	151	199	860	884	861	885
151	199	153	201	861	885	862	886
153	201	157	203	862	886	864	887
157	203	206	207	864	887	888	889
206	2125	2098	2126	888	3344	3331	3345
2098	2133	2104	2134	3331	3348	3334	3349
2104	2134	2106	2136	3334	3349	3335	3350
2134	2138	2136	2130	3349	3351	3350	3347
2133	2126	2134	2138	3348	3345	3349	3351
2126	2128	2130	256	3345	3346	3347	913
2125	207	2126	2128	3344	889	3345	3346
2106	2136	2122	2140	3335	3350	3343	3352
2122	2140	2114	2142	3343	3352	3339	3353
2140	2144	2142	2146	3352	3354	3353	3355
2136	2130	2140	2144	3350	3347	3352	3354
2114	2142	2149	2150	3339	3353	3356	3357
2149	2150	160	2152	3356	3357	865	3358
2150	2154	2152	2156	3357	3359	3358	3360
2142	2146	2150	2154	3353	3355	3357	3359
2146	2162	2154	2168	3355	3363	3359	3366
2154	2168	2156	2170	3359	3366	3360	3367
2168	2172	2170	2174	3366	3368	3367	3369
2162	2166	2168	2172	3363	3365	3366	3368
2130	2159	2144	2160	3347	3361	3354	3362
2144	2160	2146	2162	3354	3362	3355	3363
2160	2164	2162	2166	3362	3364	3363	3365
2159	256	2160	2164	3361	913	3362	3364
160	2156	2177	2178	865	3360	3370	3371
2177	2178	161	2180	3370	3371	866	3372
2178	2182	2180	210	3371	3373	3372	890
2156	2170	2185	2186	3360	3367	3374	3375
2185	2186	2178	2188	3374	3375	3371	3376
2186	2190	2188	2182	3375	3377	3376	3373
2170	2174	2186	2190	3367	3369	3375	3377
161	210	163	211	866	890	867	891
163	211	165	213	867	891	868	892
165	213	167	215	868	892	869	893
167	215	169	217	869	893	870	894
169	217	171	219	870	894	871	895
171	219	173	221	871	895	872	896
173	221	175	223	872	896	873	897
175	223	177	225	873	897	874	898
177	225	179	227	874	898	875	899
179	227	181	229	875	899	876	900
181	229	183	231	876	900	877	901
183	231	185	233	877	901	878	902
185	233	187	235	878	902	879	903
187	235	189	237	879	903	880	904
192	240	193	241	881	905	882	906
193	241	195	243	882	906	883	907
195	243	197	245	883	907	884	908
197	245	199	247	884	908	885	909
199	247	201	249	885	909	886	910
201	249	203	251	886	910	887	911
203	251	207	253	887	911	889	912
207	253	256	257	889	912	913	914
256	2193	2166	2194	913	3378	3365	3379
2166	2199	2172	2200	3365	3381	3368	3382
2172	2200	2174	2202	3368	3382	3369	3383
2200	2204	2202	2206	3382	3384	3383	3385
2199	2194	2200	2204	3381	3379	3382	3384
2194	2209	2204	2210	3379	3386	3384	3387
2204	2210	2206	2212	3384	3387	3385	3388
2210	2214	2212	2216	3387	3389	3388	3390
2209	2196	2210	2214	3386	3380	3387	3389
2193	257	2194	2196	3378	914	3379	3380
2174	2202	2190	2218	3369	3383	3377	3391
2190	2218	2182	2220	3377	3391	3373	3392
2218	2222	2220	2224	3391	3393	3392	3394
2202	2206	2218	2222	3383	3385	3391	3393
2182	2220	2227	2228	3373	3392	3395	3396
2227	2228	210	2230	3395	3396	890	3397
2228	2232	2230	2234	3396	3398	3397	3399
2220	2224	2228	2232	3392	3394	3396	3398
2224	2238	2232	2244	3394	3401	3398	3404
2232	2244	2234	2246	3398	3404	3399	3405
2244	2248	2246	2250	3404	3406	3405	3407
2238	2242	2244	2248	3401	3403	3404	3406
2206	2212	2222	2236	3385	3388	3393	3400
2222	2236	2224	2238	3393	3400	3394	3401
2236	2240	2238	2242	3400	3402	3401	3403
2212	2216	2236	2240	3388	3390	3400	3402
210	2234	2253	2254	890	3399	3408	3409
2253	2254	211	2256	3408	3409	891	3410
2254	2258	2256	260	3409	3411	3410	915
2234	2246	2261	2262	3399	3405	3412	3413
2261	2262	2254	2264	3412	3413	3409	3414
2262	2266	2264	2258	3413	3415	3414	3411
2246	2250	2262	2266	3405	3407	3413	3415
211	260	213	261	891	915	892	916
213	261	215	263	892	916	893	917
215	263	217	265	893	917	894	918
217	265	219	267	894	918	895	919
219	267	221	269	895	919	896	920
221	269	223	271	896	920	897	921
223	271	225	273	897	921	898	922
225	273	227	275	898	922	899	923
227	275	229	277	899	923	900	924
229	277	231	279	900	924	901	925
231	279	233	281	901	925	902	926
233	281	235	283	902	926	903	927
235	283	237	285	903	927	904	928
240	288	241	289	905	929	906	930
241	289	243	291	906	930	907	931
243	291	245	293	907	931	908	932
245	293	247	295	908	932	909	933
247	295	249	297	909	933	910	934
249	297	251	299	910	934	911	935
251	299	253	301	911	935	912	936
253	301	257	303	912	936	914	937
257	2269	2196	2270	914	3416	3380	3417
2196	2270	2216	2272	3380	3417	3390	3418
2270	2274	2272	350	3417	3419	3418	960
2269	303	2270	2274	3416	937	3417	3419
2216	2281	2240	2282	3390	3422	3402	3423
2240	2282	2242	2284	3402	3423	3403	3424
2282	2286	2284	2277	3423	3425	3424	3420
2281	2272	2282	2286	3422	3418	3423	3425
2242	2284	2248	2288	3403	3424	3406	3426
2248	2288	2250	2290	3406	3426	3407	3427
2288	2292	2290	2294	3426	3428	3427	3429
2284	2277	2288	2292	3424	3420	3426	3428
2277	2297	2292	2298	3420	3430	3428	3431
2292	2298	2294	2300	3428	3431	3429	3432
2298	2302	2300	2304	3431	3433	3432	3434
2297	2278	2298	2302	3430	3421	3431	3433
2272	350	2277	2278	3418	960	3420	3421
2250	2290	2266	2306	3407	3427	3415	3435
2266	2306	2258	2308	3415	3435	3411	3436
2306	2310	2308	2312	3435	3437	3436	3438
2290	2294	2306	2310	3427	3429	3435	3437
2258	2308	2315	2316	3411	3436	3439	3440
2315	2316	260	2318	3439	3440	915	3441
2316	2320	2318	2322	3440	3442	3441	3443
2308	2312	2316	2320	3436	3438	3440	3442
2312	2326	2320	2332	3438	3445	3442	3448
2320	2332	2322	2334	3442	3448	3443	3449
2332	2336	2334	2338	3448	3450	3449	3451
2326	2330	2332	2336	3445	3447	3448	3450
2294	2300	2310	2324	3429	3432	3437	3444
2310	2324	2312	2326	3437	3444	3438	3445
2324	2328	2326	2330	3444	3446	3445	3447
2300	2304	2324	2328	3432	3434	3444	3446
260	2322	2341	2342	915	3443	3452	3453
2341	2342	261	2344	3452	3453	916	3454
2342	2346	2344	306	3453	3455	3454	938
2322	2334	2349	2350	3443	3449	3456	3457
2349	2350	2342	2352	3456	3457	3453	3458
2350	2354	2352	2346	3457	3459	3458	3455
2334	2338	2350	2354	3449	3451	3457	3459
261	306	263	307	916	938	917	939
263	307	265	309	917	939	918	940
265	309	267	311	918	940	919	941
267	311	269	313	919	941	920	942
269	313	271	315	920	942	921	943
271	315	273	317	921	943	922	944
273	317	275	319	922	944	923	945
275	319	277	321	923	945	924	946
277	321	279	323	924	946	925	947
279	323	281	325	925	947	926	948
281	325	283	327	926	948	927	949
283	327	285	329	927	949	928	950
288	332	289	333	929	951	930	952
289	333	291	335	930	952	931	953
291	335	293	337	931	953	932	954
293	337	295	339	932	954	933	955
295	339	297	341	933	955	934	956
297	341	299	343	934	956	935	957
299	343	301	345	935	957	936	958
301	345	303	347	936	958	937	959
303	347	350	351	937	959	960	961
350	2357	2278	2358	960	3460	3421	3461
2278	2358	2304	2360	3421	3461	3434	3462
2358	2362	2360	398	3461	3463	3462	984
2357	351	2358	2362	3460	961	3461	3463
2304	2369	2328	2370	3434	3466	3446	3467
2328	2370	2330	2372	3446	3467	3447	3468
2370	2374	2372	2365	3467	3469	3468	3464
2369	2360	2370	2374	3466	3462	3467	3469
2330	2372	2336	2376	3447	3468	3450	3470
2336	2376	2338	2378	3450	3470	3451	3471
2376	2380	2378	2382	3470	3472	3471	3473
2372	2365	2376	2380	3468	3464	3470	3472
2365	2385	2380	2386	3464	3474	3472	3475
2380	2386	2382	2388	3472	3475	3473	3476
2386	2390	2388	2392	3475	3477	3476	3478
2385	2366	2386	2390	3474	3465	3475	3477
2360	398	2365	2366	3462	984	3464	3465
2338	2378	2354	2394	3451	3471	3459	3479
2354	2394	2346	2396	3459	3479	3455	3480
2394	2398	2396	2400	3479	3481	3480	3482
2378	2382	2394	2398	3471	3473	3479	3481
2346	2396	2403	2404	3455	3480	3483	3484
2403	2404	306	2406	3483	3484	938	3485
2404	2408	2406	2410	3484	3486	3485	3487
2396	2400	2404	2408	3480	3482	3484	3486
2400	2414	2408	2420	3482	3489	3486	3492
2408	2420	2410	2422	3486	3492	3487	3493
2420	2424	2422	2426	3492	3494	3493	3495
2414	2418	2420	2424	3489	3491	3492	3494
2382	2388	2398	2412	3473	3476	3481	3488
2398	2412	2400	2414	3481	3488	3482	3489
2412	2416	2414	2418	3488	3490	3489	3491
2388	2392	2412	2416	3476	3478	3488	3490
306	2410	2429	2430	938	3487	3496	3497
2429	2430	307	2432	3496	3497	939	3498
2430	2434	2432	354	3497	3499	3498	962
2410	2422	2437	2438	3487	3493	3500	3501
2437	2438	2430	2440	3500	3501	3497	3502
2438	2442	2440	2434	3501	3503	3502	3499
2422	2426	2438	2442	3493	3495	3501	3503
307	354	309	355	939	962	940	963
309	355	311	357	940	963	941	964
311	357	313	359	941	964	942	965
313	359	315	361	942	965	943	966
315	361	317	363	943	966	944	967
317	363	319	365	944	967	945	968
319	365	321	367	945	968	946	969
321	367	323	369	946	969	947	970
323	369	325	371	947	970	948	971
325	371	327	373	948	971	949	972
327	373	329	375	949	972	950	973
332	378	333	379	951	974	952	975
333	379	335	381	952	975	953	976
335	381	337	383	953	976	954	977
337	383	339	385	954	977	955	978
339	385	341	387	955	978	956	979
341	387	343	389	956	979	957	980
343	389	345	391	957	980	958	981
345	391	347	393	958	981	959	982
347	393	351	395	959	982	961	983
351	395	398	399	961	983	984	985
398	2445	2366	2446	984	3504	3465	3505
2366	2453	2390	2454	3465	3508	3477	3509
2390	2454	2392	2456	3477	3509	3478	3510
2454	2458	2456	2450	3509	3511	3510	3507
2453	2446	2454	2458	3508	3505	3509	3511
2446	2448	2450	446	3505	3506	3507	1008
2445	399	2446	2448	3504	985	3505	3506
2392	2456	2416	2460	3478	3510	3490	3512
2416	2460	2418	2462	3490	3512	3491	3513
2460	2464	2462	2466	3512	3514	3513	3515
2456	2450	2460	2464	3510	3507	3512	3514
2418	2462	2424	2468	3491	3513	3494	3516
2424	2468	2426	2470	3494	3516	3495	3517
2468	2472	2470	2474	3516	3518	3517	3519
2462	2466	2468	2472	3513	3515	3516	3518
2466	2480	2472	2486	3515	3522	3518	3525
2472	2486	2474	2488	3518	3525	3519	3526
2486	2490	2488	2492	3525	3527	3526	3528
2480	2484	2486	2490	3522	3524	3525	3527
2450	2477	2464	2478	3507	3520	3514	3521
2464	2478	2466	2480	3514	3521	3515	3522
2478	2482	2480	2484	3521	3523	3522	3524
2477	446	2478	2482	3520	1008	3521	3523
2426	2470	2442	2494	3495	3517	3503	3529
2442	2494	2434	2496	3503	3529	3499	3530
2494	2498	2496	2500	3529	3531	3530	3532
2470	2474	2494	2498	3517	3519	3529	3531
2434	2496	2503	2504	3499	3530	3533	3534
2503	2504	354	2506	3533	3534	962	3535
2504	2508	2506	2510	3534	3536	3535	3537
2496	2500	2504	2508	3530	3532	3534	3536
2500	2514	2508	2520	3532	3539	3536	3542
2508	2520	2510	2522	3536	3542	3537	3543
2520	2524	2522	2526	3542	3544	3543	3545
2514	2518	2520	2524	3539	3541	3542	3544
2474	2488	2498	2512	3519	3526	3531	3538
2498	2512	2500	2514	3531	3538	3532	3539
2512	2516	2514	2518	3538	3540	3539	3541
2488	2492	2512	2516	3526	3528	3538	3540
354	2510	2529	2530	962	3537	3546	3547
2529	2530	355	2532	3546	3547	963	3548
2530	2534	2532	402	3547	3549	3548	986
2510	2522	2537	2538	3537	3543	3550	3551
2537	2538	2530	2540	3550	3551	3547	3552
2538	2542	2540	2534	3551	3553	3552	3549
2522	2526	2538	2542	3543	3545	3551	3553
355	402	357	403	963	986	964	987
357	403	359	405	964	987	965	988
359	405	361	407	965	988	966	989
361	407	363	409	966	989	967	990
363	409	365	411	967	990	968	991
365	411	367	413	968	991	969	992
367	413	369	415	969	992	970	993
369	415	371	417	970	993	971	994
371	417	373	419	971	994	972	995
373	419	375	421	972	995	973	996
378	424	379	425	974	997	975	998
379	425	381	427	975	998	976	999
381	427	383	429	976	999	977	1000
383	429	385	431	977	1000	978	1001
385	431	387	433	978	1001	979	1002
387	433	389	435	979	1002	980	1003
389	435	391	437	980	1003	981	1004
391	437	393	439	981	1004	982	1005
393	439	395	441	982	1005	983	1006
395	441	399	443	983	1006	985	1007
399	443	446	447	985	1007	1008	1009
446	2545	2484	2546	1008	3554	3524	3555
2484	2555	2490	2556	3524	3559	3527	3560
2490	2556	2492	2558	3527	3560	3528	3561
2556	2560	2558	2551	3560	3562	3561	3557
2555	2546	2556	2560	3559	3555	3560	3562
2546	2548	2551	2552	3555	3556	3557	3558
2545	447	2546	2548	3554	1009	3555	3556
2492	2558	2516	2562	3528	3561	3540	3563
2516	2562	2518	2564	3540	3563	3541	3564
2562	2566	2564	2568	3563	3565	3564	3566
2558	2551	2562	2566	3561	3557	3563	3565
2518	2564	2524	2570	3541	3564	3544	3567
2524	2570	2526	2572	3544	3567	3545	3568
2570	2574	2572	2576	3567	3569	3568	3570
2564	2568	2570	2574	3564	3566	3567	3569
2568	2582	2574	2588	3566	3573	3569	3576
2574	2588	2576	2590	3569	3576	3570	3577
2588	2592	2590	2594	3576	3578	3577	3579
2582	2586	2588	2592	3573	3575	3576	3578
2551	2579	2566	2580	3557	3571	3565	3572
2566	2580	2568	2582	3565	3572	3566	3573
2580	2584	2582	2586	3572	3574	3573	3575
2579	2552	2580	2584	3571	3558	3572	3574
2526	2572	2542	2596	3545	3568	3553	3580
2542	2596	2534	2598	3553	3580	3549	3581
2596	2600	2598	2602	3580	3582	3581	3583
2572	2576	2596	2600	3568	3570	3580	3582
2534	2598	2605	2606	3549	3581	3584	3585
2605	2606	402	2608	3584	3585	986	3586
2606	2610	2608	2612	3585	3587	3586	3588
2598	2602	2606	2610	3581	3583	3585	3587
2602	2616	2610	2622	3583	3590	3587	3593
2610	2622	2612	2624	3587	3593	3588	3594
2622	2626	2624	2628	3593	3595	3594	3596
2616	2620	2622	2626	3590	3592	3593	3595
2576	2590	2600	2614	3570	3577	3582	3589
2600	2614	2602	2616	3582	3589	3583	3590
2614	2618	2616	2620	3589	3591	3590	3592
2590	2594	2614	2618	3577	3579	3589	3591
402	2612	2631	2632	986	3588	3597	3598
2631	2632	403	2634	3597	3598	987	3599
2632	2636	2634	450	3598	3600	3599	1010
2612	2624	2639	2640	3588	3594	3601	3602
2639	2640	2632	2642	3601	3602	3598	3603
2640	2644	2642	2636	3602	3604	3603	3600
2624	2628	2640	2644	3594	3596	3602	3604
403	450	405	451	987	1010	988	1011
405	451	407	453	988	1011	989	1012
407	453	409	455	989	1012	990	1013
409	455	411	457	990	1013	991	1014
411	457	413	459	991	1014	992	1015
413	459	415	461	992	1015	993	1016
415	461	417	463	993	1016	994	1017
417	463	419	465	994	1017	995	1018
419	465	421	467	995	1018	996	1019
424	470	425	471	997	1020	998	1021
425	471	427	473	998	1021	999	1022
427	473	429	475	999	1022	1000	1023
429	475	431	477	1000	1023	1001	1024
431	477	433	479	1001	1024	1002	1025
433	479	435	481	1002	1025	1003	1026
435	481	437	483	1003	1026	1004	1027
437	483	439	485	1004	1027	1005	1028
439	485	441	487	1005	1028	1006	1029
441	487	443	489	1006	1029	1007	1030
443	489	447	491	1007	1030	1009	1031
447	2647	2548	2648	1009	3605	3556	3606
2548	2648	2552	2650	3556	3606	3558	3607
2648	2652	2650	536	3606	3608	3607	1053
2647	491	2648	2652	3605	1031	3606	3608
2552	2659	2584	2660	3558	3611	3574	3612
2584	2660	2586	2662	3574	3612	3575	3613
2660	2664	2662	2655	3612	3614	3613	3609
2659	2650	2660	2664	3611	3607	3612	3614
2586	2662	2592	2666	3575	3613	3578	3615
2592	2666	2594	2668	3578	3615	3579	3616
2666	2670	2668	2672	3615	3617	3616	3618
2662	2655	2666	2670	3613	3609	3615	3617
2655	2675	2670	2676	3609	3619	3617	3620
2670	2676	2672	2678	3617	3620	3618	3621
2676	2680	2678	2682	3620	3622	3621	3623
2675	2656	2676	2680	3619	3610	3620	3622
2650	536	2655	2656	3607	1053	3609	3610
2594	2668	2618	2684	3579	3616	3591	3624
2618	2684	2620	2686	3591	3624	3592	3625
2684	2688	2686	2690	3624	3626	3625	3627
2668	2672	2684	2688	3616	3618	3624	3626
2620	2686	2626	2692	3592	3625	3595	3628
2626	2692	2628	2694	3595	3628	3596	3629
2692	2696	2694	2698	3628	3630	3629	3631
2686	2690	2692	2696	3625	3627	3628	3630
2690	2702	2696	2708	3627	3633	3630	3636
2696	2708	2698	2710	3630	3636	3631	3637
2708	2712	2710	2714	3636	3638	3637	3639
2702	2706	2708	2712	3633	3635	3636	3638
2672	2678	2688	2700	3618	3621	3626	3632
2688	2700	2690	2702	3626	3632	3627	3633
2700	2704	2702	2706	3632	3634	3633	3635
2678	2682	2700	2704	3621	3623	3632	3634
2628	2694	2644	2716	3596	3629	3604	3640
2644	2716	2636	2718	3604	3640	3600	3641
2716	2720	2718	2722	3640	3642	3641	3643
2694	2698	2716	2720	3629	3631	3640	3642
2636	2718	2725	2726	3600	3641	3644	3645
2725	2726	450	2728	3644	3645	1010	3646
2726	2730	2728	2732	3645	3647	3646	3648
2718	2722	2726	2730	3641	3643	3645	3647
2722	2736	2730	2742	3643	3650	3647	3653
2730	2742	2732	2744	3647	3653	3648	3654
2742	2746	2744	2748	3653	3655	3654	3656
2736	2740	2742	2746	3650	3652	3653	3655
2698	2710	2720	2734	3631	3637	3642	3649
2720	2734	2722	2736	3642	3649	3643	3650
2734	2738	2736	2740	3649	3651	3650	3652
2710	2714	2734	2738	3637	3639	3649	3651
450	2732	2751	2752	1010	3648	3657	3658
2751	2752	451	2754	3657	3658	1011	3659
2752	2756	2754	494	3658	3660	3659	1032
2732	2744	2759	2760	3648	3654	3661	3662
2759	2760	2752	2762	3661	3662	3658	3663
2760	2764	2762	2756	3662	3664	3663	3660
2744	2748	2760	2764	3654	3656	3662	3664
451	494	453	495	1011	1032	1012	1033
453	495	455	497	1012	1033	1013	1034
455	497	457	499	1013	1034	1014	1035
457	499	459	501	1014	1035	1015	1036
459	501	461	503	1015	1036	1016	1037
461	503	463	505	1016	1037	1017	1038
463	505	465	507	1017	1038	1018	1039
465	507	467	509	1018	1039	1019	1040
470	512	471	513	1020	1041	1021	1042
471	513	473	515	1021	1042	1022	1043
473	515	475	517	1022	1043	1023	1044
475	517	477	519	1023	1044	1024	1045
477	519	479	521	1024	1045	1025	1046
479	521	481	523	1025	1046	1026	1047
481	523	483	525	1026	1047	1027	1048
483	525	485	527	1027	1048	1028	1049
485	527	487	529	1028	1049	1029	1050
487	529	489	531	1029	1050	1030	1051
489	531	491	533	1030	1051	1031	1052
491	533	536	537	1031	1052	1053	1054
536	2767	2656	2768	1053	3665	3610	3666
2656	2768	2682	2770	3610	3666	3623	3667
2768	2772	2770	582	3666	3668	3667	1076
2767	537	2768	2772	3665	1054	3666	3668
2682	2779	2704	2780	3623	3671	3634	3672
2704	2780	2706	2782	3634	3672	3635	3673
2780	2784	2782	2775	3672	3674	3673	3669
2779	2770	2780	2784	3671	3667	3672	3674
2706	2782	2712	2786	3635	3673	3638	3675
2712	2786	2714	2788	3638	3675	3639	3676
2786	2790	2788	2792	3675	3677	3676	3678
2782	2775	2786	2790	3673	3669	3675	3677
2775	2795	2790	2796	3669	3679	3677	3680
2790	2796	2792	2798	3677	3680	3678	3681
2796	2800	2798	2802	3680	3682	3681	3683
2795	2776	2796	2800	3679	3670	3680	3682
2770	582	2775	2776	3667	1076	3669	3670
2714	2788	2738	2804	3639	3676	3651	3684
2738	2804	2740	2806	3651	3684	3652	3685
2804	2808	2806	2810	3684	3686	3685	3687
2788	2792	2804	2808	3676	3678	3684	3686
2740	2806	2746	2812	3652	3685	3655	3688
2746	2812	2748	2814	3655	3688	3656	3689
2812	2816	2814	2818	3688	3690	3689	3691
2806	2810	2812	2816	3685	3687	3688	3690
2810	2822	2816	2828	3687	3693	3690	3696
2816	2828	2818	2830	3690	3696	3691	3697
2828	2832	2830	2834	3696	3698	3697	3699
2822	2826	2828	2832	3693	3695	3696	3698
2792	2798	2808	2820	3678	3681	3686	3692
2808	2820	2810	2822	3686	3692	3687	3693
2820	2824	2822	2826	3692	3694	3693	3695
2798	2802	2820	2824	3681	3683	3692	3694
2748	2814	2764	2836	3656	3689	3664	3700
2764	2836	2756	2838	3664	3700	3660	3701
2836	2840	2838	2842	3700	3702	3701	3703
2814	2818	2836	2840	3689	3691	3700	3702
2756	2838	2845	2846	3660	3701	3704	3705
2845	2846	494	2848	3704	3705	1032	3706
2846	2850	2848	2852	3705	3707	3706	3708
2838	2842	2846	2850	3701	3703	3705	3707
2842	2856	2850	2862	3703	3710	3707	3713
2850	2862	2852	2864	3707	3713	3708	3714
2862	2866	2864	2868	3713	3715	3714	3716
2856	2860	2862	2866	3710	3712	3713	3715
2818	2830	2840	2854	3691	3697	3702	3709
2840	2854	2842	2856	3702	3709	3703	3710
2854	2858	2856	2860	3709	3711	3710	3712
2830	2834	2854	2858	3697	3699	3709	3711
494	2852	2871	2872	1032	3708	3717	3718
2871	2872	495	2874	3717	3718	1033	3719
2872	2876	2874	540	3718	3720	3719	1055
2852	2868	2872	2876	3708	3716	3718	3720
495	540	497	541	1033	1055	1034	1056
497	541	499	543	1034	1056	1035	1057
499	543	501	545	1035	1057	1036	1058
501	545	503	547	1036	1058	1037	1059
503	547	505	549	1037	1059	1038	1060
505	549	507	551	1038	1060	1039	1061
507	551	509	553	1039	1061	1040	1062
512	556	513	557	1041	1063	1042	1064
513	557	515	559	1042	1064	1043	1065
515	559	517	561	1043	1065	1044	1066
517	561	519	563	1044	1066	1045	1067
519	563	521	565	1045	1067	1046	1068
521	565	523	567	1046	1068	1047	1069
523	567	525	569	1047	1069	1048	1070
525	569	527	571	1048	1070	1049	1071
527	571	529	573	1049	1071	1050	1072
529	573	531	575	1050	1072	1051	1073
531	575	533	577	1051	1073	1052	1074
533	577	537	579	1052	1074	1054	1075
537	579	582	583	1054	1075	1076	1077
582	2879	2776	2880	1076	3721	3670	3722
2776	2880	2802	2882	3670	3722	3683	3723
2880	2884	2882	630	3722	3724	3723	1100
2879	583	2880	2884	3721	1077	3722	3724
2802	2887	2824	2888	3683	3725	3694	3726
2824	2888	2826	2890	3694	3726	3695	3727
2888	2892	2890	2894	3726	3728	3727	3729
2887	2882	2888	2892	3725	3723	3726	3728
2826	2890	2832	2896	3695	3727	3698	3730
2832	2896	2834	2898	3698	3730	3699	3731
2896	2900	2898	2902	3730	3732	3731	3733
2890	2894	2896	2900	3727	3729	3730	3732
2894	2908	2900	2914	3729	3736	3732	3739
2900	2914	2902	2916	3732	3739	3733	3740
2914	2918	2916	2920	3739	3741	3740	3742
2908	2912	2914	2918	3736	3738	3739	3741
2882	2905	2892	2906	3723	3734	3728	3735
2892	2906	2894	2908	3728	3735	3729	3736
2906	2910	2908	2912	3735	3737	3736	3738
2905	630	2906	2910	3734	1100	3735	3737
2834	2898	2858	2922	3699	3731	3711	3743
2858	2922	2860	2924	3711	3743	3712	3744
2922	2926	2924	2928	3743	3745	3744	3746
2898	2902	2922	2926	3731	3733	3743	3745
2860	2924	2866	2930	3712	3744	3715	3747
2866	2930	2868	2932	3715	3747	3716	3748
2930	2934	2932	2936	3747	3749	3748	3750
2924	2928	2930	2934	3744	3746	3747	3749
2928	2940	2934	2946	3746	3752	3749	3755
2934	2946	2936	2948	3749	3755	3750	3756
2946	2950	2948	2952	3755	3757	3756	3758
2940	2944	2946	2950	3752	3754	3755	3757
2902	2916	2926	2938	3733	3740	3745	3751
2926	2938	2928	2940	3745	3751	3746	3752
2938	2942	2940	2944	3751	3753	3752	3754
2916	2920	2938	2942	3740	3742	3751	3753
2868	2932	2961	2962	3716	3748	3762	3763
2961	2962	2876	2964	3762	3763	3720	3764
2962	2966	2964	2955	3763	3765	3764	3759
2932	2936	2962	2966	3748	3750	3763	3765
2876	2955	540	2956	3720	3759	1055	3760
2955	2958	2956	586	3759	3761	3760	1078
2936	2948	2966	2968	3750	3756	3765	3766
2966	2968	2955	2970	3765	3766	3759	3767
2968	2972	2970	2958	3766	3768	3767	3761
2948	2952	2968	2972	3756	3758	3766	3768
540	586	541	587	1055	1078	1056	1079
541	587	543	589	1056	1079	1057	1080
543	589	545	591	1057	1080	1058	1081
545	591	547	593	1058	1081	1059	1082
547	593	549	595	1059	1082	1060	1083
549	595	551	597	1060	1083	1061	1084
551	597	553	599	1061	1084	1062	1085
556	602	557	603	1063	1086	1064	1087
557	603	559	605	1064	1087	1065	1088
559	605	561	607	1065	1088	1066	1089
561	607	563	609	1066	1089	1067	1090
563	609	565	611	1067	1090	1068	1091
565	611	567	613	1068	1091	1069	1092
567	613	569	615	1069	1092	1070	1093
569	615	571	617	1070	1093	1071	1094
571	617	573	619	1071	1094	1072	1095
573	619	575	621	1072	1095	1073	1096
575	621	577	623	1073	1096	1074	1097
577	623	579	625	1074	1097	1075	1098
579	625	583	627	1075	1098	1077	1099
583	627	630	631	1077	1099	1100	1101
630	2975	2912	2976	1100	3769	3738	3770
2912	2983	2918	2984	3738	3773	3741	3774
2918	2984	2920	2986	3741	3774	3742	3775
2984	2988	2986	2980	3774	3776	3775	3772
2983	2976	2984	2988	3773	3770	3774	3776
2976	2978	2980	678	3770	3771	3772	1124
2975	631	2976	2978	3769	1101	3770	3771
2920	2986	2942	2990	3742	3775	3753	3777
2942	2990	2944	2992	3753	3777	3754	3778
2990	2994	2992	2996	3777	3779	3778	3780
2986	2980	2990	2994	3775	3772	3777	3779
2944	2992	2950	2998	3754	3778	3757	3781
2950	2998	2952	3000	3757	3781	3758	3782
2998	3002	3000	3004	3781	3783	3782	3784
2992	2996	2998	3002	3778	3780	3781	3783
2996	3010	3002	3016	3780	3787	3783	3790
3002	3016	3004	3018	3783	3790	3784	3791
3016	3020	3018	3022	3790	3792	3791	3793
3010	3014	3016	3020	3787	3789	3790	3792
2980	3007	2994	3008	3772	3785	3779	3786
2994	3008	2996	3010	3779	3786	3780	3787
3008	3012	3010	3014	3786	3788	3787	3789
3007	678	3008	3012	3785	1124	3786	3788
2952	3000	2972	3024	3758	3782	3768	3794
2972	3024	2958	3026	3768	3794	3761	3795
3024	3028	3026	3030	3794	3796	3795	3797
3000	3004	3024	3028	3782	3784	3794	3796
2958	3026	3033	3034	3761	3795	3798	3799
3033	3034	586	3036	3798	3799	1078	3800
3034	3038	3036	3040	3799	3801	3800	3802
3026	3030	3034	3038	3795	3797	3799	3801
3030	3044	3038	3050	3797	3804	3801	3807
3038	3050	3040	3052	3801	3807	3802	3808
3050	3054	3052	3056	3807	3809	3808	3810
3044	3048	3050	3054	3804	3806	3807	3809
3004	3018	3028	3042	3784	3791	3796	3803
3028	3042	3030	3044	3796	3803	3797	3804
3042	3046	3044	3048	3803	3805	3804	3806
3018	3022	3042	3046	3791	3793	3803	3805
586	3040	3059	3060	1078	3802	3811	3812
3059	3060	587	3062	3811	3812	1079	3813
3060	3064	3062	634	3812	3814	3813	1102
3040	3056	3060	3064	3802	3810	3812	3814
587	634	589	635	1079	1102	1080	1103
589	635	591	637	1080	1103	1081	1104
591	637	593	639	1081	1104	1082	1105
593	639	595	641	1082	1105	1083	1106
595	641	597	643	1083	1106	1084	1107
597	643	599	645	1084	1107	1085	1108
602	648	603	649	1086	1109	1087	1110
603	649	605	651	1087	1110	1088	1111
605	651	607	653	1088	1111	1089	1112
607	653	609	655	1089	1112	1090	1113
609	655	611	657	1090	1113	1091	1114
611	657	613	659	1091	1114	1092	1115
613	659	615	661	1092	1115	1093	1116
615	661	617	663	1093	1116	1094	1117
617	663	619	665	1094	1117	1095	1118
619	665	621	667	1095	1118	1096	1119
621	667	623	669	1096	1119	1097	1120
623	669	625	671	1097	1120	1098	1121
625	671	627	673	1098	1121	1099	1122
627	673	631	675	1099	1122	1101	1123
631	675	678	679	1101	1123	1124	1125
678	3067	3014	3068	1124	3815	3789	3816
3014	3073	3020	3074	3789	3818	3792	3819
3020	3074	3022	3076	3792	3819	3793	3820
3074	3078	3076	3080	3819	3821	3820	3822
3073	3068	3074	3078	3818	3816	3819	3821
3068	3083	3078	3084	3816	3823	3821	3824
3078	3084	3080	3086	3821	3824	3822	3825
3084	3088	3086	3090	3824	3826	3825	3827
3083	3070	3084	3088	3823	3817	3824	3826
3067	679	3068	3070	3815	1125	3816	3817
3022	3076	3046	3092	3793	3820	3805	3828
3046	3092	3048	3094	3805	3828	3806	3829
3092	3096	3094	3098	3828	3830	3829	3831
3076	3080	3092	3096	3820	3822	3828	3830
3048	3094	3054	3100	3806	3829	3809	3832
3054	3100	3056	3102	3809	3832	3810	3833
3100	3104	3102	3106	3832	3834	3833	3835
3094	3098	3100	3104	3829	3831	3832	3834
3098	3110	3104	3116	3831	3837	3834	3840
3104	3116	3106	3118	3834	3840	3835	3841
3116	3120	3118	3122	3840	3842	3841	3843
3110	3114	3116	3120	3837	3839	3840	3842
3080	3086	3096	3108	3822	3825	3830	3836
3096	3108	3098	3110	3830	3836	3831	3837
3108	3112	3110	3114	3836	3838	3837	3839
3086	3090	3108	3112	3825	3827	3836	3838
3056	3106	3064	3124	3810	3835	3814	3844
3064	3124	634	3126	3814	3844	1102	3845
3124	3128	3126	682	3844	3846	3845	1126
3106	3118	3131	3132	3835	3841	3847	3848
3131	3132	3124	3134	3847	3848	3844	3849
3132	3136	3134	3128	3848	3850	3849	3846
3118	3122	3132	3136	3841	3843	3848	3850
634	682	635	683	1102	1126	1103	1127
635	683	637	685	1103	1127	1104	1128
637	685	639	687	1104	1128	1105	1129
639	687	641	689	1105	1129	1106	1130
641	689	643	691	1106	1130	1107	1131
643	691	645	693	1107	1131	1108	1132
648	696	649	697	1109	1133	1110	1134
649	697	651	699	1110	1134	1111	1135
651	699	653	701	1111	1135	1112	1136
653	701	655	703	1112	1136	1113	1137
655	703	657	705	1113	1137	1114	1138
657	705	659	707	1114	1138	1115	1139
659	707	661	709	1115	1139	1116	1140
661	709	663	711	1116	1140	1117	1141
663	711	665	713	1117	1141	1118	1142
665	713	667	715	1118	1142	1119	1143
667	715	669	717	1119	1143	1120	1144
669	717	671	719	1120	1144	1121	1145
671	719	673	721	1121	1145	1122	1146
673	721	675	723	1122	1146	1123	1147
675	723	679	725	1123	1147	1125	1148
679	3139	3070	3140	1125	3851	3817	3852
3070	3140	3090	3142	3817	3852	3827	3853
3140	3144	3142	772	3852	3854	3853	1171
3139	725	3140	3144	3851	1148	3852	3854
3090	3151	3112	3152	3827	3857	3838	3858
3112	3152	3114	3154	3838	3858	3839	3859
3152	3156	3154	3147	3858	3860	3859	3855
3151	3142	3152	3156	3857	3853	3858	3860
3114	3154	3120	3158	3839	3859	3842	3861
3120	3158	3122	3160	3842	3861	3843	3862
3158	3162	3160	3164	3861	3863	3862	3864
3154	3147	3158	3162	3859	3855	3861	3863
3147	3167	3162	3168	3855	3865	3863	3866
3162	3168	3164	3170	3863	3866	3864	3867
3168	3172	3170	3174	3866	3868	3867	3869
3167	3148	3168	3172	3865	3856	3866	3868
3142	772	3147	3148	3853	1171	3855	3856
3122	3160	3136	3180	3843	3862	3850	3872
3136	3180	3128	3182	3850	3872	3846	3873
3180	3184	3182	3177	3872	3874	3873	3870
3160	3164	3180	3184	3862	3864	3872	3874
3128	3177	682	3178	3846	3870	1126	3871
3177	3188	3195	3196	3870	3876	3879	3880
3195	3196	3178	3198	3879	3880	3871	3881
3196	3200	3198	3202	3880	3882	3881	3883
3188	3192	3196	3200	3876	3878	3880	3882
3164	3170	3184	3186	3864	3867	3874	3875
3184	3186	3177	3188	3874	3875	3870	3876
3186	3190	3188	3192	3875	3877	3876	3878
3170	3174	3186	3190	3867	3869	3875	3877
682	3178	3205	3206	1126	3871	3884	3885
3205	3206	683	3208	3884	3885	1127	3886
3206	3210	3208	728	3885	3887	3886	1149
3178	3202	3206	3210	3871	3883	3885	3887
683	728	685	729	1127	1149	1128	1150
685	729	687	731	1128	1150	1129	1151
687	731	689	733	1129	1151	1130	1152
689	733	691	735	1130	1152	1131	1153
691	735	693	737	1131	1153	1132	1154
696	740	697	741	1133	1155	1134	1156
697	741	699	743	1134	1156	1135	1157
699	743	701	745	1135	1157	1136	1158
701	745	703	747	1136	1158	1137	1159
703	747	705	749	1137	1159	1138	1160
705	749	707	751	1138	1160	1139	1161
707	751	709	753	1139	1161	1140	1162
709	753	711	755	1140	1162	1141	1163
711	755	713	757	1141	1163	1142	1164
713	757	715	759	1142	1164	1143	1165
715	759	717	761	1143	1165	1144	1166
717	761	719	763	1144	1166	1145	1167
719	763	721	765	1145	1167	1146	1168
721	765	723	767	1146	1168	1147	1169
723	767	725	769	1147	1169	1148	1170
725	769	772	773	1148	1170	1171	1172
772	3213	3148	3214	1171	3888	3856	3889
3148	3214	3174	3216	3856	3889	3869	3890
3214	3218	3216	3220	3889	3891	3890	3892
3213	773	3214	3218	3888	1172	3889	3891
3174	3227	3190	3228	3869	3895	3877	3896
3190	3228	3192	3230	3877	3896	3878	3897
3228	3232	3230	3223	3896	3898	3897	3893
3227	3216	3228	3232	3895	3890	3896	3898
3192	3230	3200	3234	3878	3897	3882	3899
3200	3234	3202	3236	3882	3899	3883	3900
3234	3238	3236	3240	3899	3901	3900	3902
3230	3223	3234	3238	3897	3893	3899	3901
3223	3243	3238	3244	3893	3903	3901	3904
3238	3244	3240	3246	3901	3904	3902	3905
3244	3248	3246	3250	3904	3906	3905	3907
3243	3224	3244	3248	3903	3894	3904	3906
3216	3220	3223	3224	3890	3892	3893	3894
3202	3240	3210	3252	3883	3902	3887	3908
3210	3252	728	3254	3887	3908	1149	3909
3252	3256	3254	776	3908	3910	3909	1173
3240	3246	3259	3260	3902	3905	3911	3912
3259	3260	3252	3262	3911	3912	3908	3913
3260	3264	3262	3256	3912	3914	3913	3910
3246	3250	3260	3264	3905	3907	3912	3914
728	776	729	777	1149	1173	1150	1174
729	777	731	779	1150	1174	1151	1175
731	779	733	781	1151	1175	1152	1176
733	781	735	783	1152	1176	1153	1177
735	783	737	785	1153	1177	1154	1178
786	787	788	789	1179	1180	1181	1182
788	789	790	791	1181	1182	1183	1184
790	791	792	793	1183	1184	1185	1186
792	793	794	795	1185	1186	1187	1188
794	795	796	797	1187	1188	1189	1190
796	3265	3266	3267	1189	3915	3916	3917
3266	3267	3268	3269	3916	3917	3918	3919
3267	3271	3272	3273	3917	3921	3922	3923
3272	3273	3269	3274	3922	3923	3919	3924
3273	3275	3274	3276	3923	3925	3924	3926
3271	3270	3273	3275	3921	3920	3923	3925
3265	797	3267	3270	3915	1190	3917	3920
3268	3269	3277	3278	3918	3919	3927	3928
3277	3278	798	3279	3927	3928	1191	3929
3278	3280	3279	799	3928	3930	3929	1192
3269	3274	3281	3282	3919	3924	3931	3932
3281	3282	3278	3283	3931	3932	3928	3933
3282	3284	3283	3280	3932	3934	3933	3930
3274	3276	3282	3284	3924	3926	3932	3934
798	799	800	801	1191	1192	1193	1194
800	801	802	803	1193	1194	1195	1196
802	803	804	805	1195	1196	1197	1198
804	805	806	807	1197	1198	1199	1200
806	807	808	809	1199	1200	1201	1202
808	809	810	811	1201	1202	1203	1204
810	811	812	813	1203	1204	1205	1206
812	813	814	815	1205	1206	1207	1208
814	815	816	817	1207	1208	1209	1210
816	817	818	819	1209	1210	1211	1212
818	819	820	821	1211	1212	1213	1214
820	821	822	823	1213	1214	1215	1216
822	823	824	825	1215	1216	1217	1218
824	825	826	827	1217	1218	1219	1220
826	827	828	829	1219	1220	1221	1222
828	829	830	831	1221	1222	1223	1224
830	831	832	833	1223	1224	1225	1226
787	834	789	835	1180	1227	1182	1228
789	835	791	836	1182	1228	1184	1229
791	836	793	837	1184	1229	1186	1230
793	837	795	838	1186	1230	1188	1231
795	838	797	839	1188	1231	1190	1232
797	3285	3270	3286	1190	3935	3920	3936
3270	3286	3276	3287	3920	3936	3926	3937
3286	3288	3287	863	3936	3938	3937	1256
3285	839	3286	3288	3935	1232	3936	3938
3276	3291	3284	3292	3926	3941	3934	3942
3284	3292	3280	3293	3934	3942	3930	3943
3292	3294	3293	3289	3942	3944	3943	3939
3291	3287	3292	3294	3941	3937	3942	3944
3280	3293	3295	3296	3930	3943	3945	3946
3295	3296	799	3297	3945	3946	1192	3947
3296	3298	3297	3299	3946	3948	3947	3949
3293	3289	3296	3298	3943	3939	3946	3948
3289	3300	3298	3301	3939	3950	3948	3951
3298	3301	3299	3302	3948	3951	3949	3952
3301	3303	3302	3304	3951	3953	3952	3954
3300	3290	3301	3303	3950	3940	3951	3953
3287	863	3289	3290	3937	1256	3939	3940
799	3299	3305	3306	1192	3949	3955	3956
3305	3306	801	3307	3955	3956	1194	3957
3306	3308	3307	840	3956	3958	3957	1233
3299	3302	3309	3310	3949	3952	3959	3960
3309	3310	3306	3311	3959	3960	3956	3961
3310	3312	3311	3308	3960	3962	3961	3958
3302	3304	3310	3312	3952	3954	3960	3962
801	840	803	841	1194	1233	1196	1234
803	841	805	842	1196	1234	1198	1235
805	842	807	843	1198	1235	1200	1236
807	843	809	844	1200	1236	1202	1237
809	844	811	845	1202	1237	1204	1238
811	845	813	846	1204	1238	1206	1239
813	846	815	847	1206	1239	1208	1240
815	847	817	848	1208	1240	1210	1241
817	848	819	849	1210	1241	1212	1242
819	849	821	850	1212	1242	1214	1243
821	850	823	851	1214	1243	1216	1244
823	851	825	852	1216	1244	1218	1245
825	852	827	853	1218	1245	1220	1246
827	853	829	854	1220	1246	1222	1247
829	854	831	855	1222	1247	1224	1248
831	855	833	856	1224	1248	1226	1249
834	857	835	858	1227	1250	1228	1251
835	858	836	859	1228	1251	1229	1252
836	859	837	860	1229	1252	1230	1253
837	860	838	861	1230	1253	1231	1254
838	861	839	862	1231	1254	1232	1255
839	862	863	864	1232	1255	1256	1257
863	3313	3290	3314	1256	3963	3940	3964
3290	3314	3304	3315	3940	3964	3954	3965
3314	3316	3315	888	3964	3966	3965	1281
3313	864	3314	3316	3963	1257	3964	3966
3304	3317	3312	3318	3954	3967	3962	3968
3312	3318	3308	3319	3962	3968	3958	3969
3318	3320	3319	3321	3968	3970	3969	3971
3317	3315	3318	3320	3967	3965	3968	3970
3308	3319	3322	3323	3958	3969	3972	3973
3322	3323	840	3324	3972	3973	1233	3974
3323	3325	3324	3326	3973	3975	3974	3976
3319	3321	3323	3325	3969	3971	3973	3975
3321	3329	3325	3332	3971	3979	3975	3982
3325	3332	3326	3333	3975	3982	3976	3983
3332	3334	3333	3335	3982	3984	3983	3985
3329	3331	3332	3334	3979	3981	3982	3984
3315	3327	3320	3328	3965	3977	3970	3978
3320	3328	3321	3329	3970	3978	3971	3979
3328	3330	3329	3331	3978	3980	3979	3981
3327	888	3328	3330	3977	1281	3978	3980
840	3326	3336	3337	1233	3976	3986	3987
3336	3337	841	3338	3986	3987	1234	3988
3337	3339	3338	865	3987	3989	3988	1258
3326	3333	3340	3341	3976	3983	3990	3991
3340	3341	3337	3342	3990	3991	3987	3992
3341	3343	3342	3339	3991	3993	3992	3989
3333	3335	3341	3343	3983	3985	3991	3993
841	865	842	866	1234	1258	1235	1259
842	866	843	867	1235	1259	1236	1260
843	867	844	868	1236	1260	1237	1261
844	868	845	869	1237	1261	1238	1262
845	869	846	870	1238	1262	1239	1263
846	870	847	871	1239	1263	1240	1264
847	871	848	872	1240	1264	1241	1265
848	872	849	873	1241	1265	1242	1266
849	873	850	874	1242	1266	1243	1267
850	874	851	875	1243	1267	1244	1268
851	875	852	876	1244	1268	1245	1269
852	876	853	877	1245	1269	1246	1270
853	877	854	878	1246	1270	1247	1271
854	878	855	879	1247	1271	1248	1272
855	879	856	880	1248	1272	1249	1273
857	881	858	882	1250	1274	1251	1275
858	882	859	883	1251	1275	1252	1276
859	883	860	884	1252	1276	1253	1277
860	884	861	885	1253	1277	1254	1278
861	885	862	886	1254	1278	1255	1279
862	886	864	887	1255	1279	1257	1280
864	887	888	889	1257	1280	1281	1282
888	3344	3331	3345	1281	3994	3981	3995
3331	3348	3334	3349	3981	3998	3984	3999
3334	3349	3335	3350	3984	3999	3985	4000
3349	3351	3350	3347	3999	4001	4000	3997
3348	3345	3349	3351	3998	3995	3999	4001
3345	3346	3347	913	3995	3996	3997	1306
3344	889	3345	3346	3994	1282	3995	3996
3335	3350	3343	3352	3985	4000	3993	4002
3343	3352	3339	3353	3993	4002	3989	4003
3352	3354	3353	3355	4002	4004	4003	4005
3350	3347	3352	3354	4000	3997	4002	4004
3339	3353	3356	3357	3989	4003	4006	4007
3356	3357	865	3358	4006	4007	1258	4008
3357	3359	3358	3360	4007	4009	4008	4010
3353	3355	3357	3359	4003	4005	4007	4009
3355	3363	3359	3366	4005	4013	4009	4016
3359	3366	3360	3367	4009	4016	4010	4017
3366	3368	3367	3369	4016	4018	4017	4019
3363	3365	3366	3368	4013	4015	4016	4018
3347	3361	3354	3362	3997	4011	4004	4012
3354	3362	3355	3363	4004	4012	4005	4013
3362	3364	3363	3365	4012	4014	4013	4015
3361	913	3362	3364	4011	1306	4012	4014
865	3360	3370	3371	1258	4010	4020	4021
3370	3371	866	3372	4020	4021	1259	4022
3371	3373	3372	890	4021	4023	4022	1283
3360	3367	3374	3375	4010	4017	4024	4025
3374	3375	3371	3376	4024	4025	4021	4026
3375	3377	3376	3373	4025	4027	4026	4023
3367	3369	3375	3377	4017	4019	4025	4027
866	890	867	891	1259	1283	1260	1284
867	891	868	892	1260	1284	1261	1285
868	892	869	893	1261	1285	1262	1286
869	893	870	894	1262	1286	1263	1287
870	894	871	895	1263	1287	1264	1288
871	895	872	896	1264	1288	1265	1289
872	896	873	897	1265	1289	1266	1290
873	897	874	898	1266	1290	1267	1291
874	898	875	899	1267	1291	1268	1292
875	899	876	900	1268	1292	1269	1293
876	900	877	901	1269	1293	1270	1294
877	901	878	902	1270	1294	1271	1295
878	902	879	903	1271	1295	1272	1296
879	903	880	904	1272	1296	1273	1297
881	905	882	906	1274	1298	1275	1299
882	906	883	907	1275	1299	1276	1300
883	907	884	908	1276	1300	1277	1301
884	908	885	909	1277	1301	1278	1302
885	909	886	910	1278	1302	1279	1303
886	910	887	911	1279	1303	1280	1304
887	911	889	912	1280	1304	1282	1305
889	912	913	914	1282	1305	1306	1307
913	3378	3365	3379	1306	4028	4015	4029
3365	3381	3368	3382	4015	4031	4018	4032
3368	3382	3369	3383	4018	4032	4019	4033
3382	3384	3383	3385	4032	4034	4033	4035
3381	3379	3382	3384	4031	4029	4032	4034
3379	3386	3384	3387	4029	4036	4034	4037
3384	3387	3385	3388	4034	4037	4035	4038
3387	3389	3388	3390	4037	4039	4038	4040
3386	3380	3387	3389	4036	4030	4037	4039
3378	914	3379	3380	4028	1307	4029	4030
3369	3383	3377	3391	4019	4033	4027	4041
3377	3391	3373	3392	4027	4041	4023	4042
3391	3393	3392	3394	4041	4043	4042	4044
3383	3385	3391	3393	4033	4035	4041	4043
3373	3392	3395	3396	4023	4042	4045	4046
3395	3396	890	3397	4045	4046	1283	4047
3396	3398	3397	3399	4046	4048	4047	4049
3392	3394	3396	3398	4042	4044	4046	4048
3394	3401	3398	3404	4044	4051	4048	4054
3398	3404	3399	3405	4048	4054	4049	4055
3404	3406	3405	3407	4054	4056	4055	4057
3401	3403	3404	3406	4051	4053	4054	4056
3385	3388	3393	3400	4035	4038	4043	4050
3393	3400	3394	3401	4043	4050	4044	4051
3400	3402	3401	3403	4050	4052	4051	4053
3388	3390	3400	3402	4038	4040	4050	4052
890	3399	3408	3409	1283	4049	4058	4059
3408	3409	891	3410	4058	4059	1284	4060
3409	3411	3410	915	4059	4061	4060	1308
3399	3405	3412	3413	4049	4055	4062	4063
3412	3413	3409	3414	4062	4063	4059	4064
3413	3415	3414	3411	4063	4065	4064	4061
3405	3407	3413	3415	4055	4057	4063	4065
891	915	892	916	1284	1308	1285	1309
892	916	893	917	1285	1309	1286	1310
893	917	894	918	1286	1310	1287	1311
894	918	895	919	1287	1311	1288	1312
895	919	896	920	1288	1312	1289	1313
896	920	897	921	1289	1313	1290	1314
897	921	898	922	1290	1314	1291	1315
898	922	899	923	1291	1315	1292	1316
899	923	900	924	1292	1316	1293	1317
900	924	901	925	1293	1317	1294	1318
901	925	902	926	1294	1318	1295	1319
902	926	903	927	1295	1319	1296	1320
903	927	904	928	1296	1320	1297	1321
905	929	906	930	1298	1322	1299	1323
906	930	907	931	1299	1323	1300	1324
907	931	908	932	1300	1324	1301	1325
908	932	909	933	1301	1325	1302	1326
909	933	910	934	1302	1326	1303	1327
910	934	911	935	1303	1327	1304	1328
911	935	912	936	1304	1328	1305	1329
912	936	914	937	1305	1329	1307	1330
914	3416	3380	3417	1307	4066	4030	4067
3380	3417	3390	3418	4030	4067	4040	4068
3417	3419	3418	960	4067	4069	4068	1353
3416	937	3417	3419	4066	1330	4067	4069
3390	3422	3402	3423	4040	4072	4052	4073
3402	3423	3403	3424	4052	4073	4053	4074
3423	3425	3424	3420	4073	4075	4074	4070
3422	3418	3423	3425	4072	4068	4073	4075
3403	3424	3406	3426	4053	4074	4056	4076
3406	3426	3407	3427	4056	4076	4057	4077
3426	3428	3427	3429	4076	4078	4077	4079
3424	3420	3426	3428	4074	4070	4076	4078
3420	3430	3428	3431	4070	4080	4078	4081
3428	3431	3429	3432	4078	4081	4079	4082
3431	3433	3432	3434	4081	4083	4082	4084
3430	3421	3431	3433	4080	4071	4081	4083
3418	960	3420	3421	4068	1353	4070	4071
3407	3427	3415	3435	4057	4077	4065	4085
3415	3435	3411	3436	4065	4085	4061	4086
3435	3437	3436	3438	4085	4087	4086	4088
3427	3429	3435	3437	4077	4079	4085	4087
3411	3436	3439	3440	4061	4086	4089	4090
3439	3440	915	3441	4089	4090	1308	4091
3440	3442	3441	3443	4090	4092	4091	4093
3436	3438	3440	3442	4086	4088	4090	4092
3438	3445	3442	3448	4088	4095	4092	4098
3442	3448	3443	3449	4092	4098	4093	4099
3448	3450	3449	3451	4098	4100	4099	4101
3445	3447	3448	3450	4095	4097	4098	4100
3429	3432	3437	3444	4079	4082	4087	4094
3437	3444	3438	3445	4087	4094	4088	4095
3444	3446	3445	3447	4094	4096	4095	4097
3432	3434	3444	3446	4082	4084	4094	4096
915	3443	3452	3453	1308	4093	4102	4103
3452	3453	916	3454	4102	4103	1309	4104
3453	3455	3454	938	4103	4105	4104	1331
3443	3449	3456	3457	4093	4099	4106	4107
3456	3457	3453	3458	4106	4107	4103	4108
3457	3459	3458	3455	4107	4109	4108	4105
3449	3451	3457	3459	4099	4101	4107	4109
916	938	917	939	1309	1331	1310	1332
917	939	918	940	1310	1332	1311	1333
918	940	919	941	1311	1333	1312	1334
919	941	920	942	1312	1334	1313	1335
920	942	921	943	1313	1335	1314	1336
921	943	922	944	1314	1336	1315	1337
922	944	923	945	1315	1337	1316	1338
923	945	924	946	1316	1338	1317	1339
924	946	925	947	1317	1339	1318	1340
925	947	926	948	1318	1340	1319	1341
926	948	927	949	1319	1341	1320	1342
927	949	928	950	1320	1342	1321	1343
929	951	930	952	1322	1344	1323	1345
930	952	931	953	1323	1345	1324	1346
931	953	932	954	1324	1346	1325	1347
932	954	933	955	1325	1347	1326	1348
933	955	934	956	1326	1348	1327	1349
934	956	935	957	1327	1349	1328	1350
935	957	936	958	1328	1350	1329	1351
936	958	937	959	1329	1351	1330	1352
937	959	960	961	1330	1352	1353	1354
960	3460	3421	3461	1353	4110	4071	4111
3421	3461	3434	3462	4071	4111	4084	4112
3461	3463	3462	984	4111	4113	4112	1377
3460	961	3461	3463	4110	1354	4111	4113
3434	3466	3446	3467	4084	4116	4096	4117
3446	3467	3447	3468	4096	4117	4097	4118
3467	3469	3468	3464	4117	4119	4118	4114
3466	3462	3467	3469	4116	4112	4117	4119
3447	3468	3450	3470	4097	4118	4100	4120
3450	3470	3451	3471	4100	4120	4101	4121
3470	3472	3471	3473	4120	4122	4121	4123
3468	3464	3470	3472	4118	4114	4120	4122
3464	3474	3472	3475	4114	4124	4122	4125
3472	3475	3473	3476	4122	4125	4123	4126
3475	3477	3476	3478	4125	4127	4126	4128
3474	3465	3475	3477	4124	4115	4125	4127
3462	984	3464	3465	4112	1377	4114	4115
3451	3471	3459	3479	4101	4121	4109	4129
3459	3479	3455	3480	4109	4129	4105	4130
3479	3481	3480	3482	4129	4131	4130	4132
3471	3473	3479	3481	4121	4123	4129	4131
3455	3480	3483	3484	4105	4130	4133	4134
3483	3484	938	3485	4133	4134	1331	4135
3484	3486	3485	3487	4134	4136	4135	4137
3480	3482	3484	3486	4130	4132	4134	4136
3482	3489	3486	3492	4132	4139	4136	4142
3486	3492	3487	3493	4136	4142	4137	4143
3492	3494	3493	3495	4142	4144	4143	4145
3489	3491	3492	3494	4139	4141	4142	4144
3473	3476	3481	3488	4123	4126	4131	4138
3481	3488	3482	3489	4131	4138	4132	4139
3488	3490	3489	3491	4138	4140	4139	4141
3476	3478	3488	3490	4126	4128	4138	4140
938	3487	3496	3497	1331	4137	4146	4147
3496	3497	939	3498	4146	4147	1332	4148
3497	3499	3498	962	4147	4149	4148	1355
3487	3493	3500	3501	4137	4143	4150	4151
3500	3501	3497	3502	4150	4151	4147	4152
3501	3503	3502	3499	4151	4153	4152	4149
3493	3495	3501	3503	4143	4145	4151	4153
939	962	940	963	1332	1355	1333	1356
940	963	941	964	1333	1356	1334	1357
941	964	942	965	1334	1357	1335	1358
942	965	943	966	1335	1358	1336	1359
943	966	944	967	1336	1359	1337	1360
944	967	945	968	1337	1360	1338	1361
945	968	946	969	1338	1361	1339	1362
946	969	947	970	1339	1362	1340	1363
947	970	948	971	1340	1363	1341	1364
948	971	949	972	1341	1364	1342	1365
949	972	950	973	1342	1365	1343	1366
951	974	952	975	1344	1367	1345	1368
952	975	953	976	1345	1368	1346	1369
953	976	954	977	1346	1369	1347	1370
954	977	955	978	1347	1370	1348	1371
955	978	956	979	1348	1371	1349	1372
956	979	957	980	1349	1372	1350	1373
957	980	958	981	1350	1373	1351	1374
958	981	959	982	1351	1374	1352	1375
959	982	961	983	1352	1375	1354	1376
961	983	984	985	1354	1376	1377	1378
984	3504	3465	3505	1377	4154	4115	4155
3465	3508	3477	3509	4115	4158	4127	4159
3477	3509	3478	3510	4127	4159	4128	4160
3509	3511	3510	3507	4159	4161	4160	4157
3508	3505	3509	3511	4158	4155	4159	4161
3505	3506	3507	1008	4155	4156	4157	1401
3504	985	3505	3506	4154	1378	4155	4156
3478	3510	3490	3512	4128	4160	4140	4162
3490	3512	3491	3513	4140	4162	4141	4163
3512	3514	3513	3515	4162	4164	4163	4165
3510	3507	3512	3514	4160	4157	4162	4164
3491	3513	3494	3516	4141	4163	4144	4166
3494	3516	3495	3517	4144	4166	4145	4167
3516	3518	3517	3519	4166	4168	4167	4169
3513	3515	3516	3518	4163	4165	4166	4168
3515	3522	3518	3525	4165	4172	4168	4175
3518	3525	3519	3526	4168	4175	4169	4176
3525	3527	3526	3528	4175	4177	4176	4178
3522	3524	3525	3527	4172	4174	4175	4177
3507	3520	3514	3521	4157	4170	4164	4171
3514	3521	3515	3522	4164	4171	4165	4172
3521	3523	3522	3524	4171	4173	4172	4174
3520	1008	3521	3523	4170	1401	4171	4173
3495	3517	3503	3529	4145	4167	4153	4179
3503	3529	3499	3530	4153	4179	4149	4180
3529	3531	3530	3532	4179	4181	4180	4182
3517	3519	3529	3531	4167	4169	4179	4181
3499	3530	3533	3534	4149	4180	4183	4184
3533	3534	962	3535	4183	4184	1355	4185
3534	3536	3535	3537	4184	4186	4185	4187
3530	3532	3534	3536	4180	4182	4184	4186
3532	3539	3536	3542	4182	4189	4186	4192
3536	3542	3537	3543	4186	4192	4187	4193
3542	3544	3543	3545	4192	4194	4193	4195
3539	3541	3542	3544	4189	4191	4192	4194
3519	3526	3531	3538	4169	4176	4181	4188
3531	3538	3532	3539	4181	4188	4182	4189
3538	3540	3539	3541	4188	4190	4189	4191
3526	3528	3538	3540	4176	4178	4188	4190
962	3537	3546	3547	1355	4187	4196	4197
3546	3547	963	3548	4196	4197	1356	4198
3547	3549	3548	986	4197	4199	4198	1379
3537	3543	3550	3551	4187	4193	4200	4201
3550	3551	3547	3552	4200	4201	4197	4202
3551	3553	3552	3549	4201	4203	4202	4199
3543	3545	3551	3553	4193	4195	4201	4203
963	986	964	987	1356	1379	1357	1380
964	987	965	988	1357	1380	1358	1381
965	988	966	989	1358	1381	1359	1382
966	989	967	990	1359	1382	1360	1383
967	990	968	991	1360	1383	1361	1384
968	991	969	992	1361	1384	1362	1385
969	992	970	993	1362	1385	1363	1386
970	993	971	994	1363	1386	1364	1387
971	994	972	995	1364	1387	1365	1388
972	995	973	996	1365	1388	1366	1389
974	997	975	998	1367	1390	1368	1391
975	998	976	999	1368	1391	1369	1392
976	999	977	1000	1369	1392	1370	1393
977	1000	978	1001	1370	1393	1371	1394
978	1001	979	1002	1371	1394	1372	1395
979	1002	980	1003	1372	1395	1373	1396
980	1003	981	1004	1373	1396	1374	1397
981	1004	982	1005	1374	1397	1375	1398
982	1005	983	1006	1375	1398	1376	1399
983	1006	985	1007	1376	1399	1378	1400
985	1007	1008	1009	1378	1400	1401	1402
1008	3554	3524	3555	1401	4204	4174	4205
3524	3559	3527	3560	4174	4209	4177	4210
3527	3560	3528	3561	4177	4210	4178	4211
3560	3562	3561	3557	4210	4212	4211	4207
3559	3555	3560	3562	4209	4205	4210	4212
3555	3556	3557	3558	4205	4206	4207	4208
3554	1009	3555	3556	4204	1402	4205	4206
3528	3561	3540	3563	4178	4211	4190	4213
3540	3563	3541	3564	4190	4213	4191	4214
3563	3565	3564	3566	4213	4215	4214	4216
3561	3557	3563	3565	4211	4207	4213	4215
3541	3564	3544	3567	4191	4214	4194	4217
3544	3567	3545	3568	4194	4217	4195	4218
3567	3569	3568	3570	4217	4219	4218	4220
3564	3566	3567	3569	4214	4216	4217	4219
3566	3573	3569	3576	4216	4223	4219	4226
3569	3576	3570	3577	4219	4226	4220	4227
3576	3578	3577	3579	4226	4228	4227	4229
3573	3575	3576	3578	4223	4225	4226	4228
3557	3571	3565	3572	4207	4221	4215	4222
3565	3572	3566	3573	4215	4222	4216	4223
3572	3574	3573	3575	4222	4224	4223	4225
3571	3558	3572	3574	4221	4208	4222	4224
3545	3568	3553	3580	4195	4218	4203	4230
3553	3580	3549	3581	4203	4230	4199	4231
3580	3582	3581	3583	4230	4232	4231	4233
3568	3570	3580	3582	4218	4220	4230	4232
3549	3581	3584	3585	4199	4231	4234	4235
3584	3585	986	3586	4234	4235	1379	4236
3585	3587	3586	3588	4235	4237	4236	4238
3581	3583	3585	3587	4231	4233	4235	4237
3583	3590	3587	3593	4233	4240	4237	4243
3587	3593	3588	3594	4237	4243	4238	4244
3593	3595	3594	3596	4243	4245	4244	4246
3590	3592	3593	3595	4240	4242	4243	4245
3570	3577	3582	3589	4220	4227	4232	4239
3582	3589	3583	3590	4232	4239	4233	4240
3589	3591	3590	3592	4239	4241	4240	4242
3577	3579	3589	3591	4227	4229	4239	4241
986	3588	3597	3598	1379	4238	4247	4248
3597	3598	987	3599	4247	4248	1380	4249
3598	3600	3599	1010	4248	4250	4249	1403
3588	3594	3601	3602	4238	4244	4251	4252
3601	3602	3598	3603	4251	4252	4248	4253
3602	3604	3603	3600	4252	4254	4253	4250
3594	3596	3602	3604	4244	4246	4252	4254
987	1010	988	1011	1380	1403	1381	1404
988	1011	989	1012	1381	1404	1382	1405
989	1012	990	1013	1382	1405	1383	1406
990	1013	991	1014	1383	1406	1384	1407
991	1014	992	1015	1384	1407	1385	1408
992	1015	993	1016	1385	1408	1386	1409
993	1016	994	1017	1386	1409	1387	1410
994	1017	995	1018	1387	1410	1388	1411
995	1018	996	1019	1388	1411	1389	1412
997	1020	998	1021	1390	1413	1391	1414
998	1021	999	1022	1391	1414	1392	1415
999	1022	1000	1023	1392	1415	1393	1416
1000	1023	1001	1024	1393	1416	1394	1417
1001	1024	1002	1025	1394	1417	1395	1418
1002	1025	1003	1026	1395	1418	1396	1419
1003	1026	1004	1027	1396	1419	1397	1420
1004	1027	1005	1028	1397	1420	1398	1421
1005	1028	1006	1029	1398	1421	1399	1422
1006	1029	1007	1030	1399	1422	1400	1423
1007	1030	1009	1031	1400	1423	1402	1424
1009	3605	3556	3606	1402	4255	4206	4256
3556	3606	3558	3607	4206	4256	4208	4257
3606	3608	3607	1053	4256	4258	4257	1446
3605	1031	3606	3608	4255	1424	4256	4258
3558	3611	3574	3612	4208	4261	4224	4262
3574	3612	3575	3613	4224	4262	4225	4263
3612	3614	3613	3609	4262	4264	4263	4259
3611	3607	3612	3614	4261	4257	4262	4264
3575	3613	3578	3615	4225	4263	4228	4265
3578	3615	3579	3616	4228	4265	4229	4266
3615	3617	3616	3618	4265	4267	4266	4268
3613	3609	3615	3617	4263	4259	4265	4267
3609	3619	3617	3620	4259	4269	4267	4270
3617	3620	3618	3621	4267	4270	4268	4271
3620	3622	3621	3623	4270	4272	4271	4273
3619	3610	3620	3622	4269	4260	4270	4272
3607	1053	3609	3610	4257	1446	4259	4260
3579	3616	3591	3624	4229	4266	4241	4274
3591	3624	3592	3625	4241	4274	4242	4275
3624	3626	3625	3627	4274	4276	4275	4277
3616	3618	3624	3626	4266	4268	4274	4276
3592	3625	3595	3628	4242	4275	4245	4278
3595	3628	3596	3629	4245	4278	4246	4279
3628	3630	3629	3631	4278	4280	4279	4281
3625	3627	3628	3630	4275	4277	4278	4280
3627	3633	3630	3636	4277	4283	4280	4286
3630	3636	3631	3637	4280	4286	4281	4287
3636	3638	3637	3639	4286	4288	4287	4289
3633	3635	3636	3638	4283	4285	4286	4288
3618	3621	3626	3632	4268	4271	4276	4282
3626	3632	3627	3633	4276	4282	4277	4283
3632	3634	3633	3635	4282	4284	4283	4285
3621	3623	3632	3634	4271	4273	4282	4284
3596	3629	3604	3640	4246	4279	4254	4290
3604	3640	3600	3641	4254	4290	4250	4291
3640	3642	3641	3643	4290	4292	4291	4293
3629	3631	3640	3642	4279	4281	4290	4292
3600	3641	3644	3645	4250	4291	4294	4295
3644	3645	1010	3646	4294	4295	1403	4296
3645	3647	3646	3648	4295	4297	4296	4298
3641	3643	3645	3647	4291	4293	4295	4297
3643	3650	3647	3653	4293	4300	4297	4303
3647	3653	3648	3654	4297	4303	4298	4304
3653	3655	3654	3656	4303	4305	4304	4306
3650	3652	3653	3655	4300	4302	4303	4305
3631	3637	3642	3649	4281	4287	4292	4299
3642	3649	3643	3650	4292	4299	4293	4300
3649	3651	3650	3652	4299	4301	4300	4302
3637	3639	3649	3651	4287	4289	4299	4301
1010	3648	3657	3658	1403	4298	4307	4308
3657	3658	1011	3659	4307	4308	1404	4309
3658	3660	3659	1032	4308	4310	4309	1425
3648	3654	3661	3662	4298	4304	4311	4312
3661	3662	3658	3663	4311	4312	4308	4313
3662	3664	3663	3660	4312	4314	4313	4310
3654	3656	3662	3664	4304	4306	4312	4314
1011	1032	1012	1033	1404	1425	1405	1426
1012	1033	1013	1034	1405	1426	1406	1427
1013	1034	1014	1035	1406	1427	1407	1428
1014	1035	1015	1036	1407	1428	1408	1429
1015	1036	1016	1037	1408	1429	1409	1430
1016	1037	1017	1038	1409	1430	1410	1431
1017	1038	1018	1039	1410	1431	1411	1432
1018	1039	1019	1040	1411	1432	1412	1433
1020	1041	1021	1042	1413	1434	1414	1435
1021	1042	1022	1043	1414	1435	1415	1436
1022	1043	1023	1044	1415	1436	1416	1437
1023	1044	1024	1045	1416	1437	1417	1438
1024	1045	1025	1046	1417	1438	1418	1439
1025	1046	1026	1047	1418	1439	1419	1440
1026	1047	1027	1048	1419	1440	1420	1441
1027	1048	1028	1049	1420	1441	1421	1442
1028	1049	1029	1050	1421	1442	1422	1443
1029	1050	1030	1051	1422	1443	1423	1444
1030	1051	1031	1052	1423	1444	1424	1445
1031	1052	1053	1054	1424	1445	1446	1447
1053	3665	3610	3666	1446	4315	4260	4316
3610	3666	3623	3667	4260	4316	4273	4317
3666	3668	3667	1076	4316	4318	4317	1469
3665	1054	3666	3668	4315	1447	4316	4318
3623	3671	3634	3672	4273	4321	4284	4322
3634	3672	3635	3673	4284	4322	4285	4323
3672	3674	3673	3669	4322	4324	4323	4319
3671	3667	3672	3674	4321	4317	4322	4324
3635	3673	3638	3675	4285	4323	4288	4325
3638	3675	3639	3676	4288	4325	4289	4326
3675	3677	3676	3678	4325	4327	4326	4328
3673	3669	3675	3677	4323	4319	4325	4327
3669	3679	3677	3680	4319	4329	4327	4330
3677	3680	3678	3681	4327	4330	4328	4331
3680	3682	3681	3683	4330	4332	4331	4333
3679	3670	3680	3682	4329	4320	4330	4332
3667	1076	3669	3670	4317	1469	4319	4320
3639	3676	3651	3684	4289	4326	4301	4334
3651	3684	3652	3685	4301	4334	4302	4335
3684	3686	3685	3687	4334	4336	4335	4337
3676	3678	3684	3686	4326	4328	4334	4336
3652	3685	3655	3688	4302	4335	4305	4338
3655	3688	3656	3689	4305	4338	4306	4339
3688	3690	3689	3691	4338	4340	4339	4341
3685	3687	3688	3690	4335	4337	4338	4340
3687	3693	3690	3696	4337	4343	4340	4346
3690	3696	3691	3697	4340	4346	4341	4347
3696	3698	3697	3699	4346	4348	4347	4349
3693	3695	3696	3698	4343	4345	4346	4348
3678	3681	3686	3692	4328	4331	4336	4342
3686	3692	3687	3693	4336	4342	4337	4343
3692	3694	3693	3695	4342	4344	4343	4345
3681	3683	3692	3694	4331	4333	4342	4344
3656	3689	3664	3700	4306	4339	4314	4350
3664	3700	3660	3701	4314	4350	4310	4351
3700	3702	3701	3703	4350	4352	4351	4353
3689	3691	3700	3702	4339	4341	4350	4352
3660	3701	3704	3705	4310	4351	4354	4355
3704	3705	1032	3706	4354	4355	1425	4356
3705	3707	3706	3708	4355	4357	4356	4358
3701	3703	3705	3707	4351	4353	4355	4357
3703	3710	3707	3713	4353	4360	4357	4363
3707	3713	3708	3714	4357	4363	4358	4364
3713	3715	3714	3716	4363	4365	4364	4366
3710	3712	3713	3715	4360	4362	4363	4365
3691	3697	3702	3709	4341	4347	4352	4359
3702	3709	3703	3710	4352	4359	4353	4360
3709	3711	3710	3712	4359	4361	4360	4362
3697	3699	3709	3711	4347	4349	4359	4361
1032	3708	3717	3718	1425	4358	4367	4368
3717	3718	1033	3719	4367	4368	1426	4369
3718	3720	3719	1055	4368	4370	4369	1448
3708	3716	3718	3720	4358	4366	4368	4370
1033	1055	1034	1056	1426	1448	1427	1449
1034	1056	1035	1057	1427	1449	1428	1450
1035	1057	1036	1058	1428	1450	1429	1451
1036	1058	1037	1059	1429	1451	1430	1452
1037	1059	1038	1060	1430	1452	1431	1453
1038	1060	1039	1061	1431	1453	1432	1454
1039	1061	1040	1062	1432	1454	1433	1455
1041	1063	1042	1064	1434	1456	1435	1457
1042	1064	1043	1065	1435	1457	1436	1458
1043	1065	1044	1066	1436	1458	1437	1459
1044	1066	1045	1067	1437	1459	1438	1460
1045	1067	1046	1068	1438	1460	1439	1461
1046	1068	1047	1069	1439	1461	1440	1462
1047	1069	1048	1070	1440	1462	1441	1463
1048	1070	1049	1071	1441	1463	1442	1464
1049	1071	1050	1072	1442	1464	1443	1465
1050	1072	1051	1073	1443	1465	1444	1466
1051	1073	1052	1074	1444	1466	1445	1467
1052	1074	1054	1075	1445	1467	1447	1468
1054	1075	1076	1077	1447	1468	1469	1470
1076	3721	3670	3722	1469	4371	4320	4372
3670	3722	3683	3723	4320	4372	4333	4373
3722	3724	3723	1100	4372	4374	4373	1493
3721	1077	3722	3724	4371	1470	4372	4374
3683	3725	3694	3726	4333	4375	4344	4376
3694	3726	3695	3727	4344	4376	4345	4377
3726	3728	3727	3729	4376	4378	4377	4379
3725	3723	3726	3728	4375	4373	4376	4378
3695	3727	3698	3730	4345	4377	4348	4380
3698	3730	3699	3731	4348	4380	4349	4381
3730	3732	3731	3733	4380	4382	4381	4383
3727	3729	3730	3732	4377	4379	4380	4382
3729	3736	3732	3739	4379	4386	4382	4389
3732	3739	3733	3740	4382	4389	4383	4390
3739	3741	3740	3742	4389	4391	4390	4392
3736	3738	3739	3741	4386	4388	4389	4391
3723	3734	3728	3735	4373	4384	4378	4385
3728	3735	3729	3736	4378	4385	4379	4386
3735	3737	3736	3738	4385	4387	4386	4388
3734	1100	3735	3737	4384	1493	4385	4387
3699	3731	3711	3743	4349	4381	4361	4393
3711	3743	3712	3744	4361	4393	4362	4394
3743	3745	3744	3746	4393	4395	4394	4396
3731	3733	3743	3745	4381	4383	4393	4395
3712	3744	3715	3747	4362	4394	4365	4397
3715	3747	3716	3748	4365	4397	4366	4398
3747	3749	3748	3750	4397	4399	4398	4400
3744	3746	3747	3749	4394	4396	4397	4399
3746	3752	3749	3755	4396	4402	4399	4405
3749	3755	3750	3756	4399	4405	4400	4406
3755	3757	3756	3758	4405	4407	4406	4408
3752	3754	3755	3757	4402	4404	4405	4407
3733	3740	3745	3751	4383	4390	4395	4401
3745	3751	3746	3752	4395	4401	4396	4402
3751	3753	3752	3754	4401	4403	4402	4404
3740	3742	3751	3753	4390	4392	4401	4403
3716	3748	3762	3763	4366	4398	4412	4413
3762	3763	3720	3764	4412	4413	4370	4414
3763	3765	3764	3759	4413	4415	4414	4409
3748	3750	3763	3765	4398	4400	4413	4415
3720	3759	1055	3760	4370	4409	1448	4410
3759	3761	3760	1078	4409	4411	4410	1471
3750	3756	3765	3766	4400	4406	4415	4416
3765	3766	3759	3767	4415	4416	4409	4417
3766	3768	3767	3761	4416	4418	4417	4411
3756	3758	3766	3768	4406	4408	4416	4418
1055	1078	1056	1079	1448	1471	1449	1472
1056	1079	1057	1080	1449	1472	1450	1473
1057	1080	1058	1081	1450	1473	1451	1474
1058	1081	1059	1082	1451	1474	1452	1475
1059	1082	1060	1083	1452	1475	1453	1476
1060	1083	1061	1084	1453	1476	1454	1477
1061	1084	1062	1085	1454	1477	1455	1478
1063	1086	1064	1087	1456	1479	1457	1480
1064	1087	1065	1088	1457	1480	1458	1481
1065	1088	1066	1089	1458	1481	1459	1482
1066	1089	1067	1090	1459	1482	1460	1483
1067	1090	1068	1091	1460	1483	1461	1484
1068	1091	1069	1092	1461	1484	1462	1485
1069	1092	1070	1093	1462	1485	1463	1486
1070	1093	1071	1094	1463	1486	1464	1487
1071	1094	1072	1095	1464	1487	1465	1488
1072	1095	1073	1096	1465	1488	1466	1489
1073	1096	1074	1097	1466	1489	1467	1490
1074	1097	1075	1098	1467	1490	1468	1491
1075	1098	1077	1099	1468	1491	1470	1492
1077	1099	1100	1101	1470	1492	1493	1494
1100	3769	3738	3770	1493	4419	4388	4420
3738	3773	3741	3774	4388	4423	4391	4424
3741	3774	3742	3775	4391	4424	4392	4425
3774	3776	3775	3772	4424	4426	4425	4422
3773	3770	3774	3776	4423	4420	4424	4426
3770	3771	3772	1124	4420	4421	4422	1517
3769	1101	3770	3771	4419	1494	4420	4421
3742	3775	3753	3777	4392	4425	4403	4427
3753	3777	3754	3778	4403	4427	4404	4428
3777	3779	3778	3780	4427	4429	4428	4430
3775	3772	3777	3779	4425	4422	4427	4429
3754	3778	3757	3781	4404	4428	4407	4431
3757	3781	3758	3782	4407	4431	4408	4432
3781	3783	3782	3784	4431	4433	4432	4434
3778	3780	3781	3783	4428	4430	4431	4433
3780	3787	3783	3790	4430	4437	4433	4440
3783	3790	3784	3791	4433	4440	4434	4441
3790	3792	3791	3793	4440	4442	4441	4443
3787	3789	3790	3792	4437	4439	4440	4442
3772	3785	3779	3786	4422	4435	4429	4436
3779	3786	3780	3787	4429	4436	4430	4437
3786	3788	3787	3789	4436	4438	4437	4439
3785	1124	3786	3788	4435	1517	4436	4438
3758	3782	3768	3794	4408	4432	4418	4444
3768	3794	3761	3795	4418	4444	4411	4445
3794	3796	3795	3797	4444	4446	4445	4447
3782	3784	3794	3796	4432	4434	4444	4446
3761	3795	3798	3799	4411	4445	4448	4449
3798	3799	1078	3800	4448	4449	1471	4450
3799	3801	3800	3802	4449	4451	4450	4452
3795	3797	3799	3801	4445	4447	4449	4451
3797	3804	3801	3807	4447	4454	4451	4457
3801	3807	3802	3808	4451	4457	4452	4458
3807	3809	3808	3810	4457	4459	4458	4460
3804	3806	3807	3809	4454	4456	4457	4459
3784	3791	3796	3803	4434	4441	4446	4453
3796	3803	3797	3804	4446	4453	4447	4454
3803	3805	3804	3806	4453	4455	4454	4456
3791	3793	3803	3805	4441	4443	4453	4455
1078	3802	3811	3812	1471	4452	4461	4462
3811	3812	1079	3813	4461	4462	1472	4463
3812	3814	3813	1102	4462	4464	4463	1495
3802	3810	3812	3814	4452	4460	4462	4464
1079	1102	1080	1103	1472	1495	1473	1496
1080	1103	1081	1104	1473	1496	1474	1497
1081	1104	1082	1105	1474	1497	1475	1498
1082	1105	1083	1106	1475	1498	1476	1499
1083	1106	1084	1107	1476	1499	1477	1500
1084	1107	1085	1108	1477	1500	1478	1501
1086	1109	1087	1110	1479	1502	1480	1503
1087	1110	1088	1111	1480	1503	1481	1504
1088	1111	1089	1112	1481	1504	1482	1505
1089	1112	1090	1113	1482	1505	1483	1506
1090	1113	1091	1114	1483	1506	1484	1507
1091	1114	1092	1115	1484	1507	1485	1508
1092	1115	1093	1116	1485	1508	1486	1509
1093	1116	1094	1117	1486	1509	1487	1510
1094	1117	1095	1118	1487	1510	1488	1511
1095	1118	1096	1119	1488	1511	1489	1512
1096	1119	1097	1120	1489	1512	1490	1513
1097	1120	1098	1121	1490	1513	1491	1514
1098	1121	1099	1122	1491	1514	1492	1515
1099	1122	1101	1123	1492	1515	1494	1516
1101	1123	1124	1125	1494	1516	1517	1518
1124	3815	3789	3816	1517	4465	4439	4466
3789	3818	3792	3819	4439	4468	4442	4469
3792	3819	3793	3820	4442	4469	4443	4470
3819	3821	3820	3822	4469	4471	4470	4472
3818	3816	3819	3821	4468	4466	4469	4471
3816	3823	3821	3824	4466	4473	4471	4474
3821	3824	3822	3825	4471	4474	4472	4475
3824	3826	3825	3827	4474	4476	4475	4477
3823	3817	3824	3826	4473	4467	4474	4476
3815	1125	3816	3817	4465	1518	4466	4467
3793	3820	3805	3828	4443	4470	4455	4478
3805	3828	3806	3829	4455	4478	4456	4479
3828	3830	3829	3831	4478	4480	4479	4481
3820	3822	3828	3830	4470	4472	4478	4480
3806	3829	3809	3832	4456	4479	4459	4482
3809	3832	3810	3833	4459	4482	4460	4483
3832	3834	3833	3835	4482	4484	4483	4485
3829	3831	3832	3834	4479	4481	4482	4484
3831	3837	3834	3840	4481	4487	4484	4490
3834	3840	3835	3841	4484	4490	4485	4491
3840	3842	3841	3843	4490	4492	4491	4493
3837	3839	3840	3842	4487	4489	4490	4492
3822	3825	3830	3836	4472	4475	4480	4486
3830	3836	3831	3837	4480	4486	4481	4487
3836	3838	3837	3839	4486	4488	4487	4489
3825	3827	3836	3838	4475	4477	4486	4488
3810	3835	3814	3844	4460	4485	4464	4494
3814	3844	1102	3845	4464	4494	1495	4495
3844	3846	3845	1126	4494	4496	4495	1519
3835	3841	3847	3848	4485	4491	4497	4498
3847	3848	3844	3849	4497	4498	4494	4499
3848	3850	3849	3846	4498	4500	4499	4496
3841	3843	3848	3850	4491	4493	4498	4500
1102	1126	1103	1127	1495	1519	1496	1520
1103	1127	1104	1128	1496	1520	1497	1521
1104	1128	1105	1129	1497	1521	1498	1522
1105	1129	1106	1130	1498	1522	1499	1523
1106	1130	1107	1131	1499	1523	1500	1524
1107	1131	1108	1132	1500	1524	1501	1525
1109	1133	1110	1134	1502	1526	1503	1527
1110	1134	1111	1135	1503	1527	1504	1528
1111	1135	1112	1136	1504	1528	1505	1529
1112	1136	1113	1137	1505	1529	1506	1530
1113	1137	1114	1138	1506	1530	1507	1531
1114	1138	1115	1139	1507	1531	1508	1532
1115	1139	1116	1140	1508	1532	1509	1533
1116	1140	1117	1141	1509	1533	1510	1534
1117	1141	1118	1142	1510	1534	1511	1535
1118	1142	1119	1143	1511	1535	1512	1536
1119	1143	1120	1144	1512	1536	1513	1537
1120	1144	1121	1145	1513	1537	1514	1538
1121	1145	1122	1146	1514	1538	1515	1539
1122	1146	1123	1147	1515	1539	1516	1540
1123	1147	1125	1148	1516	1540	1518	1541
1125	3851	3817	3852	1518	4501	4467	4502
3817	3852	3827	3853	4467	4502	4477	4503
3852	3854	3853	1171	4502	4504	4503	1564
3851	1148	3852	3854	4501	1541	4502	4504
3827	3857	3838	3858	4477	4507	4488	4508
3838	3858	3839	3859	4488	4508	4489	4509
3858	3860	3859	3855	4508	4510	4509	4505
3857	3853	3858	3860	4507	4503	4508	4510
3839	3859	3842	3861	4489	4509	4492	4511
3842	3861	3843	3862	4492	4511	4493	4512
3861	3863	3862	3864	4511	4513	4512	4514
3859	3855	3861	3863	4509	4505	4511	4513
3855	3865	3863	3866	4505	4515	4513	4516
3863	3866	3864	3867	4513	4516	4514	4517
3866	3868	3867	3869	4516	4518	4517	4519
3865	3856	3866	3868	4515	4506	4516	4518
3853	1171	3855	3856	4503	1564	4505	4506
3843	3862	3850	3872	4493	4512	4500	4522
3850	3872	3846	3873	4500	4522	4496	4523
3872	3874	3873	3870	4522	4524	4523	4520
3862	3864	3872	3874	4512	4514	4522	4524
3846	3870	1126	3871	4496	4520	1519	4521
3870	3876	3879	3880	4520	4526	4529	4530
3879	3880	3871	3881	4529	4530	4521	4531
3880	3882	3881	3883	4530	4532	4531	4533
3876	3878	3880	3882	4526	4528	4530	4532
3864	3867	3874	3875	4514	4517	4524	4525
3874	3875	3870	3876	4524	4525	4520	4526
3875	3877	3876	3878	4525	4527	4526	4528
3867	3869	3875	3877	4517	4519	4525	4527
1126	3871	3884	3885	1519	4521	4534	4535
3884	3885	1127	3886	4534	4535	1520	4536
3885	3887	3886	1149	4535	4537	4536	1542
3871	3883	3885	3887	4521	4533	4535	4537
1127	1149	1128	1150	1520	1542	1521	1543
1128	1150	1129	1151	1521	1543	1522	1544
1129	1151	1130	1152	1522	1544	1523	1545
1130	1152	1131	1153	1523	1545	1524	1546
1131	1153	1132	1154	1524	1546	1525	1547
1133	1155	1134	1156	1526	1548	1527	1549
1134	1156	1135	1157	1527	1549	1528	1550
1135	1157	1136	1158	1528	1550	1529	1551
1136	1158	1137	1159	1529	1551	1530	1552
1137	1159	1138	1160	1530	1552	1531	1553
1138	1160	1139	1161	1531	1553	1532	1554
1139	1161	1140	1162	1532	1554	1533	1555
1140	1162	1141	1163	1533	1555	1534	1556
1141	1163	1142	1164	1534	1556	1535	1557
1142	1164	1143	1165	1535	1557	1536	1558
1143	1165	1144	1166	1536	1558	1537	1559
1144	1166	1145	1167	1537	1559	1538	1560
1145	1167	1146	1168	1538	1560	1539	1561
1146	1168	1147	1169	1539	1561	1540	1562
1147	1169	1148	1170	1540	1562	1541	1563
1148	1170	1171	1172	1541	1563	1564	1565
1171	3888	3856	3889	1564	4538	4506	4539
3856	3889	3869	3890	4506	4539	4519	4540
3889	3891	3890	3892	4539	4541	4540	4542
3888	1172	3889	3891	4538	1565	4539	4541
3869	3895	3877	3896	4519	4545	4527	4546
3877	3896	3878	3897	4527	4546	4528	4547
3896	3898	3897	3893	4546	4548	4547	4543
3895	3890	3896	3898	4545	4540	4546	4548
3878	3897	3882	3899	4528	4547	4532	4549
3882	3899	3883	3900	4532	4549	4533	4550
3899	3901	3900	3902	4549	4551	4550	4552
3897	3893	3899	3901	4547	4543	4549	4551
3893	3903	3901	3904	4543	4553	4551	4554
3901	3904	3902	3905	4551	4554	4552	4555
3904	3906	3905	3907	4554	4556	4555	4557
3903	3894	3904	3906	4553	4544	4554	4556
3890	3892	3893	3894	4540	4542	4543	4544
3883	3902	3887	3908	4533	4552	4537	4558
3887	3908	1149	3909	4537	4558	1542	4559
3908	3910	3909	1173	4558	4560	4559	1566
3902	3905	3911	3912	4552	4555	4561	4562
3911	3912	3908	3913	4561	4562	4558	4563
3912	3914	3913	3910	4562	4564	4563	4560
3905	3907	3912	3914	4555	4557	4562	4564
1149	1173	1150	1174	1542	1566	1543	1567
1150	1174	1151	1175	1543	1567	1544	1568
1151	1175	1152	1176	1544	1568	1545	1569
1152	1176	1153	1177	1545	1569	1546	1570
1153	1177	1154	1178	1546	1570	1547	1571
1179	1180	1181	1182	1572	1573	1574	1575
1181	1182	1183	1184	1574	1575	1576	1577
1183	1184	1185	1186	1576	1577	1578	1579
1185	1186	1187	1188	1578	1579	1580	1581
1187	1188	1189	1190	1580	1581	1582	1583
1189	3915	3916	3917	1582	4565	4566	4567
3916	3917	3918	3919	4566	4567	4568	4569
3917	3921	3922	3923	4567	4571	4572	4573
3922	3923	3919	3924	4572	4573	4569	4574
3923	3925	3924	3926	4573	4575	4574	4576
3921	3920	3923	3925	4571	4570	4573	4575
3915	1190	3917	3920	4565	1583	4567	4570
3918	3919	3927	3928	4568	4569	4577	4578
3927	3928	1191	3929	4577	4578	1584	4579
3928	3930	3929	1192	4578	4580	4579	1585
3919	3924	3931	3932	4569	4574	4581	4582
3931	3932	3928	3933	4581	4582	4578	4583
3932	3934	3933	3930	4582	4584	4583	4580
3924	3926	3932	3934	4574	4576	4582	4584
1191	1192	1193	1194	1584	1585	1586	1587
1193	1194	1195	1196	1586	1587	1588	1589
1195	1196	1197	1198	1588	1589	1590	1591
1197	1198	1199	1200	1590	1591	1592	1593
1199	1200	1201	1202	1592	1593	1594	1595
1201	1202	1203	1204	1594	1595	1596	1597
1203	1204	1205	1206	1596	1597	1598	1599
1205	1206	1207	1208	1598	1599	1600	1601
1207	1208	1209	1210	1600	1601	1602	1603
1209	1210	1211	1212	1602	1603	1604	1605
1211	1212	1213	1214	1604	1605	1606	1607
1213	1214	1215	1216	1606	1607	1608	1609
1215	1216	1217	1218	1608	1609	1610	1611
1217	1218	1219	1220	1610	1611	1612	1613
1219	1220	1221	1222	1612	1613	1614	1615
1221	1222	1223	1224	1614	1615	1616	1617
1223	1224	1225	1226	1616	1617	1618	1619
1180	1227	1182	1228	1573	1620	1575	1621
1182	1228	1184	1229	1575	1621	1577	1622
1184	1229	1186	1230	1577	1622	1579	1623
1186	1230	1188	1231	1579	1623	1581	1624
1188	1231	1190	1232	1581	1624	1583	1625
1190	3935	3920	3936	1583	4585	4570	4586
3920	3936	3926	3937	4570	4586	4576	4587
3936	3938	3937	1256	4586	4588	4587	1649
3935	1232	3936	3938	4585	1625	4586	4588
3926	3941	3934	3942	4576	4591	4584	4592
3934	3942	3930	3943	4584	4592	4580	4593
3942	3944	3943	3939	4592	4594	4593	4589
3941	3937	3942	3944	4591	4587	4592	4594
3930	3943	3945	3946	4580	4593	4595	4596
3945	3946	1192	3947	4595	4596	1585	4597
3946	3948	3947	3949	4596	4598	4597	4599
3943	3939	3946	3948	4593	4589	4596	4598
3939	3950	3948	3951	4589	4600	4598	4601
3948	3951	3949	3952	4598	4601	4599	4602
3951	3953	3952	3954	4601	4603	4602	4604
3950	3940	3951	3953	4600	4590	4601	4603
3937	1256	3939	3940	4587	1649	4589	4590
1192	3949	3955	3956	1585	4599	4605	4606
3955	3956	1194	3957	4605	4606	1587	4607
3956	3958	3957	1233	4606	4608	4607	1626
3949	3952	3959	3960	4599	4602	4609	4610
3959	3960	3956	3961	4609	4610	4606	4611
3960	3962	3961	3958	4610	4612	4611	4608
3952	3954	3960	3962	4602	4604	4610	4612
1194	1233	1196	1234	1587	1626	1589	1627
1196	1234	1198	1235	1589	1627	1591	1628
1198	1235	1200	1236	1591	1628	1593	1629
1200	1236	1202	1237	1593	1629	1595	1630
1202	1237	1204	1238	1595	1630	1597	1631
1204	1238	1206	1239	1597	1631	1599	1632
1206	1239	1208	1240	1599	1632	1601	1633
1208	1240	1210	1241	1601	1633	1603	1634
1210	1241	1212	1242	1603	1634	1605	1635
1212	1242	1214	1243	1605	1635	1607	1636
1214	1243	1216	1244	1607	1636	1609	1637
1216	1244	1218	1245	1609	1637	1611	1638
1218	1245	1220	1246	1611	1638	1613	1639
1220	1246	1222	1247	1613	1639	1615	1640
1222	1247	1224	1248	1615	1640	1617	1641
1224	1248	1226	1249	1617	1641	1619	1642
1227	1250	1228	1251	1620	1643	1621	1644
1228	1251	1229	1252	1621	1644	1622	1645
1229	1252	1230	1253	1622	1645	1623	1646
1230	1253	1231	1254	1623	1646	1624	1647
1231	1254	1232	1255	1624	1647	1625	1648
1232	1255	1256	1257	1625	1648	1649	1650
1256	3963	3940	3964	1649	4613	4590	4614
3940	3964	3954	3965	4590	4614	4604	4615
3964	3966	3965	1281	4614	4616	4615	1674
3963	1257	3964	3966	4613	1650	4614	4616
3954	3967	3962	3968	4604	4617	4612	4618
3962	3968	3958	3969	4612	4618	4608	4619
3968	3970	3969	3971	4618	4620	4619	4621
3967	3965	3968	3970	4617	4615	4618	4620
3958	3969	3972	3973	4608	4619	4622	4623
3972	3973	1233	3974	4622	4623	1626	4624
3973	3975	3974	3976	4623	4625	4624	4626
3969	3971	3973	3975	4619	4621	4623	4625
3971	3979	3975	3982	4621	4629	4625	4632
3975	3982	3976	3983	4625	4632	4626	4633
3982	3984	3983	3985	4632	4634	4633	4635
3979	3981	3982	3984	4629	4631	4632	4634
3965	3977	3970	3978	4615	4627	4620	4628
3970	3978	3971	3979	4620	4628	4621	4629
3978	3980	3979	3981	4628	4630	4629	4631
3977	1281	3978	3980	4627	1674	4628	4630
1233	3976	3986	3987	1626	4626	4636	4637
3986	3987	1234	3988	4636	4637	1627	4638
3987	3989	3988	1258	4637	4639	4638	1651
3976	3983	3990	3991	4626	4633	4640	4641
3990	3991	3987	3992	4640	4641	4637	4642
3991	3993	3992	3989	4641	4643	4642	4639
3983	3985	3991	3993	4633	4635	4641	4643
1234	1258	1235	1259	1627	1651	1628	1652
1235	1259	1236	1260	1628	1652	1629	1653
1236	1260	1237	1261	1629	1653	1630	1654
1237	1261	1238	1262	1630	1654	1631	1655
1238	1262	1239	1263	1631	1655	1632	1656
1239	1263	1240	1264	1632	1656	1633	1657
1240	1264	1241	1265	1633	1657	1634	1658
1241	1265	1242	1266	1634	1658	1635	1659
1242	1266	1243	1267	1635	1659	1636	1660
1243	1267	1244	1268	1636	1660	1637	1661
1244	1268	1245	1269	1637	1661	1638	1662
1245	1269	1246	1270	1638	1662	1639	1663
1246	1270	1247	1271	1639	1663	1640	1664
1247	1271	1248	1272	1640	1664	1641	1665
1248	1272	1249	1273	1641	1665	1642	1666
1250	1274	1251	1275	1643	1667	1644	1668
1251	1275	1252	1276	1644	1668	1645	1669
1252	1276	1253	1277	1645	1669	1646	1670
1253	1277	1254	1278	1646	1670	1647	1671
1254	1278	1255	1279	1647	1671	1648	1672
1255	1279	1257	1280	1648	1672	1650	1673
1257	1280	1281	1282	1650	1673	1674	1675
1281	3994	3981	3995	1674	4644	4631	4645
3981	3998	3984	3999	4631	4648	4634	4649
3984	3999	3985	4000	4634	4649	4635	4650
3999	4001	4000	3997	4649	4651	4650	4647
3998	3995	3999	4001	4648	4645	4649	4651
3995	3996	3997	1306	4645	4646	4647	1699
3994	1282	3995	3996	4644	1675	4645	4646
3985	4000	3993	4002	4635	4650	4643	4652
3993	4002	3989	4003	4643	4652	4639	4653
4002	4004	4003	4005	4652	4654	4653	4655
4000	3997	4002	4004	4650	4647	4652	4654
3989	4003	4006	4007	4639	4653	4656	4657
4006	4007	1258	4008	4656	4657	1651	4658
4007	4009	4008	4010	4657	4659	4658	4660
4003	4005	4007	4009	4653	4655	4657	4659
4005	4013	4009	4016	4655	4663	4659	4666
4009	4016	4010	4017	4659	4666	4660	4667
4016	4018	4017	4019	4666	4668	4667	4669
4013	4015	4016	4018	4663	4665	4666	4668
3997	4011	4004	4012	4647	4661	4654	4662
4004	4012	4005	4013	4654	4662	4655	4663
4012	4014	4013	4015	4662	4664	4663	4665
4011	1306	4012	4014	4661	1699	4662	4664
1258	4010	4020	4021	1651	4660	4670	4671
4020	4021	1259	4022	4670	4671	1652	4672
4021	4023	4022	1283	4671	4673	4672	1676
4010	4017	4024	4025	4660	4667	4674	4675
4024	4025	4021	4026	4674	4675	4671	4676
4025	4027	4026	4023	4675	4677	4676	4673
4017	4019	4025	4027	4667	4669	4675	4677
1259	1283	1260	1284	1652	1676	1653	1677
1260	1284	1261	1285	1653	1677	1654	1678
1261	1285	1262	1286	1654	1678	1655	1679
1262	1286	1263	1287	1655	1679	1656	1680
1263	1287	1264	1288	1656	1680	1657	1681
1264	1288	1265	1289	1657	1681	1658	1682
1265	1289	1266	1290	1658	1682	1659	1683
1266	1290	1267	1291	1659	1683	1660	1684
1267	1291	1268	1292	1660	1684	1661	1685
1268	1292	1269	1293	1661	1685	1662	1686
1269	1293	1270	1294	1662	1686	1663	1687
1270	1294	1271	1295	1663	1687	1664	1688
1271	1295	1272	1296	1664	1688	1665	1689
1272	1296	1273	1297	1665	1689	1666	1690
1274	1298	1275	1299	1667	1691	1668	1692
1275	1299	1276	1300	1668	1692	1669	1693
1276	1300	1277	1301	1669	1693	1670	1694
1277	1301	1278	1302	1670	1694	1671	1695
1278	1302	1279	1303	1671	1695	1672	1696
1279	1303	1280	1304	1672	1696	1673	1697
1280	1304	1282	1305	1673	1697	1675	1698
1282	1305	1306	1307	1675	1698	1699	1700
1306	4028	4015	4029	1699	4678	4665	4679
4015	4031	4018	4032	4665	4681	4668	4682
4018	4032	4019	4033	4668	4682	4669	4683
4032	4034	4033	4035	4682	4684	4683	4685
4031	4029	4032	4034	4681	4679	4682	4684
4029	4036	4034	4037	4679	4686	4684	4687
4034	4037	4035	4038	4684	4687	4685	4688
4037	4039	4038	4040	4687	4689	4688	4690
4036	4030	4037	4039	4686	4680	4687	4689
4028	1307	4029	4030	4678	1700	4679	4680
4019	4033	4027	4041	4669	4683	4677	4691
4027	4041	4023	4042	4677	4691	4673	4692
4041	4043	4042	4044	4691	4693	4692	4694
4033	4035	4041	4043	4683	4685	4691	4693
4023	4042	4045	4046	4673	4692	4695	4696
4045	4046	1283	4047	4695	4696	1676	4697
4046	4048	4047	4049	4696	4698	4697	4699
4042	4044	4046	4048	4692	4694	4696	4698
4044	4051	4048	4054	4694	4701	4698	4704
4048	4054	4049	4055	4698	4704	4699	4705
4054	4056	4055	4057	4704	4706	4705	4707
4051	4053	4054	4056	4701	4703	4704	4706
4035	4038	4043	4050	4685	4688	4693	4700
4043	4050	4044	4051	4693	4700	4694	4701
4050	4052	4051	4053	4700	4702	4701	4703
4038	4040	4050	4052	4688	4690	4700	4702
1283	4049	4058	4059	1676	4699	4708	4709
4058	4059	1284	4060	4708	4709	1677	4710
4059	4061	4060	1308	4709	4711	4710	1701
4049	4055	4062	4063	4699	4705	4712	4713
4062	4063	4059	4064	4712	4713	4709	4714
4063	4065	4064	4061	4713	4715	4714	4711
4055	4057	4063	4065	4705	4707	4713	4715
1284	1308	1285	1309	1677	1701	1678	1702
1285	1309	1286	1310	1678	1702	1679	1703
1286	1310	1287	1311	1679	1703	1680	1704
1287	1311	1288	1312	1680	1704	1681	1705
1288	1312	1289	1313	1681	1705	1682	1706
1289	1313	1290	1314	1682	1706	1683	1707
1290	1314	1291	1315	1683	1707	1684	1708
1291	1315	1292	1316	1684	1708	1685	1709
1292	1316	1293	1317	1685	1709	1686	1710
1293	1317	1294	1318	1686	1710	1687	1711
1294	1318	1295	1319	1687	1711	1688	1712
1295	1319	1296	1320	1688	1712	1689	1713
1296	1320	1297	1321	1689	1713	1690	1714
1298	1322	1299	1323	1691	1715	1692	1716
1299	1323	1300	1324	1692	1716	1693	1717
1300	1324	1301	1325	1693	1717	1694	1718
1301	1325	1302	1326	1694	1718	1695	1719
1302	1326	1303	1327	1695	1719	1696	1720
1303	1327	1304	1328	1696	1720	1697	1721
1304	1328	1305	1329	1697	1721	1698	1722
1305	1329	1307	1330	1698	1722	1700	1723
1307	4066	4030	4067	1700	4716	4680	4717
4030	4067	4040	4068	4680	4717	4690	4718
4067	4069	4068	1353	4717	4719	4718	1746
4066	1330	4067	4069	4716	1723	4717	4719
4040	4072	4052	4073	4690	4722	4702	4723
4052	4073	4053	4074	4702	4723	4703	4724
4073	4075	4074	4070	4723	4725	4724	4720
4072	4068	4073	4075	4722	4718	4723	4725
4053	4074	4056	4076	4703	4724	4706	4726
4056	4076	4057	4077	4706	4726	4707	4727
4076	4078	4077	4079	4726	4728	4727	4729
4074	4070	4076	4078	4724	4720	4726	4728
4070	4080	4078	4081	4720	4730	4728	4731
4078	4081	4079	4082	4728	4731	4729	4732
4081	4083	4082	4084	4731	4733	4732	4734
4080	4071	4081	4083	4730	4721	4731	4733
4068	1353	4070	4071	4718	1746	4720	4721
4057	4077	4065	4085	4707	4727	4715	4735
4065	4085	4061	4086	4715	4735	4711	4736
4085	4087	4086	4088	4735	4737	4736	4738
4077	4079	4085	4087	4727	4729	4735	4737
4061	4086	4089	4090	4711	4736	4739	4740
4089	4090	1308	4091	4739	4740	1701	4741
4090	4092	4091	4093	4740	4742	4741	4743
4086	4088	4090	4092	4736	4738	4740	4742
4088	4095	4092	4098	4738	4745	4742	4748
4092	4098	4093	4099	4742	4748	4743	4749
4098	4100	4099	4101	4748	4750	4749	4751
4095	4097	4098	4100	4745	4747	4748	4750
4079	4082	4087	4094	4729	4732	4737	4744
4087	4094	4088	4095	4737	4744	4738	4745
4094	4096	4095	4097	4744	4746	4745	4747
4082	4084	4094	4096	4732	4734	4744	4746
1308	4093	4102	4103	1701	4743	4752	4753
4102	4103	1309	4104	4752	4753	1702	4754
4103	4105	4104	1331	4753	4755	4754	1724
4093	4099	4106	4107	4743	4749	4756	4757
4106	4107	4103	4108	4756	4757	4753	4758
4107	4109	4108	4105	4757	4759	4758	4755
4099	4101	4107	4109	4749	4751	4757	4759
1309	1331	1310	1332	1702	1724	1703	1725
1310	1332	1311	1333	1703	1725	1704	1726
1311	1333	1312	1334	1704	1726	1705	1727
1312	1334	1313	1335	1705	1727	1706	1728
1313	1335	1314	1336	1706	1728	1707	1729
1314	1336	1315	1337	1707	1729	1708	1730
1315	1337	1316	1338	1708	1730	1709	1731
1316	1338	1317	1339	1709	1731	1710	1732
1317	1339	1318	1340	1710	1732	1711	1733
1318	1340	1319	1341	1711	1733	1712	1734
1319	1341	1320	1342	1712	1734	1713	1735
1320	1342	1321	1343	1713	1735	1714	1736
1322	1344	1323	1345	1715	1737	1716	1738
1323	1345	1324	1346	1716	1738	1717	1739
1324	1346	1325	1347	1717	1739	1718	1740
1325	1347	1326	1348	1718	1740	1719	1741
1326	1348	1327	1349	1719	1741	1720	1742
1327	1349	1328	1350	1720	1742	1721	1743
1328	1350	1329	1351	1721	1743	1722	1744
1329	1351	1330	1352	1722	1744	1723	1745
1330	1352	1353	1354	1723	1745	1746	1747
1353	4110	4071	4111	1746	4760	4721	4761
4071	4111	4084	4112	4721	4761	4734	4762
4111	4113	4112	1377	4761	4763	4762	1770
4110	1354	4111	4113	4760	1747	4761	4763
4084	4116	4096	4117	4734	4766	4746	4767
4096	4117	4097	4118	4746	4767	4747	4768
4117	4119	4118	4114	4767	4769	4768	4764
4116	4112	4117	4119	4766	4762	4767	4769
4097	4118	4100	4120	4747	4768	4750	4770
4100	4120	4101	4121	4750	4770	4751	4771
4120	4122	4121	4123	4770	4772	4771	4773
4118	4114	4120	4122	4768	4764	4770	4772
4114	4124	4122	4125	4764	4774	4772	4775
4122	4125	4123	4126	4772	4775	4773	4776
4125	4127	4126	4128	4775	4777	4776	4778
4124	4115	4125	4127	4774	4765	4775	4777
4112	1377	4114	4115	4762	1770	4764	4765
4101	4121	4109	4129	4751	4771	4759	4779
4109	4129	4105	4130	4759	4779	4755	4780
4129	4131	4130	4132	4779	4781	4780	4782
4121	4123	4129	4131	4771	4773	4779	4781
4105	4130	4133	4134	4755	4780	4783	4784
4133	4134	1331	4135	4783	4784	1724	4785
4134	4136	4135	4137	4784	4786	4785	4787
4130	4132	4134	4136	4780	4782	4784	4786
4132	4139	4136	4142	4782	4789	4786	4792
4136	4142	4137	4143	4786	4792	4787	4793
4142	4144	4143	4145	4792	4794	4793	4795
4139	4141	4142	4144	4789	4791	4792	4794
4123	4126	4131	4138	4773	4776	4781	4788
4131	4138	4132	4139	4781	4788	4782	4789
4138	4140	4139	4141	4788	4790	4789	4791
4126	4128	4138	4140	4776	4778	4788	4790
1331	4137	4146	4147	1724	4787	4796	4797
4146	4147	1332	4148	4796	4797	1725	4798
4147	4149	4148	1355	4797	4799	4798	1748
4137	4143	4150	4151	4787	4793	4800	4801
4150	4151	4147	4152	4800	4801	4797	4802
4151	4153	4152	4149	4801	4803	4802	4799
4143	4145	4151	4153	4793	4795	4801	4803
1332	1355	1333	1356	1725	1748	1726	1749
1333	1356	1334	1357	1726	1749	1727	1750
1334	1357	1335	1358	1727	1750	1728	1751
1335	1358	1336	1359	1728	1751	1729	1752
1336	1359	1337	1360	1729	1752	1730	1753
1337	1360	1338	1361	1730	1753	1731	1754
1338	1361	1339	1362	1731	1754	1732	1755
1339	1362	1340	1363	1732	1755	1733	1756
1340	1363	1341	1364	1733	1756	1734	1757
1341	1364	1342	1365	1734	1757	1735	1758
1342	1365	1343	1366	1735	1758	1736	1759
1344	1367	1345	1368	1737	1760	1738	1761
1345	1368	1346	1369	1738	1761	1739	1762
1346	1369	1347	1370	1739	1762	1740	1763
1347	1370	1348	1371	1740	1763	1741	1764
1348	1371	1349	1372	1741	1764	1742	1765
1349	1372	1350	1373	1742	1765	1743	1766
1350	1373	1351	1374	1743	1766	1744	1767
1351	1374	1352	1375	1744	1767	1745	1768
1352	1375	1354	1376	1745	1768	1747	1769
1354	1376	1377	1378	1747	1769	1770	1771
1377	4154	4115	4155	1770	4804	4765	4805
4115	4158	4127	4159	4765	4808	4777	4809
4127	4159	4128	4160	4777	4809	4778	4810
4159	4161	4160	4157	4809	4811	4810	4807
4158	4155	4159	4161	4808	4805	4809	4811
4155	4156	4157	1401	4805	4806	4807	1794
4154	1378	4155	4156	4804	1771	4805	4806
4128	4160	4140	4162	4778	4810	4790	4812
4140	4162	4141	4163	4790	4812	4791	4813
4162	4164	4163	4165	4812	4814	4813	4815
4160	4157	4162	4164	4810	4807	4812	4814
4141	4163	4144	4166	4791	4813	4794	4816
4144	4166	4145	4167	4794	4816	4795	4817
4166	4168	4167	4169	4816	4818	4817	4819
4163	4165	4166	4168	4813	4815	4816	4818
4165	4172	4168	4175	4815	4822	4818	4825
4168	4175	4169	4176	4818	4825	4819	4826
4175	4177	4176	4178	4825	4827	4826	4828
4172	4174	4175	4177	4822	4824	4825	4827
4157	4170	4164	4171	4807	4820	4814	4821
4164	4171	4165	4172	4814	4821	4815	4822
4171	4173	4172	4174	4821	4823	4822	4824
4170	1401	4171	4173	4820	1794	4821	4823
4145	4167	4153	4179	4795	4817	4803	4829
4153	4179	4149	4180	4803	4829	4799	4830
4179	4181	4180	4182	4829	4831	4830	4832
4167	4169	4179	4181	4817	4819	4829	4831
4149	4180	4183	4184	4799	4830	4833	4834
4183	4184	1355	4185	4833	4834	1748	4835
4184	4186	4185	4187	4834	4836	4835	4837
4180	4182	4184	4186	4830	4832	4834	4836
4182	4189	4186	4192	4832	4839	4836	4842
4186	4192	4187	4193	4836	4842	4837	4843
4192	4194	4193	4195	4842	4844	4843	4845
4189	4191	4192	4194	4839	4841	4842	4844
4169	4176	4181	4188	4819	4826	4831	4838
4181	4188	4182	4189	4831	4838	4832	4839
4188	4190	4189	4191	4838	4840	4839	4841
4176	4178	4188	4190	4826	4828	4838	4840
1355	4187	4196	4197	1748	4837	4846	4847
4196	4197	1356	4198	4846	4847	1749	4848
4197	4199	4198	1379	4847	4849	4848	1772
4187	4193	4200	4201	4837	4843	4850	4851
4200	4201	4197	4202	4850	4851	4847	4852
4201	4203	4202	4199	4851	4853	4852	4849
4193	4195	4201	4203	4843	4845	4851	4853
1356	1379	1357	1380	1749	1772	1750	1773
1357	1380	1358	1381	1750	1773	1751	1774
1358	1381	1359	1382	1751	1774	1752	1775
1359	1382	1360	1383	1752	1775	1753	1776
1360	1383	1361	1384	1753	1776	1754	1777
1361	1384	1362	1385	1754	1777	1755	1778
1362	1385	1363	1386	1755	1778	1756	1779
1363	1386	1364	1387	1756	1779	1757	1780
1364	1387	1365	1388	1757	1780	1758	1781
1365	1388	1366	1389	1758	1781	1759	1782
1367	1390	1368	1391	1760	1783	1761	1784
1368	1391	1369	1392	1761	1784	1762	1785
1369	1392	1370	1393	1762	1785	1763	1786
1370	1393	1371	1394	1763	1786	1764	1787
1371	1394	1372	1395	1764	1787	1765	1788
1372	1395	1373	1396	1765	1788	1766	1789
1373	1396	1374	1397	1766	1789	1767	1790
1374	1397	1375	1398	1767	1790	1768	1791
1375	1398	1376	1399	1768	1791	1769	1792
1376	1399	1378	1400	1769	1792	1771	1793
1378	1400	1401	1402	1771	1793	1794	1795
1401	4204	4174	4205	1794	4854	4824	4855
4174	4209	4177	4210	4824	4859	4827	4860
4177	4210	4178	4211	4827	4860	4828	4861
4210	4212	4211	4207	4860	4862	4861	4857
4209	4205	4210	4212	4859	4855	4860	4862
4205	4206	4207	4208	4855	4856	4857	4858
4204	1402	4205	4206	4854	1795	4855	4856
4178	4211	4190	4213	4828	4861	4840	4863
4190	4213	4191	4214	4840	4863	4841	4864
4213	4215	4214	4216	4863	4865	4864	4866
4211	4207	4213	4215	4861	4857	4863	4865
4191	4214	4194	4217	4841	4864	4844	4867
4194	4217	4195	4218	4844	4867	4845	4868
4217	4219	4218	4220	4867	4869	4868	4870
4214	4216	4217	4219	4864	4866	4867	4869
4216	4223	4219	4226	4866	4873	4869	4876
4219	4226	4220	4227	4869	4876	4870	4877
4226	4228	4227	4229	4876	4878	4877	4879
4223	4225	4226	4228	4873	4875	4876	4878
4207	4221	4215	4222	4857	4871	4865	4872
4215	4222	4216	4223	4865	4872	4866	4873
4222	4224	4223	4225	4872	4874	4873	4875
4221	4208	4222	4224	4871	4858	4872	4874
4195	4218	4203	4230	4845	4868	4853	4880
4203	4230	4199	4231	4853	4880	4849	4881
4230	4232	4231	4233	4880	4882	4881	4883
4218	4220	4230	4232	4868	4870	4880	4882
4199	4231	4234	4235	4849	4881	4884	4885
4234	4235	1379	4236	4884	4885	1772	4886
4235	4237	4236	4238	4885	4887	4886	4888
4231	4233	4235	4237	4881	4883	4885	4887
4233	4240	4237	4243	4883	4890	4887	4893
4237	4243	4238	4244	4887	4893	4888	4894
4243	4245	4244	4246	4893	4895	4894	4896
4240	4242	4243	4245	4890	4892	4893	4895
4220	4227	4232	4239	4870	4877	4882	4889
4232	4239	4233	4240	4882	4889	4883	4890
4239	4241	4240	4242	4889	4891	4890	4892
4227	4229	4239	4241	4877	4879	4889	4891
1379	4238	4247	4248	1772	4888	4897	4898
4247	4248	1380	4249	4897	4898	1773	4899
4248	4250	4249	1403	4898	4900	4899	1796
4238	4244	4251	4252	4888	4894	4901	4902
4251	4252	4248	4253	4901	4902	4898	4903
4252	4254	4253	4250	4902	4904	4903	4900
4244	4246	4252	4254	4894	4896	4902	4904
1380	1403	1381	1404	1773	1796	1774	1797
1381	1404	1382	1405	1774	1797	1775	1798
1382	1405	1383	1406	1775	1798	1776	1799
1383	1406	1384	1407	1776	1799	1777	1800
1384	1407	1385	1408	1777	1800	1778	1801
1385	1408	1386	1409	1778	1801	1779	1802
1386	1409	1387	1410	1779	1802	1780	1803
1387	1410	1388	1411	1780	1803	1781	1804
1388	1411	1389	1412	1781	1804	1782	1805
1390	1413	1391	1414	1783	1806	1784	1807
1391	1414	1392	1415	1784	1807	1785	1808
1392	1415	1393	1416	1785	1808	1786	1809
1393	1416	1394	1417	1786	1809	1787	1810
1394	1417	1395	1418	1787	1810	1788	1811
1395	1418	1396	1419	1788	1811	1789	1812
1396	1419	1397	1420	1789	1812	1790	1813
1397	1420	1398	1421	1790	1813	1791	1814
1398	1421	1399	1422	1791	1814	1792	1815
1399	1422	1400	1423	1792	1815	1793	1816
1400	1423	1402	1424	1793	1816	1795	1817
1402	4255	4206	4256	1795	4905	4856	4906
4206	4256	4208	4257	4856	4906	4858	4907
4256	4258	4257	1446	4906	4908	4907	1839
4255	1424	4256	4258	4905	1817	4906	4908
4208	4261	4224	4262	4858	4911	4874	4912
4224	4262	4225	4263	4874	4912	4875	4913
4262	4264	4263	4259	4912	4914	4913	4909
4261	4257	4262	4264	4911	4907	4912	4914
4225	4263	4228	4265	4875	4913	4878	4915
4228	4265	4229	4266	4878	4915	4879	4916
4265	4267	4266	4268	4915	4917	4916	4918
4263	4259	4265	4267	4913	4909	4915	4917
4259	4269	4267	4270	4909	4919	4917	4920
4267	4270	4268	4271	4917	4920	4918	4921
4270	4272	4271	4273	4920	4922	4921	4923
4269	4260	4270	4272	4919	4910	4920	4922
4257	1446	4259	4260	4907	1839	4909	4910
4229	4266	4241	4274	4879	4916	4891	4924
4241	4274	4242	4275	4891	4924	4892	4925
4274	4276	4275	4277	4924	4926	4925	4927
4266	4268	4274	4276	4916	4918	4924	4926
4242	4275	4245	4278	4892	4925	4895	4928
4245	4278	4246	4279	4895	4928	4896	4929
4278	4280	4279	4281	4928	4930	4929	4931
4275	4277	4278	4280	4925	4927	4928	4930
4277	4283	4280	4286	4927	4933	4930	4936
4280	4286	4281	4287	4930	4936	4931	4937
4286	4288	4287	4289	4936	4938	4937	4939
4283	4285	4286	4288	4933	4935	4936	4938
4268	4271	4276	4282	4918	4921	4926	4932
4276	4282	4277	4283	4926	4932	4927	4933
4282	4284	4283	4285	4932	4934	4933	4935
4271	4273	4282	4284	4921	4923	4932	4934
4246	4279	4254	4290	4896	4929	4904	4940
4254	4290	4250	4291	4904	4940	4900	4941
4290	4292	4291	4293	4940	4942	4941	4943
4279	4281	4290	4292	4929	4931	4940	4942
4250	4291	4294	4295	4900	4941	4944	4945
4294	4295	1403	4296	4944	4945	1796	4946
4295	4297	4296	4298	4945	4947	4946	4948
4291	4293	4295	4297	4941	4943	4945	4947
4293	4300	4297	4303	4943	4950	4947	4953
4297	4303	4298	4304	4947	4953	4948	4954
4303	4305	4304	4306	4953	4955	4954	4956
4300	4302	4303	4305	4950	4952	4953	4955
4281	4287	4292	4299	4931	4937	4942	4949
4292	4299	4293	4300	4942	4949	4943	4950
4299	4301	4300	4302	4949	4951	4950	4952
4287	4289	4299	4301	4937	4939	4949	4951
1403	4298	4307	4308	1796	4948	4957	4958
4307	4308	1404	4309	4957	4958	1797	4959
4308	4310	4309	1425	4958	4960	4959	1818
4298	4304	4311	4312	4948	4954	4961	4962
4311	4312	4308	4313	4961	4962	4958	4963
4312	4314	4313	4310	4962	4964	4963	4960
4304	4306	4312	4314	4954	4956	4962	4964
1404	1425	1405	1426	1797	1818	1798	1819
1405	1426	1406	1427	1798	1819	1799	1820
1406	1427	1407	1428	1799	1820	1800	1821
1407	1428	1408	1429	1800	1821	1801	1822
1408	1429	1409	1430	1801	1822	1802	1823
1409	1430	1410	1431	1802	1823	1803	1824
1410	1431	1411	1432	1803	1824	1804	1825
1411	1432	1412	1433	1804	1825	1805	1826
1413	1434	1414	1435	1806	1827	1807	1828
1414	1435	1415	1436	1807	1828	1808	1829
1415	1436	1416	1437	1808	1829	1809	1830
1416	1437	1417	1438	1809	1830	1810	1831
1417	1438	1418	1439	1810	1831	1811	1832
1418	1439	1419	1440	1811	1832	1812	1833
1419	1440	1420	1441	1812	1833	1813	1834
1420	1441	1421	1442	1813	1834	1814	1835
1421	1442	1422	1443	1814	1835	1815	1836
1422	1443	1423	1444	1815	1836	1816	1837
1423	1444	1424	1445	1816	1837	1817	1838
1424	1445	1446	1447	1817	1838	1839	1840
1446	4315	4260	4316	1839	4965	4910	4966
4260	4316	4273	4317	4910	4966	4923	4967
4316	4318	4317	1469	4966	4968	4967	1862
4315	1447	4316	4318	4965	1840	4966	4968
4273	4321	4284	4322	4923	4971	4934	4972
4284	4322	4285	4323	4934	4972	4935	4973
4322	4324	4323	4319	4972	4974	4973	4969
4321	4317	4322	4324	4971	4967	4972	4974
4285	4323	4288	4325	4935	4973	4938	4975
4288	4325	4289	4326	4938	4975	4939	4976
4325	4327	4326	4328	4975	4977	4976	4978
4323	4319	4325	4327	4973	4969	4975	4977
4319	4329	4327	4330	4969	4979	4977	4980
4327	4330	4328	4331	4977	4980	4978	4981
4330	4332	4331	4333	4980	4982	4981	4983
4329	4320	4330	4332	4979	4970	4980	4982
4317	1469	4319	4320	4967	1862	4969	4970
4289	4326	4301	4334	4939	4976	4951	4984
4301	4334	4302	4335	4951	4984	4952	4985
4334	4336	4335	4337	4984	4986	4985	4987
4326	4328	4334	4336	4976	4978	4984	4986
4302	4335	4305	4338	4952	4985	4955	4988
4305	4338	4306	4339	4955	4988	4956	4989
4338	4340	4339	4341	4988	4990	4989	4991
4335	4337	4338	4340	4985	4987	4988	4990
4337	4343	4340	4346	4987	4993	4990	4996
4340	4346	4341	4347	4990	4996	4991	4997
4346	4348	4347	4349	4996	4998	4997	4999
4343	4345	4346	4348	4993	4995	4996	4998
4328	4331	4336	4342	4978	4981	4986	4992
4336	4342	4337	4343	4986	4992	4987	4993
4342	4344	4343	4345	4992	4994	4993	4995
4331	4333	4342	4344	4981	4983	4992	4994
4306	4339	4314	4350	4956	4989	4964	5000
4314	4350	4310	4351	4964	5000	4960	5001
4350	4352	4351	4353	5000	5002	5001	5003
4339	4341	4350	4352	4989	4991	5000	5002
4310	4351	4354	4355	4960	5001	5004	5005
4354	4355	1425	4356	5004	5005	1818	5006
4355	4357	4356	4358	5005	5007	5006	5008
4351	4353	4355	4357	5001	5003	5005	5007
4353	4360	4357	4363	5003	5010	5007	5013
4357	4363	4358	4364	5007	5013	5008	5014
4363	4365	4364	4366	5013	5015	5014	5016
4360	4362	4363	4365	5010	5012	5013	5015
4341	4347	4352	4359	4991	4997	5002	5009
4352	4359	4353	4360	5002	5009	5003	5010
4359	4361	4360	4362	5009	5011	5010	5012
4347	4349	4359	4361	4997	4999	5009	5011
1425	4358	4367	4368	1818	5008	5017	5018
4367	4368	1426	4369	5017	5018	1819	5019
4368	4370	4369	1448	5018	5020	5019	1841
4358	4366	4368	4370	5008	5016	5018	5020
1426	1448	1427	1449	1819	1841	1820	1842
1427	1449	1428	1450	1820	1842	1821	1843
1428	1450	1429	1451	1821	1843	1822	1844
1429	1451	1430	1452	1822	1844	1823	1845
1430	1452	1431	1453	1823	1845	1824	1846
1431	1453	1432	1454	1824	1846	1825	1847
1432	1454	1433	1455	1825	1847	1826	1848
1434	1456	1435	1457	1827	1849	1828	1850
1435	1457	1436	1458	1828	1850	1829	1851
1436	1458	1437	1459	1829	1851	1830	1852
1437	1459	1438	1460	1830	1852	1831	1853
1438	1460	1439	1461	1831	1853	1832	1854
1439	1461	1440	1462	1832	1854	1833	1855
1440	1462	1441	1463	1833	1855	1834	1856
1441	1463	1442	1464	1834	1856	1835	1857
1442	1464	1443	1465	1835	1857	1836	1858
1443	1465	1444	1466	1836	1858	1837	1859
1444	1466	1445	1467	1837	1859	1838	1860
1445	1467	1447	1468	1838	1860	1840	1861
1447	1468	1469	1470	1840	1861	1862	1863
1469	4371	4320	4372	1862	5021	4970	5022
4320	4372	4333	4373	4970	5022	4983	5023
4372	4374	4373	1493	5022	5024	5023	1886
4371	1470	4372	4374	5021	1863	5022	5024
4333	4375	4344	4376	4983	5025	4994	5026
4344	4376	4345	4377	4994	5026	4995	5027
4376	4378	4377	4379	5026	5028	5027	5029
4375	4373	4376	4378	5025	5023	5026	5028
4345	4377	4348	4380	4995	5027	4998	5030
4348	4380	4349	4381	4998	5030	4999	5031
4380	4382	4381	4383	5030	5032	5031	5033
4377	4379	4380	4382	5027	5029	5030	5032
4379	4386	4382	4389	5029	5036	5032	5039
4382	4389	4383	4390	5032	5039	5033	5040
4389	4391	4390	4392	5039	5041	5040	5042
4386	4388	4389	4391	5036	5038	5039	5041
4373	4384	4378	4385	5023	5034	5028	5035
4378	4385	4379	4386	5028	5035	5029	5036
4385	4387	4386	4388	5035	5037	5036	5038
4384	1493	4385	4387	5034	1886	5035	5037
4349	4381	4361	4393	4999	5031	5011	5043
4361	4393	4362	4394	5011	5043	5012	5044
4393	4395	4394	4396	5043	5045	5044	5046
4381	4383	4393	4395	5031	5033	5043	5045
4362	4394	4365	4397	5012	5044	5015	5047
4365	4397	4366	4398	5015	5047	5016	5048
4397	4399	4398	4400	5047	5049	5048	5050
4394	4396	4397	4399	5044	5046	5047	5049
4396	4402	4399	4405	5046	5052	5049	5055
4399	4405	4400	4406	5049	5055	5050	5056
4405	4407	4406	4408	5055	5057	5056	5058
4402	4404	4405	4407	5052	5054	5055	5057
4383	4390	4395	4401	5033	5040	5045	5051
4395	4401	4396	4402	5045	5051	5046	5052
4401	4403	4402	4404	5051	5053	5052	5054
4390	4392	4401	4403	5040	5042	5051	5053
4366	4398	4412	4413	5016	5048	5062	5063
4412	4413	4370	4414	5062	5063	5020	5064
4413	4415	4414	4409	5063	5065	5064	5059
4398	4400	4413	4415	5048	5050	5063	5065
4370	4409	1448	4410	5020	5059	1841	5060
4409	4411	4410	1471	5059	5061	5060	1864
4400	4406	4415	4416	5050	5056	5065	5066
4415	4416	4409	4417	5065	5066	5059	5067
4416	4418	4417	4411	5066	5068	5067	5061
4406	4408	4416	4418	5056	5058	5066	5068
1448	1471	1449	1472	1841	1864	1842	1865
1449	1472	1450	1473	1842	1865	1843	1866
1450	1473	1451	1474	1843	1866	1844	1867
1451	1474	1452	1475	1844	1867	1845	1868
1452	1475	1453	1476	1845	1868	1846	1869
1453	1476	1454	1477	1846	1869	1847	1870
1454	1477	1455	1478	1847	1870	1848	1871
1456	1479	1457	1480	1849	1872	1850	1873
1457	1480	1458	1481	1850	1873	1851	1874
1458	1481	1459	1482	1851	1874	1852	1875
1459	1482	1460	1483	1852	1875	1853	1876
1460	1483	1461	1484	1853	1876	1854	1877
1461	1484	1462	1485	1854	1877	1855	1878
1462	1485	1463	1486	1855	1878	1856	1879
1463	1486	1464	1487	1856	1879	1857	1880
1464	1487	1465	1488	1857	1880	1858	1881
1465	1488	1466	1489	1858	1881	1859	1882
1466	1489	1467	1490	1859	1882	1860	1883
1467	1490	1468	1491	1860	1883	1861	1884
1468	1491	1470	1492	1861	1884	1863	1885
1470	1492	1493	1494	1863	1885	1886	1887
1493	4419	4388	4420	1886	5069	5038	5070
4388	4423	4391	4424	5038	5073	5041	5074
4391	4424	4392	4425	5041	5074	5042	5075
4424	4426	4425	4422	5074	5076	5075	5072
4423	4420	4424	4426	5073	5070	5074	5076
4420	4421	4422	1517	5070	5071	5072	1910
4419	1494	4420	4421	5069	1887	5070	5071
4392	4425	4403	4427	5042	5075	5053	5077
4403	4427	4404	4428	5053	5077	5054	5078
4427	4429	4428	4430	5077	5079	5078	5080
4425	4422	4427	4429	5075	5072	5077	5079
4404	4428	4407	4431	5054	5078	5057	5081
4407	4431	4408	4432	5057	5081	5058	5082
4431	4433	4432	4434	5081	5083	5082	5084
4428	4430	4431	4433	5078	5080	5081	5083
4430	4437	4433	4440	5080	5087	5083	5090
4433	4440	4434	4441	5083	5090	5084	5091
4440	4442	4441	4443	5090	5092	5091	5093
4437	4439	4440	4442	5087	5089	5090	5092
4422	4435	4429	4436	5072	5085	5079	5086
4429	4436	4430	4437	5079	5086	5080	5087
4436	4438	4437	4439	5086	5088	5087	5089
4435	1517	4436	4438	5085	1910	5086	5088
4408	4432	4418	4444	5058	5082	5068	5094
4418	4444	4411	4445	5068	5094	5061	5095
4444	4446	4445	4447	5094	5096	5095	5097
4432	4434	4444	4446	5082	5084	5094	5096
4411	4445	4448	4449	5061	5095	5098	5099
4448	4449	1471	4450	5098	5099	1864	5100
4449	4451	4450	4452	5099	5101	5100	5102
4445	4447	4449	4451	5095	5097	5099	5101
4447	4454	4451	4457	5097	5104	5101	5107
4451	4457	4452	4458	5101	5107	5102	5108
4457	4459	4458	4460	5107	5109	5108	5110
4454	4456	4457	4459	5104	5106	5107	5109
4434	4441	4446	4453	5084	5091	5096	5103
4446	4453	4447	4454	5096	5103	5097	5104
4453	4455	4454	4456	5103	5105	5104	5106
4441	4443	4453	4455	5091	5093	5103	5105
1471	4452	4461	4462	1864	5102	5111	5112
4461	4462	1472	4463	5111	5112	1865	5113
4462	4464	4463	1495	5112	5114	5113	1888
4452	4460	4462	4464	5102	5110	5112	5114
1472	1495	1473	1496	1865	1888	1866	1889
1473	1496	1474	1497	1866	1889	1867	1890
1474	1497	1475	1498	1867	1890	1868	1891
1475	1498	1476	1499	1868	1891	1869	1892
1476	1499	1477	1500	1869	1892	1870	1893
1477	1500	1478	1501	1870	1893	1871	1894
1479	1502	1480	1503	1872	1895	1873	1896
1480	1503	1481	1504	1873	1896	1874	1897
1481	1504	1482	1505	1874	1897	1875	1898
1482	1505	1483	1506	1875	1898	1876	1899
1483	1506	1484	1507	1876	1899	1877	1900
1484	1507	1485	1508	1877	1900	1878	1901
1485	1508	1486	1509	1878	1901	1879	1902
1486	1509	1487	1510	1879	1902	1880	1903
1487	1510	1488	1511	1880	1903	1881	1904
1488	1511	1489	1512	1881	1904	1882	1905
1489	1512	1490	1513	1882	1905	1883	1906
1490	1513	1491	1514	1883	1906	1884	1907
1491	1514	1492	1515	1884	1907	1885	1908
1492	1515	1494	1516	1885	1908	1887	1909
1494	1516	1517	1518	1887	1909	1910	1911
1517	4465	4439	4466	1910	5115	5089	5116
4439	4468	4442	4469	5089	5118	5092	5119
4442	4469	4443	4470	5092	5119	5093	5120
4469	4471	4470	4472	5119	5121	5120	5122
4468	4466	4469	4471	5118	5116	5119	5121
4466	4473	4471	4474	5116	5123	5121	5124
4471	4474	4472	4475	5121	5124	5122	5125
4474	4476	4475	4477	5124	5126	5125	5127
4473	4467	4474	4476	5123	5117	5124	5126
4465	1518	4466	4467	5115	1911	5116	5117
4443	4470	4455	4478	5093	5120	5105	5128
4455	4478	4456	4479	5105	5128	5106	5129
4478	4480	4479	4481	5128	5130	5129	5131
4470	4472	4478	4480	5120	5122	5128	5130
4456	4479	4459	4482	5106	5129	5109	5132
4459	4482	4460	4483	5109	5132	5110	5133
4482	4484	4483	4485	5132	5134	5133	5135
4479	4481	4482	4484	5129	5131	5132	5134
4481	4487	4484	4490	5131	5137	5134	5140
4484	4490	4485	4491	5134	5140	5135	5141
4490	4492	4491	4493	5140	5142	5141	5143
4487	4489	4490	4492	5137	5139	5140	5142
4472	4475	4480	4486	5122	5125	5130	5136
4480	4486	4481	4487	5130	5136	5131	5137
4486	4488	4487	4489	5136	5138	5137	5139
4475	4477	4486	4488	5125	5127	5136	5138
4460	4485	4464	4494	5110	5135	5114	5144
4464	4494	1495	4495	5114	5144	1888	5145
4494	4496	4495	1519	5144	5146	5145	1912
4485	4491	4497	4498	5135	5141	5147	5148
4497	4498	4494	4499	5147	5148	5144	5149
4498	4500	4499	4496	5148	5150	5149	5146
4491	4493	4498	4500	5141	5143	5148	5150
1495	1519	1496	1520	1888	1912	1889	1913
1496	1520	1497	1521	1889	1913	1890	1914
1497	1521	1498	1522	1890	1914	1891	1915
1498	1522	1499	1523	1891	1915	1892	1916
1499	1523	1500	1524	1892	1916	1893	1917
1500	1524	1501	1525	1893	1917	1894	1918
1502	1526	1503	1527	1895	1919	1896	1920
1503	1527	1504	1528	1896	1920	1897	1921
1504	1528	1505	1529	1897	1921	1898	1922
1505	1529	1506	1530	1898	1922	1899	1923
1506	1530	1507	1531	1899	1923	1900	1924
1507	1531	1508	1532	1900	1924	1901	1925
1508	1532	1509	1533	1901	1925	1902	1926
1509	1533	1510	1534	1902	1926	1903	1927
1510	1534	1511	1535	1903	1927	1904	1928
1511	1535	1512	1536	1904	1928	1905	1929
1512	1536	1513	1537	1905	1929	1906	1930
1513	1537	1514	1538	1906	1930	1907	1931
1514	1538	1515	1539	1907	1931	1908	1932
1515	1539	1516	1540	1908	1932	1909	1933
1516	1540	1518	1541	1909	1933	1911	1934
1518	4501	4467	4502	1911	5151	5117	5152
4467	4502	4477	4503	5117	5152	5127	5153
4502	4504	4503	1564	5152	5154	5153	1957
4501	1541	4502	4504	5151	1934	5152	5154
4477	4507	4488	4508	5127	5157	5138	5158
4488	4508	4489	4509	5138	5158	5139	5159
4508	4510	4509	4505	5158	5160	5159	5155
4507	4503	4508	4510	5157	5153	5158	5160
4489	4509	4492	4511	5139	5159	5142	5161
4492	4511	4493	4512	5142	5161	5143	5162
4511	4513	4512	4514	5161	5163	5162	5164
4509	4505	4511	4513	5159	5155	5161	5163
4505	4515	4513	4516	5155	5165	5163	5166
4513	4516	4514	4517	5163	5166	5164	5167
4516	4518	4517	4519	5166	5168	5167	5169
4515	4506	4516	4518	5165	5156	5166	5168
4503	1564	4505	4506	5153	1957	5155	5156
4493	4512	4500	4522	5143	5162	5150	5172
4500	4522	4496	4523	5150	5172	5146	5173
4522	4524	4523	4520	5172	5174	5173	5170
4512	4514	4522	4524	5162	5164	5172	5174
4496	4520	1519	4521	5146	5170	1912	5171
4520	4526	4529	4530	5170	5176	5179	5180
4529	4530	4521	4531	5179	5180	5171	5181
4530	4532	4531	4533	5180	5182	5181	5183
4526	4528	4530	4532	5176	5178	5180	5182
4514	4517	4524	4525	5164	5167	5174	5175
4524	4525	4520	4526	5174	5175	5170	5176
4525	4527	4526	4528	5175	5177	5176	5178
4517	4519	4525	4527	5167	5169	5175	5177
1519	4521	4534	4535	1912	5171	5184	5185
4534	4535	1520	4536	5184	5185	1913	5186
4535	4537	4536	1542	5185	5187	5186	1935
4521	4533	4535	4537	5171	5183	5185	5187
1520	1542	1521	1543	1913	1935	1914	1936
1521	1543	1522	1544	1914	1936	1915	1937
1522	1544	1523	1545	1915	1937	1916	1938
1523	1545	1524	1546	1916	1938	1917	1939
1524	1546	1525	1547	1917	1939	1918	1940
1526	1548	1527	1549	1919	1941	1920	1942
1527	1549	1528	1550	1920	1942	1921	1943
1528	1550	1529	1551	1921	1943	1922	1944
1529	1551	1530	1552	1922	1944	1923	1945
1530	1552	1531	1553	1923	1945	1924	1946
1531	1553	1532	1554	1924	1946	1925	1947
1532	1554	1533	1555	1925	1947	1926	1948
1533	1555	1534	1556	1926	1948	1927	1949
1534	1556	1535	1557	1927	1949	1928	1950
1535	1557	1536	1558	1928	1950	1929	1951
1536	1558	1537	1559	1929	1951	1930	1952
1537	1559	1538	1560	1930	1952	1931	1953
1538	1560	1539	1561	1931	1953	1932	1954
1539	1561	1540	1562	1932	1954	1933	1955
1540	1562	1541	1563	1933	1955	1934	1956
1541	1563	1564	1565	1934	1956	1957	1958
1564	4538	4506	4539	1957	5188	5156	5189
4506	4539	4519	4540	5156	5189	5169	5190
4539	4541	4540	4542	5189	5191	5190	5192
4538	1565	4539	4541	5188	1958	5189	5191
4519	4545	4527	4546	5169	5195	5177	5196
4527	4546	4528	4547	5177	5196	5178	5197
4546	4548	4547	4543	5196	5198	5197	5193
4545	4540	4546	4548	5195	5190	5196	5198
4528	4547	4532	4549	5178	5197	5182	5199
4532	4549	4533	4550	5182	5199	5183	5200
4549	4551	4550	4552	5199	5201	5200	5202
4547	4543	4549	4551	5197	5193	5199	5201
4543	4553	4551	4554	5193	5203	5201	5204
4551	4554	4552	4555	5201	5204	5202	5205
4554	4556	4555	4557	5204	5206	5205	5207
4553	4544	4554	4556	5203	5194	5204	5206
4540	4542	4543	4544	5190	5192	5193	5194
4533	4552	4537	4558	5183	5202	5187	5208
4537	4558	1542	4559	5187	5208	1935	5209
4558	4560	4559	1566	5208	5210	5209	1959
4552	4555	4561	4562	5202	5205	5211	5212
4561	4562	4558	4563	5211	5212	5208	5213
4562	4564	4563	4560	5212	5214	5213	5210
4555	4557	4562	4564	5205	5207	5212	5214
1542	1566	1543	1567	1935	1959	1936	1960
1543	1567	1544	1568	1936	1960	1937	1961
1544	1568	1545	1569	1937	1961	1938	1962
1545	1569	1546	1570	1938	1962	1939	1963
1546	1570	1547	1571	1939	1963	1940	1964
</DataArray>
<DataArray type="Int32" Name="offsets" format="ascii">
8	16	24	32	40	48	56	64	72	80	88	96	104	112	120	128	136	144	152	160	168	176	184	192	200	208	216	224	232	240	248	256	264	272	280	288	296	304	312	320	328	336	344	352	360	368	376	384	392	400	408	416	424	432	440	448	456	464	472	480	488	496	504	512	520	528	536	544	552	560	568	576	584	592	600	608	616	624	632	640	648	656	664	672	680	688	696	704	712	720	728	736	744	752	760	768	776	784	792	800	808	816	824	832	840	848	856	864	872	880	888	896	904	912	920	928	936	944	952	960	968	976	984	992	1000	1008	1016	1024	1032	1040	1048	1056	1064	1072	1080	1088	1096	1104	1112	1120	1128	1136	1144	1152	1160	1168	1176	1184	1192	1200	1208	1216	1224	1232	1240	1248	1256	1264	1272	1280	1288	1296	1304	1312	1320	1328	1336	1344	1352	1360	1368	1376	1384	1392	1400	1408	1416	1424	1432	1440	1448	1456	1464	1472	1480	1488	1496	1504	1512	1520	1528	1536	1544	1552	1560	1568	1576	1584	1592	1600	1608	1616	1624	1632	1640	1648	1656	1664	1672	1680	1688	1696	1704	1712	1720	1728	1736	1744	1752	1760	1768	1776	1784	1792	1800	1808	1816	1824	1832	1840	1848	1856	1864	1872	1880	1888	1896	1904	1912	1920	1928	1936	1944	1952	1960	1968	1976	1984	1992	2000	2008	2016	2024	2032	2040	2048	2056	2064	2072	2080	2088	2096	2104	2112	2120	2128	2136	2144	2152	2160	2168	2176	2184	2192	2200	2208	2216	2224	2232	2240	2248	2256	2264	2272	2280	2288	2296	2304	2312	2320	2328	2336	2344	2352	2360	2368	2376	2384	2392	2400	2408	2416	2424	2432	2440	2448	2456	2464	2472	2480	2488	2496	2504	2512	2520	2528	2536	2544	2552	2560	2568	2576	2584	2592	2600	2608	2616	2624	2632	2640	2648	2656	2664	2672	2680	2688	2696	2704	2712	2720	2728	2736	2744	2752	2760	2768	2776	2784	2792	2800	2808	2816	2824	2832	2840	2848	2856	2864	2872	2880	2888	2896	2904	2912	2920	2928	2936	2944	2952	2960	2968	2976	2984	2992	3000	3008	3016	3024	3032	3040	3048	3056	3064	3072	3080	3088	3096	3104	3112	3120	3128	3136	3144	3152	3160	3168	3176	3184	3192	3200	3208	3216	3224	3232	3240	3248	3256	3264	3272	3280	3288	3296	3304	3312	3320	3328	3336	3344	3352	3360	3368	3376	3384	3392	3400	3408	3416	3424	3432	3440	3448	3456	3464	3472	3480	3488	3496	3504	3512	3520	3528	3536	3544	3552	3560	3568	3576	3584	3592	3600	3608	3616	3624	3632	3640	3648	3656	3664	3672	3680	3688	3696	3704	3712	3720	3728	3736	3744	3752	3760	3768	3776	3784	3792	3800	3808	3816	3824	3832	3840	3848	3856	3864	3872	3880	3888	3896	3904	3912	3920	3928	3936	3944	3952	3960	3968	3976	3984	3992	4000	4008	4016	4024	4032	4040	4048	4056	4064	4072	4080	4088	4096	4104	4112	4120	4128	4136	4144	4152	4160	4168	4176	4184	4192	4200	4208	4216	4224	4232	4240	4248	4256	4264	4272	4280	4288	4296	4304	4312	4320	4328	4336	4344	4352	4360	4368	4376	4384	4392	4400	4408	4416	4424	4432	4440	4448	4456	4464	4472	4480	4488	4496	4504	4512	4520	4528	4536	4544	4552	4560	4568	4576	4584	4592	4600	4608	4616	4624	4632	4640	4648	4656	4664	4672	4680	4688	4696	4704	4712	4720	4728	4736	4744	4752	4760	4768	4776	4784	4792	4800	4808	4816	4824	4832	4840	4848	4856	4864	4872	4880	4888	4896	4904	4912	4920	4928	4936	4944	4952	4960	4968	4976	4984	4992	5000	5008	5016	5024	5032	5040	5048	5056	5064	5072	5080	5088	5096	5104	5112	5120	5128	5136	5144	5152	5160	5168	5176	5184	5192	5200	5208	5216	5224	5232	5240	5248	5256	5264	5272	5280	5288	5296	5304	5312	5320	5328	5336	5344	5352	5360	5368	5376	5384	5392	5400	5408	5416	5424	5432	5440	5448	5456	5464	5472	5480	5488	5496	5504	5512	5520	5528	5536	5544	5552	5560	5568	5576	5584	5592	5600	5608	5616	5624	5632	5640	5648	5656	5664	5672	5680	5688	5696	5704	5712	5720	5728	5736	5744	5752	5760	5768	5776	5784	5792	5800	5808	5816	5824	5832	5840	5848	5856	5864	5872	5880	5888	5896	5904	5912	5920	5928	5936	5944	5952	5960	5968	5976	5984	5992	6000	6008	6016	6024	6032	6040	6048	6056	6064	6072	6080	6088	6096	6104	6112	6120	6128	6136	6144	6152	6160	6168	6176	6184	6192	6200	6208	6216	6224	6232	6240	6248	6256	6264	6272	6280	6288	6296	6304	6312	6320	6328	6336	6344	6352	6360	6368	6376	6384	6392	6400	6408	6416	6424	6432	6440	6448	6456	6464	6472	6480	6488	6496	6504	6512	6520	6528	6536	6544	6552	6560	6568	6576	6584	6592	6600	6608	6616	6624	6632	6640	6648	6656	6664	6672	6680	6688	6696	6704	6712	6720	6728	6736	6744	6752	6760	6768	6776	6784	6792	6800	6808	6816	6824	6832	6840	6848	6856	6864	6872	6880	6888	6896	6904	6912	6920	6928	6936	6944	6952	6960	6968	6976	6984	6992	7000	7008	7016	7024	7032	7040	7048	7056	7064	7072	7080	7088	7096	7104	7112	7120	7128	7136	7144	7152	7160	7168	7176	7184	7192	7200	7208	7216	7224	7232	7240	7248	7256	7264	7272	7280	7288	7296	7304	7312	7320	7328	7336	7344	7352	7360	7368	7376	7384	7392	7400	7408	7416	7424	7432	7440	7448	7456	7464	7472	7480	7488	7496	7504	7512	7520	7528	7536	7544	7552	7560	7568	7576	7584	7592	7600	7608	7616	7624	7632	7640	7648	7656	7664	7672	7680	7688	7696	7704	7712	7720	7728	7736	7744	7752	7760	7768	7776	7784	7792	7800	7808	7816	7824	7832	7840	7848	7856	7864	7872	7880	7888	7896	7904	7912	7920	7928	7936	7944	7952	7960	7968	7976	7984	7992	8000	8008	8016	8024	8032	8040	8048	8056	8064	8072	8080	8088	8096	8104	8112	8120	8128	8136	8144	8152	8160	8168	8176	8184	8192	8200	8208	8216	8224	8232	8240	8248	8256	8264	8272	8280	8288	8296	8304	8312	8320	8328	8336	8344	8352	8360	8368	8376	8384	8392	8400	8408	8416	8424	8432	8440	8448	8456	8464	8472	8480	8488	8496	8504	8512	8520	8528	8536	8544	8552	8560	8568	8576	8584	8592	8600	8608	8616	8624	8632	8640	8648	8656	8664	8672	8680	8688	8696	8704	8712	8720	8728	8736	8744	8752	8760	8768	8776	8784	8792	8800	8808	8816	8824	8832	8840	8848	8856	8864	8872	8880	8888	8896	8904	8912	8920	8928	8936	8944	8952	8960	8968	8976	8984	8992	9000	9008	9016	9024	9032	9040	9048	9056	9064	9072	9080	9088	9096	9104	9112	9120	9128	9136	9144	9152	9160	9168	9176	9184	9192	9200	9208	9216	9224	9232	9240	9248	9256	9264	9272	9280	9288	9296	9304	9312	9320	9328	9336	9344	9352	9360	9368	9376	9384	9392	9400	9408	9416	9424	9432	9440	9448	9456	9464	9472	9480	9488	9496	9504	9512	9520	9528	9536	9544	9552	9560	9568	9576	9584	9592	9600	9608	9616	9624	9632	9640	9648	9656	9664	9672	9680	9688	9696	9704	9712	9720	9728	9736	9744	9752	9760	9768	9776	9784	9792	9800	9808	9816	9824	9832	9840	9848	9856	9864	9872	9880	9888	9896	9904	9912	9920	9928	9936	9944	9952	9960	9968	9976	9984	9992	10000	10008	10016	10024	10032	10040	10048	10056	10064	10072	10080	10088	10096	10104	10112	10120	10128	10136	10144	10152	10160	10168	10176	10184	10192	10200	10208	10216	10224	10232	10240	10248	10256	10264	10272	10280	10288	10296	10304	10312	10320	10328	10336	10344	10352	10360	10368	10376	10384	10392	10400	10408	10416	10424	10432	10440	10448	10456	10464	10472	10480	10488	10496	10504	10512	10520	10528	10536	10544	10552	10560	10568	10576	10584	10592	10600	10608	10616	10624	10632	10640	10648	10656	10664	10672	10680	10688	10696	10704	10712	10720	10728	10736	10744	10752	10760	10768	10776	10784	10792	10800	10808	10816	10824	10832	10840	10848	10856	10864	10872	10880	10888	10896	10904	10912	10920	10928	10936	10944	10952	10960	10968	10976	10984	10992	11000	11008	11016	11024	11032	11040	11048	11056	11064	11072	11080	11088	11096	11104	11112	11120	11128	11136	11144	11152	11160	11168	11176	11184	11192	11200	11208	11216	11224	11232	11240	11248	11256	11264	11272	11280	11288	11296	11304	11312	11320	11328	11336	11344	11352	11360	11368	11376	11384	11392	11400	11408	11416	11424	11432	11440	11448	11456	11464	11472	11480	11488	11496	11504	11512	11520	11528	11536	11544	11552	11560	11568	11576	11584	11592	11600	11608	11616	11624	11632	11640	11648	11656	11664	11672	11680	11688	11696	11704	11712	11720	11728	11736	11744	11752	11760	11768	11776	11784	11792	11800	11808	11816	11824	11832	11840	11848	11856	11864	11872	11880	11888	11896	11904	11912	11920	11928	11936	11944	11952	11960	11968	11976	11984	11992	12000	12008	12016	12024	12032	12040	12048	12056	12064	12072	12080	12088	12096	12104	12112	12120	12128	12136	12144	12152	12160	12168	12176	12184	12192	12200	12208	12216	12224	12232	12240	12248	12256	12264	12272	12280	12288	12296	12304	12312	12320	12328	12336	12344	12352	12360	12368	12376	12384	12392	12400	12408	12416	12424	12432	12440	12448	12456	12464	12472	12480	12488	12496	12504	12512	12520	12528	12536	12544	12552	12560	12568	12576	12584	12592	12600	12608	12616	12624	12632	12640	12648	12656	12664	12672	12680	12688	12696	12704	12712	12720	12728	12736	12744	12752	12760	12768	12776	12784	12792	12800	12808	12816	12824	12832	12840	12848	12856	12864	12872	12880	12888	12896	12904	12912	12920	12928	12936	12944	12952	12960	12968	12976	12984	12992	13000	13008	13016	13024	13032	13040	13048	13056	13064	13072	13080	13088	13096	13104	13112	13120	13128	13136	13144	13152	13160	13168	13176	13184	13192	13200	13208	13216	13224	13232	13240	13248	13256	13264	13272	13280	13288	13296	13304	13312	13320	13328	13336	13344	13352	13360	13368	13376	13384	13392	13400	13408	13416	13424	13432	13440	13448	13456	13464	13472	13480	13488	13496	13504	13512	13520	13528	13536	13544	13552	13560	13568	13576	13584	13592	13600	13608	13616	13624	13632	13640	13648	13656	13664	13672	13680	13688	13696	13704	13712	13720	13728	13736	13744	13752	13760	13768	13776	13784	13792	13800	13808	13816	13824	13832	13840	13848	13856	13864	13872	13880	13888	13896	13904	13912	13920	13928	13936	13944	13952	13960	13968	13976	13984	13992	14000	14008	14016	14024	14032	14040	14048	14056	14064	14072	14080	14088	14096	14104	14112	14120	14128	14136	14144	14152	14160	14168	14176	14184	14192	14200	14208	14216	14224	14232	14240	14248	14256	14264	14272	14280	14288	14296	14304	14312	14320	14328	14336	14344	14352	14360	14368	14376	14384	14392	14400	14408	14416	14424	14432	14440	14448	14456	14464	14472	14480	14488	14496	14504	14512	14520	14528	14536	14544	14552	14560	14568	14576	14584	14592	14600	14608	14616	14624	14632	14640	14648	14656	14664	14672	14680	14688	14696	14704	14712	14720	14728	14736	14744	14752	14760	14768	14776	14784	14792	14800	14808	14816	14824	14832	14840	14848	14856	14864	14872	14880	14888	14896	14904	14912	14920	14928	14936	14944	14952	14960	14968	14976	14984	14992	15000	15008	15016	15024	15032	15040	15048	15056	15064	15072	15080	15088	15096	15104	15112	15120	15128	15136	15144	15152	15160	15168	15176	15184	15192	15200	15208	15216	15224	15232	15240	15248	15256	15264	15272	15280	15288	15296	15304	15312	15320	15328	15336	15344	15352	15360	15368	15376	15384	15392	15400	15408	15416	15424	15432	15440	15448	15456	15464	15472	15480	15488	15496	15504	15512	15520	15528	15536	15544	15552	15560	15568	15576	15584	15592	15600	15608	15616	15624	15632	15640	15648	15656	15664	15672	15680	15688	15696	15704	15712	15720	15728	15736	15744	15752	15760	15768	15776	15784	15792	15800	15808	15816	15824	15832	15840	15848	15856	15864	15872	15880	15888	15896	15904	15912	15920	15928	15936	15944	15952	15960	15968	15976	15984	15992	16000	16008	16016	16024	16032	16040	16048	16056	16064	16072	16080	16088	16096	16104	16112	16120	16128	16136	16144	16152	16160	16168	16176	16184	16192	16200	16208	16216	16224	16232	16240	16248	16256	16264	16272	16280	16288	16296	16304	16312	16320	16328	16336	16344	16352	16360	16368	16376	16384	16392	16400	16408	16416	16424	16432	16440	16448	16456	16464	16472	16480	16488	16496	16504	16512	16520	16528	16536	16544	16552	16560	16568	16576	16584	16592	16600	16608	16616	16624	16632	16640	16648	16656	16664	16672	16680	16688	16696	16704	16712	16720	16728	16736	16744	16752	16760	16768	16776	16784	16792	16800	16808	16816	16824	16832	16840	16848	16856	16864	16872	16880	16888	16896	16904	16912	16920	16928	16936	16944	16952	16960	16968	16976	16984	16992	17000	17008	17016	17024	17032	17040	17048	17056	17064	17072	17080	17088	17096	17104	17112	17120	17128	17136	17144	17152	17160	17168	17176	17184	17192	17200	17208	17216	17224	17232	17240	17248	17256	17264	17272	17280	17288	17296	17304	17312	17320	17328	17336	17344	17352	17360	17368	17376	17384	17392	17400	17408	17416	17424	17432	17440	17448	17456	17464	17472	17480	17488	17496	17504	17512	17520	17528	17536	17544	17552	17560	17568	17576	17584	17592	17600	17608	17616	17624	17632	17640	17648	17656	17664	17672	17680	17688	17696	17704	17712	17720	17728	17736	17744	17752	17760	17768	17776	17784	17792	17800	17808	17816	17824	17832	17840	17848	17856	17864	17872	17880	17888	17896	17904	17912	17920	17928	17936	17944	17952	17960	17968	17976	17984	17992	18000	18008	18016	18024	18032	18040	18048	18056	18064	18072	18080	18088	18096	18104	18112	18120	18128	18136	18144	18152	18160	18168	18176	18184	18192	18200	18208	18216	18224	18232	18240	18248	18256	18264	18272	18280	18288	18296	18304	18312	18320	18328	18336	18344	18352	18360	18368	18376	18384	18392	18400	18408	18416	18424	18432	18440	18448	18456	18464	18472	18480	18488	18496	18504	18512	18520	18528	18536	18544	18552	18560	18568	18576	18584	18592	18600	18608	18616	18624	18632	18640	18648	18656	18664	18672	18680	18688	18696	18704	18712	18720	18728	18736	18744	18752	18760	18768	18776	18784	18792	18800	18808	18816	18824	18832	18840	18848	18856	18864	18872	18880	18888	18896	18904	18912	18920	18928	18936	18944	18952	18960	18968	18976	18984	18992	19000	19008	19016	19024	19032	19040	19048	19056	19064	19072	19080	19088	19096	19104	19112	19120	19128	19136	19144	19152	19160	19168	19176	19184	19192	19200	19208	19216	19224	19232	19240	19248	19256	19264	19272	19280	19288	19296	19304	19312	19320	19328	19336	19344	19352	19360	19368	19376	19384	19392	19400	19408	19416	19424	19432	19440	19448	19456	19464	19472	19480	19488	19496	19504	19512	19520	19528	19536	19544	19552	19560	19568	19576	19584	19592	19600	19608	19616	19624	19632	19640	19648	19656	19664	19672	19680	19688	19696	19704	19712	19720	19728	19736	19744	19752	19760	19768	19776	19784	19792	19800	19808	19816	19824	19832	19840	19848	19856	19864	19872	19880	19888	19896	19904	19912	19920	19928	19936	19944	19952	19960	19968	19976	19984	19992	20000	20008	20016	20024	20032	20040	20048	20056	20064	20072	20080	20088	20096	20104	20112	20120	20128	20136	20144	20152	20160	20168	20176	20184	20192	20200	20208	20216	20224	20232	20240	20248	20256	20264	20272	20280	20288	20296	20304	20312	20320	20328	20336	20344	20352	20360	20368	20376	20384	20392	20400	20408	20416	20424	20432	20440	20448	20456	20464	20472	20480	20488	20496	20504	20512	20520	20528	20536	20544	20552	20560	20568	20576	20584	20592	20600	20608	20616	20624	20632	20640	20648	20656	20664	20672	20680	20688	20696	20704	20712	20720	20728	20736	20744	20752	20760	20768	20776	20784	20792	20800	20808	20816	20824	20832	20840	20848	20856	20864	20872	20880	20888	20896	20904	20912	20920	20928	20936	20944	20952	20960	20968	20976	20984	20992	21000	21008	21016	21024	21032	21040	21048	21056	21064	21072	21080	21088	21096	21104	21112	21120	21128	21136	21144	21152	21160	21168	21176	21184	21192	21200	21208	21216	21224	21232	21240	21248	21256	21264	21272	21280	21288	21296	21304	21312	21320	21328	21336	21344	21352	21360	21368	21376	21384	21392	21400	21408	21416	21424	21432	21440	21448	21456	21464	21472	21480	21488	21496	21504	21512	21520	21528	21536	21544	21552	21560	21568	21576	21584	21592	21600	21608	21616	21624	21632	21640	21648	21656	21664	21672	21680	21688	21696	21704	21712	21720	21728	21736	21744	21752	21760	21768	21776	21784	21792	21800	21808	21816	21824	21832	21840	21848	21856	21864	21872	21880	21888	21896	21904	21912	21920	21928	21936	21944	21952	21960	21968	21976	21984	21992	22000	22008	22016	22024	22032	22040	22048	22056	22064	22072	22080	22088	22096	22104	22112	22120	22128	22136	22144	22152	22160	22168	22176	22184	22192	22200	22208	22216	22224	22232	22240	22248	22256	22264	22272	22280	22288	22296	22304	22312	22320	22328	22336	22344	22352	22360	22368	22376	22384	22392	22400	22408	22416	22424	22432	22440	22448	22456	22464	22472	22480	22488	22496	22504	22512	22520	22528	22536	22544	22552	22560	22568	22576	22584	22592	22600	22608	22616	22624	22632	22640	22648	22656	22664	22672	22680	22688	22696	22704	22712	22720	22728	22736	22744	22752	22760	22768	22776	22784	22792	22800	22808	22816	22824	22832	22840	22848	22856	22864	22872	22880	22888	22896	22904	22912	22920	22928	22936	22944	22952	22960	22968	22976	22984	22992	23000	23008	23016	23024	23032	23040	23048	23056	23064	23072	23080	23088	23096	23104	23112	23120	23128	23136	23144	23152	23160	23168	23176	23184	23192	23200	23208	23216	23224	23232	23240	23248	23256	23264	23272	23280	23288	23296	23304	23312	23320	23328	23336	23344	23352	23360	23368	23376	23384	23392	23400	23408	23416	23424	23432	23440	23448	23456	23464	23472	23480	23488	23496	23504	23512	23520	23528	23536	23544	23552	23560	23568	23576	23584	23592	23600	23608	23616	23624	23632	23640	23648	23656	23664	23672	23680	23688	23696	23704	23712	23720	23728	23736	23744	23752	23760	23768	23776	23784	23792	23800	23808	23816	23824	23832	23840	23848	23856	23864	23872	23880	23888	23896	23904	23912	23920	23928	23936	23944	23952	23960	23968	23976	23984	23992	24000	24008	24016	24024	24032	24040	24048	24056	24064	24072	24080	24088	24096	24104	24112	24120	24128	24136	24144	24152	24160	24168	24176	24184	24192	24200	24208	24216	24224	24232	24240	24248	24256	24264	24272	24280	24288	24296	24304	24312	24320	24328	24336	24344	24352	24360	24368	24376	24384	24392	24400	24408	24416	24424	24432	24440	24448	24456	24464	24472	24480	24488	24496	24504	24512	24520	24528	24536	24544	24552	24560	24568	24576	24584	24592	24600	24608	24616	24624	24632	24640	24648	24656	24664	24672	24680	24688	24696	24704	24712	24720	24728	24736	24744	24752	24760	24768	24776	24784	24792	24800	24808	24816	24824	24832	24840	24848	24856	24864	24872	24880	24888	24896	24904	24912	24920	24928	24936	24944	24952	24960	24968	24976	24984	24992	25000	25008	25016	25024	25032	25040	25048	25056	25064	25072	25080	25088	25096	25104	25112	25120	25128	25136	25144	25152	25160	25168	25176	25184	25192	25200	25208	25216	25224	25232	25240	25248	25256	25264	25272	25280	25288	25296	25304	25312	25320	25328	25336	25344	25352	25360	25368	25376	25384	25392	25400	25408	25416	25424	25432	25440	25448	25456	25464	25472	25480	25488	25496	25504	25512	25520	25528	25536	25544	25552	25560	25568	25576	25584	25592	25600	25608	25616	25624	25632	25640	25648	25656	25664	25672	25680	25688	25696	25704	25712	25720	25728	25736	25744	25752	25760	25768	25776	25784	25792	25800	25808	25816	25824	25832	25840	25848	25856	25864	25872	25880	25888	25896	25904	25912	25920	25928	25936	25944	25952	25960	25968	25976	25984	25992	26000	26008	26016	26024	26032	26040	26048	26056	26064	26072	26080	26088	26096	26104	26112	26120	26128	26136	26144	26152	26160	26168	26176	26184	26192	26200	26208	26216	26224	26232	26240	26248	26256	26264	26272	26280	26288	26296	26304	26312	26320	26328	26336	26344	26352	26360	26368	26376	26384	26392	26400	26408	26416	26424	26432	26440	26448	26456	26464	26472	26480	26488	26496	26504	26512	26520	26528	26536	26544	26552	26560	26568	26576	26584	26592	26600	26608	26616	26624	26632	26640	26648	26656	26664	26672	26680	26688	26696	26704	26712	26720	26728	26736	26744	26752	26760	26768	26776	26784	26792	26800	26808	26816	26824	26832	26840	26848	26856	26864	26872	26880	26888	26896	26904	26912	26920	26928	26936	26944	26952	26960	26968	26976	26984	26992	27000	27008	27016	27024	27032	27040	27048	27056	27064	27072	27080	27088	27096	27104	27112	27120	27128	27136	27144	27152	27160	27168	27176	27184	27192	27200	27208	27216	27224	27232	27240	27248	27256	27264	27272	27280	27288	27296	27304	27312	27320	27328	27336	27344	27352	27360	27368	27376	27384	27392	27400	27408	27416	27424	27432	27440	27448	27456	27464	27472	27480	27488	27496	27504	27512	27520	27528	27536	27544	27552	27560	27568	27576	27584	27592	27600	27608	27616	27624	27632	27640	27648	27656	27664	27672	27680	27688	27696	27704	27712	27720	27728	27736	27744	27752	27760	27768	27776	27784	27792	27800	27808	27816	27824	27832	27840	27848	27856	27864	27872	27880	27888	27896	27904	27912	27920	27928	27936	27944	27952	27960	27968	27976	27984	27992	28000	28008	28016	28024	28032	28040	28048	28056	28064	28072	28080	28088	28096	28104	28112	28120	28128	28136	28144	28152	28160	28168	28176	28184	28192	28200	28208	28216	28224	28232	28240	28248	28256	28264	28272	28280	28288	28296	28304	28312	28320	28328	28336	28344	28352	28360	28368	28376	28384	28392	28400	28408	28416	28424	28432	28440	28448	28456	28464	28472	28480	28488	28496	28504	28512	28520	28528	28536	28544	28552	28560	28568	28576	28584	28592	28600	28608	28616	28624	28632	28640	28648	28656	28664	28672	28680	28688	28696	28704	28712	28720	28728	28736	28744	28752	28760	28768	28776	28784	28792	28800	28808	28816	28824	28832	28840	28848	28856	28864	28872	28880	28888	28896	28904	28912	28920	28928	28936	28944	28952	28960	28968	28976	28984	28992	29000	29008	29016	29024	29032	29040	29048	29056	29064	29072	29080	29088	29096	29104	29112	29120	29128	29136	29144	29152	29160	29168	29176	29184	29192	29200	29208	29216	29224	29232	29240	29248	29256	29264	29272	29280	
</DataArray>
<DataArray type="UInt8" Name="types" format="ascii">
11	11	11	11	11	11	11	11	11	11	11	11	11	11	11	11	11	11	11	11	11	11	11	11	11	11	11	11	11	11	11	11	11	11	11	11	11	11	11	11	11	11	11	11	11	11	11	11	11	11	11	11	11	11	11	11	11	11	11	11	11	11	11	11	11	11	11	11	11	11	11	11	11	11	11	11	11	11	11	11	11	11	11	11	11	11	11	11	11	11	11	11	11	11	11	11	11	11	11	11	11	11	11	11	11	11	11	11	11	11	11	11	11	11	11	11	11	11	11	11	11	11	11	11	11	11	11	11	11	11	11	11	11	11	11	11	11	11	11	11	11	11	11	11	11	11	11	11	11	11	11	11	11	11	11	11	11	11	11	11	11	11	11	11	11	11	11	11	11	11	11	11	11	11	11	11	11	11	11	11	11	11	11	11	11	11	11	11	11	11	11	11	11	11	11	11	11	11	11	11	11	11	11	11	11	11	11	11	11	11	11	11	11	11	11	11	11	11	11	11	11	11	11	11	11	11	11	11	11	11	11	11	11	11	11	11	11	11	11	11	11	11	11	11	11	11	11	11	11	11	11	11	11	11	11	11	11	11	11	11	11	11	11	11	11	11	11	11	11	11	11	11	11	11	11	11	11	11	11	11	11	11	11	11	11	11	11	11	11	11	11	11	11	11	11	11	11	11	11	11	11	11	11	11	11	11	11	11	11	11	11	11	11	11	11	11	11	11	11	11	11	11	11	11	11	11	11	11	11	11	11	11	11	11	11	11	11	11	11	11	11	11	11	11	11	11	11	11	11	11	11	11	11	11	11	11	11	11	11	11	11	11	11	11	11	11	11	11	11	11	11	11	11	11	11	11	11	11	11	11	11	11	11	11	11	11	11	11	11	11	11	11	11	11	11	11	11	11	11	11	11	11	11	11	11	11	11	11	11	11	11	11	11	11	11	11	11	11	11	11	11	11	11	11	11	11	11	11	11	11	11	11	11	11	11	11	11	11	11	11	11	11	11	11	11	11	11	11	11	11	11	11	11	11	11	11	11	11	11	11	11	11	11	11	11	11	11	11	11	11	11	11	11	11	11	11	11	11	11	11	11	11	11	11	11	11	11	11	11	11	11	11	11	11	11	11	11	11	11	11	11	11	11	11	11	11	11	11	11	11	11	11	11	11	11	11	11	11	11	11	11	11	11	11	11	11	11	11	11	11	11	11	11	11	11	11	11	11	11	11	11	11	11	11	11	11	11	11	11	11	11	11	11	11	11	11	11	11	11	11	11	11	11	11	11	11	11	11	11	11	11	11	11	11	11	11	11	11	11	11	11	11	11	11	11	11	11	11	11	11	11	11	11	11	11	11	11	11	11	11	11	11	11	11	11	11	11	11	11	11	11	11	11	11	11	11	11	11	11	11	11	11	11	11	11	11	11	11	11	11	11	11	11	11	11	11	11	11	11	11	11	11	11	11	11	11	11	11	11	11	11	11	11	11	11	11	11	11	11	11	11	11	11	11	11	11	11	11	11	11	11	11	11	11	11	11	11	11	11	11	11	11	11	11	11	11	11	11	11	11	11	11	11	11	11	11	11	11	11	11	11	11	11	11	11	11	11	11	11	11	11	11	11	11	11	11	11	11	11	11	11	11	11	11	11	11	11	11	11	11	11	11	11	11	11	11	11	11	11	11	11	11	11	11	11	11	11	11	11	11	11	11	11	11	11	11	11	11	11	11	11	11	11	11	11	11	11	11	11	11	11	11	11	11	11	11	11	11	11	11	11	11	11	11	11	11	11	11	11	11	11	11	11	11	11	11	11	11	11	11	11	11	11	11	11	11	11	11	11	11	11	11	11	11	11	11	11	11	11	11	11	11	11	11	11	11	11	11	11	11	11	11	11	11	11	11	11	11	11	11	11	11	11	11	11	11	11	11	11	11	11	11	11	11	11	11	11	11	11	11	11	11	11	11	11	11	11	11	11	11	11	11	11	11	11	11	11	11	11	11	11	11	11	11	11	11	11	11	11	11	11	11	11	11	11	11	11	11	11	11	11	11	11	11	11	11	11	11	11	11	11	11	11	11	11	11	11	11	11	11	11	11	11	11	11	11	11	11	11	11	11	11	11	11	11	11	11	11	11	11	11	11	11	11	11	11	11	11	11	11	11	11	11	11	11	11	11	11	11	11	11	11	11	11	11	11	11	11	11	11	11	11	11	11	11	11	11	11	11	11	11	11	11	11	11	11	11	11	11	11	11	11	11	11	11	11	11	11	11	11	11	11	11	11	11	11	11	11	11	11	11	11	11	11	11	11	11	11	11	11	11	11	11	11	11	11	11	11	11	11	11	11	11	11	11	11	11	11	11	11	11	11	11	11	11	11	11	11	11	11	11	11	11	11	11	11	11	11	11	11	11	11	11	11	11	11	11	11	11	11	11	11	11	11	11	11	11	11	11	11	11	11	11	11	11	11	11	11	11	11	11	11	11	11	11	11	11	11	11	11	11	11	11	11	11	11	11	11	11	11	11	11	11	11	11	11	11	11	11	11	11	11	11	11	11	11	11	11	11	11	11	11	11	11	11	11	11	11	11	11	11	11	11	11	11	11	11	11	11	11	11	11	11	11	11	11	11	11	11	11	11	11	11	11	11	11	11	11	11	11	11	11	11	11	11	11	11	11	11	11	11	11	11	11	11	11	11	11	11	11	11	11	11	11	11	11	11	11	11	11	11	11	11	11	11	11	11	11	11	11	11	11	11	11	11	11	11	11	11	11	11	11	11	11	11	11	11	11	11	11	11	11	11	11	11	11	11	11	11	11	11	11	11	11	11	11	11	11	11	11	11	11	11	11	11	11	11	11	11	11	11	11	11	11	11	11	11	11	11	11	11	11	11	11	11	11	11	11	11	11	11	11	11	11	11	11	11	11	11	11	11	11	11	11	11	11	11	11	11	11	11	11	11	11	11	11	11	11	11	11	11	11	11	11	11	11	11	11	11	11	11	11	11	11	11	11	11	11	11	11	11	11	11	11	11	11	11	11	11	11	11	11	11	11	11	11	11	11	11	11	11	11	11	11	11	11	11	11	11	11	11	11	11	11	11	11	11	11	11	11	11	11	11	11	11	11	11	11	11	11	11	11	11	11	11	11	11	11	11	11	11	11	11	11	11	11	11	11	11	11	11	11	11	11	11	11	11	11	11	11	11	11	11	11	11	11	11	11	11	11	11	11	11	11	11	11	11	11	11	11	11	11	11	11	11	11	11	11	11	11	11	11	11	11	11	11	11	11	11	11	11	11	11	11	11	11	11	11	11	11	11	11	11	11	11	11	11	11	11	11	11	11	11	11	11	11	11	11	11	11	11	11	11	11	11	11	11	11	11	11	11	11	11	11	11	11	11	11	11	11	11	11	11	11	11	11	11	11	11	11	11	11	11	11	11	11	11	11	11	11	11	11	11	11	11	11	11	11	11	11	11	11	11	11	11	11	11	11	11	11	11	11	11	11	11	11	11	11	11	11	11	11	11	11	11	11	11	11	11	11	11	11	11	11	11	11	11	11	11	11	11	11	11	11	11	11	11	11	11	11	11	11	11	11	11	11	11	11	11	11	11	11	11	11	11	11	11	11	11	11	11	11	11	11	11	11	11	11	11	11	11	11	11	11	11	11	11	11	11	11	11	11	11	11	11	11	11	11	11	11	11	11	11	11	11	11	11	11	11	11	11	11	11	11	11	11	11	11	11	11	11	11	11	11	11	11	11	11	11	11	11	11	11	11	11	11	11	11	11	11	11	11	11	11	11	11	11	11	11	11	11	11	11	11	11	11	11	11	11	11	11	11	11	11	11	11	11	11	11	11	11	11	11	11	11	11	11	11	11	11	11	11	11	11	11	11	11	11	11	11	11	11	11	11	11	11	11	11	11	11	11	11	11	11	11	11	11	11	11	11	11	11	11	11	11	11	11	11	11	11	11	11	11	11	11	11	11	11	11	11	11	11	11	11	11	11	11	11	11	11	11	11	11	11	11	11	11	11	11	11	11	11	11	11	11	11	11	11	11	11	11	11	11	11	11	11	11	11	11	11	11	11	11	11	11	11	11	11	11	11	11	11	11	11	11	11	11	11	11	11	11	11	11	11	11	11	11	11	11	11	11	11	11	11	11	11	11	11	11	11	11	11	11	11	11	11	11	11	11	11	11	11	11	11	11	11	11	11	11	11	11	11	11	11	11	11	11	11	11	11	11	11	11	11	11	11	11	11	11	11	11	11	11	11	11	11	11	11	11	11	11	11	11	11	11	11	11	11	11	11	11	11	11	11	11	11	11	11	11	11	11	11	11	11	11	11	11	11	11	11	11	11	11	11	11	11	11	11	11	11	11	11	11	11	11	11	11	11	11	11	11	11	11	11	11	11	11	11	11	11	11	11	11	11	11	11	11	11	11	11	11	11	11	11	11	11	11	11	11	11	11	11	11	11	11	11	11	11	11	11	11	11	11	11	11	11	11	11	11	11	11	11	11	11	11	11	11	11	11	11	11	11	11	11	11	11	11	11	11	11	11	11	11	11	11	11	11	11	11	11	11	11	11	11	11	11	11	11	11	11	11	11	11	11	11	11	11	11	11	11	11	11	11	11	11	11	11	11	11	11	11	11	11	11	11	11	11	11	11	11	11	11	11	11	11	11	11	11	11	11	11	11	11	11	11	11	11	11	11	11	11	11	11	11	11	11	11	11	11	11	11	11	11	11	11	11	11	11	11	11	11	11	11	11	11	11	11	11	11	11	11	11	11	11	11	11	11	11	11	11	11	11	11	11	11	11	11	11	11	11	11	11	11	11	11	11	11	11	11	11	11	11	11	11	11	11	11	11	11	11	11	11	11	11	11	11	11	11	11	11	11	11	11	11	11	11	11	11	11	11	11	11	11	11	11	11	11	11	11	11	11	11	11	11	11	11	11	11	11	11	11	11	11	11	11	11	11	11	11	11	11	11	11	11	11	11	11	11	11	11	11	11	11	11	11	11	11	11	11	11	11	11	11	11	11	11	11	11	11	11	11	11	11	11	11	11	11	11	11	11	11	11	11	11	11	11	11	11	11	11	11	11	11	11	11	11	11	11	11	11	11	11	11	11	11	11	11	11	11	11	11	11	11	11	11	11	11	11	11	11	11	11	11	11	11	11	11	11	11	11	11	11	11	11	11	11	11	11	11	11	11	11	11	11	11	11	11	11	11	11	11	11	11	11	11	11	11	11	11	11	11	11	11	11	11	11	11	11	11	11	11	11	11	11	11	11	11	11	11	11	11	11	11	11	11	11	11	11	11	11	11	11	11	11	11	11	11	11	11	11	11	11	11	11	11	11	11	11	11	11	11	11	11	11	11	11	11	11	11	11	11	11	11	11	11	11	11	11	11	11	11	11	11	11	11	11	11	11	11	11	11	11	11	11	11	11	11	11	11	11	11	11	11	11	11	11	11	11	11	11	11	11	11	11	11	11	11	11	11	11	11	11	11	11	11	11	11	11	11	11	11	11	11	11	11	11	11	11	11	11	11	11	11	11	11	11	11	11	11	11	11	11	11	11	11	11	11	11	11	11	11	11	11	11	11	11	11	11	11	11	11	11	11	11	11	11	11	11	11	11	11	11	11	11	11	11	11	11	11	11	11	11	11	11	11	11	11	11	11	11	11	11	11	11	11	11	11	11	11	11	11	11	11	11	11	11	11	11	11	11	11	11	11	11	11	11	11	11	11	11	11	11	11	11	11	11	11	11	11	11	11	11	11	11	11	11	11	11	11	11	11	11	11	11	11	11	11	11	11	11	11	11	11	11	11	11	11	11	11	11	11	11	11	11	11	11	11	11	11	11	11	11	11	11	11	11	11	11	11	11	11	11	11	11	11	11	11	11	11	11	11	11	11	11	11	11	11	11	11	11	11	11	11	11	11	11	11	11	11	11	11	11	11	11	11	11	11	11	11	11	11	11	11	11	11	11	11	11	11	11	11	11	11	11	11	11	11	11	11	11	11	11	11	11	11	11	11	11	11	11	11	11	11	11	11	11	11	11	11	11	11	11	11	11	11	11	11	11	11	11	11	11	11	11	11	11	11	11	11	11	11	11	11	11	11	11	11	11	11	11	11	11	11	11	11	11	11	11	11	11	11	11	11	11	11	11	11	11	11	11	11	11	11	11	11	11	11	11	11	11	11	11	11	11	11	11	11	11	11	11	11	11	11	11	11	11	11	11	11	11	11	11	11	11	11	11	11	11	11	11	11	11	11	11	11	11	11	11	11	11	11	11	11	11	11	11	11	11	11	11	11	11	11	11	11	11	11	11	11	11	11	11	11	11	11	11	11	11	11	11	11	11	11	11	11	11	11	11	11	11	11	11	11	11	11	11	11	11	11	11	11	11	11	11	11	11	11	11	11	11	11	11	11	11	11	11	11	11	11	11	11	11	11	11	11	11	11	11	11	11	11	11	11	11	11	11	11	11	11	11	11	11	11	11	11	11	11	11	11	11	11	11	11	11	11	11	11	11	11	11	11	11	11	11	11	11	11	11	11	11	11	11	11	11	11	11	11	11	11	11	11	11	11	11	11	11	11	11	11	11	11	11	11	11	11	11	11	11	11	11	11	11	11	11	11	11	11	11	11	11	11	11	11	11	11	11	11	11	11	11	11	11	11	11	11	11	11	11	11	11	11	11	11	11	11	11	11	11	11	11	11	11	11	11	11	11	11	11	11	11	11	11	11	11	11	11	11	11	11	11	11	11	11	11	11	11	11	11	11	11	11	11	11	11	11	11	11	11	11	11	11	11	11	11	11	11	11	11	11	11	11	11	11	11	11	11	11	11	11	11	11	11	11	11	11	11	11	11	11	11	11	11	11	11	11	11	11	11	11	11	11	11	11	11	11	11	11	11	11	11	11	11	11	11	11	11	11	11	11	11	11	11	11	11	11	11	11	11	11	11	11	11	11	11	11	11	11	11	11	11	11	11	11	11	11	11	11	11	11	11	11	11	11	11	11	11	11	11	11	11	11	11	11	11	11	11	11	11	11	11	11	11	11	11	11	11	11	11	11	11	11	11	11	11	11	11	11	11	11	11	11	11	11	11	11	11	11	11	11	11	11	11	11	11	11	11	11	11	11	11	11	11	11	11	11	11	11	11	11	11	11	11	11	11	11	11	11	11	11	11	11	11	11	11	11	11	11	11	11	11	11	11	11	11	11	11	11	11	11	11	11	11	11	11	11	11	11	11	11	11	11	11	11	11	11	11	11	11	11	11	11	11	11	11	11	11	11	11	11	11	11	11	11	11	11	11	11	11	11	11	11	11	11	11	11	11	11	11	11	11	11	11	11	11	11	11	11	11	11	11	11	11	11	11	11	11	11	11	11	11	11	11	11	11	11	11	11	11	11	11	11	11	11	11	11	11	11	11	11	11	11	11	11	11	11	11	11	11	11	11	11	11	11	11	11	11	11	11	11	11	11	11	11	11	11	11	11	11	11	11	11	11	11	11	11	11	11	11	11	11	11	11	11	11	11	11	11	11	11	11	11	11	11	11	11	11	11	11	11	11	11	11	11	11	11	11	11	11	11	11	11	11	11	11	11	11	11	11	11	11	11	11	11	11	11	11	11	11	11	11	11	11	11	11	11	11	11	11	11	11	11	11	11	11	11	11	11	11	11	11	11	11	11	11	11	11	11	11	11	11	11	11	11	11	11	11	11	11	11	11	11	11	11	11	11	11	11	11	11	11	11	11	11	11	11	11	11	11	11	11	11	11	11	11	11	11	11	11	11	11	11	11	11	11	11	11	11	11	11	11	11	11	11	11	11	11	11	11	11	11	11	11	11	11	11	11	11	11	11	11	11	11	11	11	11	11	11	11	11	11	11	11	11	11	11	11	11	11	11	11	11	11	11	11	11	11	11	11	11	11	11	11	11	11	11	11	11	11	11	11	11	11	11	11	11	11	11	11	11	11	11	11	11	11	11	11	11	11	11	11	11	11	11	11	11	11	11	11	11	11	11	11	11	11	11	11	11	11	11	11	11	11	11	11	11	11	11	11	11	11	11	11	11	11	11	11	11	11	11	11	11	11	11	11	11	11	11	11	11	11	11	11	11	11	11	11	11	11	11	11	11	11	11	11	11	11	11	11	11	11	11	11	11	11	11	11	11	11	11	11	11	11	11	11	11	11	11	11	11	11	11	11	11	11	11	11	11	11	11	11	11	11	11	11	11	11	11	11	11	11	11	11	11	11	11	11	11	11	11	11	</DataArray>
</Cells>
<CellData Scalars="scalars">
<DataArray type="Int32" Name="nodeid" format="ascii">1	2	3	4	5	1537	1538	1541	1542	1544	1543	1539	1545	1546	1548	1549	1550	1552	1551	8	9	10	11	12	13	14	15	16	17	18	19	20	21	22	23	24	25	26	27	28	29	1553	1554	1556	1555	1561	1562	1564	1563	1565	1566	1568	1567	1569	1570	1572	1571	1559	1573	1574	1576	1577	1578	1580	1579	33	34	35	36	37	38	39	40	41	42	43	44	45	46	47	48	49	50	51	52	53	54	1581	1582	1584	1583	1589	1590	1592	1591	1593	1594	1596	1595	1601	1602	1604	1603	1597	1598	1600	1599	1605	1606	1608	1609	1610	1612	1611	58	59	60	61	62	63	64	65	66	67	68	69	70	71	72	73	74	75	76	77	78	79	1613	1617	1618	1620	1619	1616	1615	1625	1626	1628	1627	1629	1630	1632	1631	1637	1638	1640	1639	1633	1634	1636	1635	1641	1642	1644	1645	1646	1648	1647	83	84	85	86	87	88	89	90	91	92	93	94	95	96	97	98	99	100	101	102	103	104	1649	1653	1654	1656	1655	1657	1658	1660	1659	1651	1665	1666	1668	1667	1669	1670	1672	1671	1677	1678	1680	1679	1673	1674	1676	1675	1681	1682	1684	1685	1686	1688	1687	108	109	110	111	112	113	114	115	116	117	118	119	120	121	122	123	124	125	126	127	128	1689	1690	1692	1691	1697	1698	1700	1699	1701	1702	1704	1703	1705	1706	1708	1707	1695	1713	1714	1716	1715	1717	1718	1720	1719	1725	1726	1728	1727	1721	1722	1724	1723	1729	1730	1732	1733	1734	1736	1735	133	134	135	136	137	138	139	140	141	142	143	144	145	146	147	148	149	150	151	152	153	1737	1738	1740	1739	1745	1746	1748	1747	1749	1750	1752	1751	1753	1754	1756	1755	1743	1761	1762	1764	1763	1765	1766	1768	1767	1773	1774	1776	1775	1769	1770	1772	1771	1777	1778	1780	1781	1782	1784	1783	158	159	160	161	162	163	164	165	166	167	168	169	170	171	172	173	174	175	176	177	178	1785	1789	1790	1792	1791	1788	1787	1797	1798	1800	1799	1801	1802	1804	1803	1809	1810	1812	1811	1805	1806	1808	1807	1817	1818	1820	1819	1821	1822	1824	1823	1829	1830	1832	1831	1825	1826	1828	1827	1833	1834	1836	1837	1838	1840	1839	183	184	185	186	187	188	189	190	191	192	193	194	195	196	197	198	199	200	201	202	203	1841	1845	1846	1848	1847	1844	1843	1853	1854	1856	1855	1857	1858	1860	1859	1865	1866	1868	1867	1861	1862	1864	1863	1873	1874	1876	1875	1877	1878	1880	1879	1885	1886	1888	1887	1881	1882	1884	1883	1889	1890	1892	1893	1894	1896	1895	208	209	210	211	212	213	214	215	216	217	218	219	220	221	222	223	224	225	226	227	1897	1898	1900	1899	1905	1906	1908	1907	1909	1910	1912	1911	1913	1914	1916	1915	1903	1921	1922	1924	1923	1925	1926	1928	1927	1933	1934	1936	1935	1929	1930	1932	1931	1941	1942	1944	1943	1945	1946	1948	1947	1953	1954	1956	1955	1949	1950	1952	1951	1957	1958	1960	1961	1962	1964	1963	233	234	235	236	237	238	239	240	241	242	243	244	245	246	247	248	249	250	251	252	1965	1966	1968	1967	1973	1974	1976	1975	1977	1978	1980	1979	1981	1982	1984	1983	1971	1989	1990	1992	1991	1993	1994	1996	1995	2001	2002	2004	2003	1997	1998	2000	1999	2009	2010	2012	2011	2013	2014	2016	2015	2021	2022	2024	2023	2017	2018	2020	2019	2025	2026	2028	2027	258	259	260	261	262	263	264	265	266	267	268	269	270	271	272	273	274	275	276	277	2029	2030	2032	2031	2037	2038	2040	2039	2041	2042	2044	2043	2049	2050	2052	2051	2045	2046	2048	2047	2057	2058	2060	2059	2061	2062	2064	2063	2069	2070	2072	2071	2065	2066	2068	2067	2077	2078	2080	2079	2074	2076	2081	2082	2084	2083	282	283	284	285	286	287	288	289	290	291	292	293	294	295	296	297	298	299	300	301	302	2085	2089	2090	2092	2091	2088	2087	2097	2098	2100	2099	2101	2102	2104	2103	2109	2110	2112	2111	2105	2106	2108	2107	2117	2118	2120	2119	2121	2122	2124	2123	2129	2130	2132	2131	2125	2126	2128	2127	2133	2134	2136	2135	307	308	309	310	311	312	313	314	315	316	317	318	319	320	321	322	323	324	325	326	327	2137	2141	2142	2144	2143	2145	2146	2148	2147	2139	2153	2154	2156	2155	2157	2158	2160	2159	2165	2166	2168	2167	2161	2162	2164	2163	2169	2170	2172	2173	2174	2176	2175	331	332	333	334	335	336	337	338	339	340	341	342	343	344	345	346	347	348	349	350	351	2177	2178	2180	2179	2185	2186	2188	2187	2189	2190	2192	2191	2193	2194	2196	2195	2183	2201	2202	2204	2203	2198	2209	2210	2212	2211	2205	2206	2208	2207	2213	2214	2216	2215	356	357	358	359	360	361	362	363	364	365	366	367	368	369	370	371	372	373	374	375	376	2217	2218	2220	2219	2225	2226	2228	2227	2229	2230	2232	2231	2233	2234	2236	2235	2223	2237	2238	2240	2241	2242	2244	2243	380	381	382	383	384	385	386	387	388	389	2245	2246	2249	2250	2252	2251	2247	2253	2254	2256	2257	2258	2260	2259	392	393	394	395	396	397	398	399	400	401	402	403	404	405	406	407	408	409	410	411	412	413	2261	2262	2264	2263	2269	2270	2272	2271	2273	2274	2276	2275	2277	2278	2280	2279	2267	2281	2282	2284	2285	2286	2288	2287	417	418	419	420	421	422	423	424	425	426	427	428	429	430	431	432	433	434	435	436	437	438	2289	2290	2292	2291	2297	2298	2300	2299	2301	2302	2304	2303	2309	2310	2312	2311	2305	2306	2308	2307	2313	2314	2316	2317	2318	2320	2319	442	443	444	445	446	447	448	449	450	451	452	453	454	455	456	457	458	459	460	461	462	463	2321	2325	2326	2328	2327	2324	2323	2333	2334	2336	2335	2337	2338	2340	2339	2345	2346	2348	2347	2341	2342	2344	2343	2349	2350	2352	2353	2354	2356	2355	467	468	469	470	471	472	473	474	475	476	477	478	479	480	481	482	483	484	485	486	487	488	2357	2361	2362	2364	2363	2365	2366	2368	2367	2359	2373	2374	2376	2375	2377	2378	2380	2379	2385	2386	2388	2387	2381	2382	2384	2383	2389	2390	2392	2393	2394	2396	2395	492	493	494	495	496	497	498	499	500	501	502	503	504	505	506	507	508	509	510	511	512	2397	2398	2400	2399	2405	2406	2408	2407	2409	2410	2412	2411	2413	2414	2416	2415	2403	2421	2422	2424	2423	2425	2426	2428	2427	2433	2434	2436	2435	2429	2430	2432	2431	2437	2438	2440	2441	2442	2444	2443	517	518	519	520	521	522	523	524	525	526	527	528	529	530	531	532	533	534	535	536	537	2445	2446	2448	2447	2453	2454	2456	2455	2457	2458	2460	2459	2461	2462	2464	2463	2451	2469	2470	2472	2471	2473	2474	2476	2475	2481	2482	2484	2483	2477	2478	2480	2479	2485	2486	2488	2489	2490	2492	2491	542	543	544	545	546	547	548	549	550	551	552	553	554	555	556	557	558	559	560	561	562	2493	2497	2498	2500	2499	2496	2495	2505	2506	2508	2507	2509	2510	2512	2511	2517	2518	2520	2519	2513	2514	2516	2515	2525	2526	2528	2527	2529	2530	2532	2531	2537	2538	2540	2539	2533	2534	2536	2535	2541	2542	2544	2545	2546	2548	2547	567	568	569	570	571	572	573	574	575	576	577	578	579	580	581	582	583	584	585	586	587	2549	2553	2554	2556	2555	2552	2551	2561	2562	2564	2563	2565	2566	2568	2567	2573	2574	2576	2575	2569	2570	2572	2571	2581	2582	2584	2583	2585	2586	2588	2587	2593	2594	2596	2595	2589	2590	2592	2591	2597	2598	2600	2601	2602	2604	2603	592	593	594	595	596	597	598	599	600	601	602	603	604	605	606	607	608	609	610	611	2605	2606	2608	2607	2613	2614	2616	2615	2617	2618	2620	2619	2621	2622	2624	2623	2611	2629	2630	2632	2631	2633	2634	2636	2635	2641	2642	2644	2643	2637	2638	2640	2639	2649	2650	2652	2651	2653	2654	2656	2655	2661	2662	2664	2663	2657	2658	2660	2659	2665	2666	2668	2669	2670	2672	2671	617	618	619	620	621	622	623	624	625	626	627	628	629	630	631	632	633	634	635	636	2673	2674	2676	2675	2681	2682	2684	2683	2685	2686	2688	2687	2689	2690	2692	2691	2679	2697	2698	2700	2699	2701	2702	2704	2703	2709	2710	2712	2711	2705	2706	2708	2707	2717	2718	2720	2719	2721	2722	2724	2723	2729	2730	2732	2731	2725	2726	2728	2727	2733	2734	2736	2735	642	643	644	645	646	647	648	649	650	651	652	653	654	655	656	657	658	659	660	661	2737	2738	2740	2739	2745	2746	2748	2747	2749	2750	2752	2751	2757	2758	2760	2759	2753	2754	2756	2755	2765	2766	2768	2767	2769	2770	2772	2771	2777	2778	2780	2779	2773	2774	2776	2775	2785	2786	2788	2787	2782	2784	2789	2790	2792	2791	666	667	668	669	670	671	672	673	674	675	676	677	678	679	680	681	682	683	684	685	686	2793	2797	2798	2800	2799	2796	2795	2805	2806	2808	2807	2809	2810	2812	2811	2817	2818	2820	2819	2813	2814	2816	2815	2825	2826	2828	2827	2829	2830	2832	2831	2837	2838	2840	2839	2833	2834	2836	2835	2841	2842	2844	2843	691	692	693	694	695	696	697	698	699	700	701	702	703	704	705	706	707	708	709	710	711	2845	2849	2850	2852	2851	2853	2854	2856	2855	2847	2861	2862	2864	2863	2865	2866	2868	2867	2873	2874	2876	2875	2869	2870	2872	2871	2877	2878	2880	2881	2882	2884	2883	715	716	717	718	719	720	721	722	723	724	725	726	727	728	729	730	731	732	733	734	735	2885	2886	2888	2887	2893	2894	2896	2895	2897	2898	2900	2899	2901	2902	2904	2903	2891	2909	2910	2912	2911	2906	2917	2918	2920	2919	2913	2914	2916	2915	2921	2922	2924	2923	740	741	742	743	744	745	746	747	748	749	750	751	752	753	754	755	756	757	758	759	760	2925	2926	2928	2927	2933	2934	2936	2935	2937	2938	2940	2939	2941	2942	2944	2943	2931	2945	2946	2948	2949	2950	2952	2951	764	765	766	767	768	769	770	771	772	773	2953	2954	2957	2958	2960	2959	2955	2961	2962	2964	2965	2966	2968	2967	776	777	778	779	780	781	782	783	784	785	786	787	788	789	790	791	792	793	794	795	796	797	2969	2970	2972	2971	2977	2978	2980	2979	2981	2982	2984	2983	2985	2986	2988	2987	2975	2989	2990	2992	2993	2994	2996	2995	801	802	803	804	805	806	807	808	809	810	811	812	813	814	815	816	817	818	819	820	821	822	2997	2998	3000	2999	3005	3006	3008	3007	3009	3010	3012	3011	3017	3018	3020	3019	3013	3014	3016	3015	3021	3022	3024	3025	3026	3028	3027	826	827	828	829	830	831	832	833	834	835	836	837	838	839	840	841	842	843	844	845	846	847	3029	3033	3034	3036	3035	3032	3031	3041	3042	3044	3043	3045	3046	3048	3047	3053	3054	3056	3055	3049	3050	3052	3051	3057	3058	3060	3061	3062	3064	3063	851	852	853	854	855	856	857	858	859	860	861	862	863	864	865	866	867	868	869	870	871	872	3065	3069	3070	3072	3071	3073	3074	3076	3075	3067	3081	3082	3084	3083	3085	3086	3088	3087	3093	3094	3096	3095	3089	3090	3092	3091	3097	3098	3100	3101	3102	3104	3103	876	877	878	879	880	881	882	883	884	885	886	887	888	889	890	891	892	893	894	895	896	3105	3106	3108	3107	3113	3114	3116	3115	3117	3118	3120	3119	3121	3122	3124	3123	3111	3129	3130	3132	3131	3133	3134	3136	3135	3141	3142	3144	3143	3137	3138	3140	3139	3145	3146	3148	3149	3150	3152	3151	901	902	903	904	905	906	907	908	909	910	911	912	913	914	915	916	917	918	919	920	921	3153	3154	3156	3155	3161	3162	3164	3163	3165	3166	3168	3167	3169	3170	3172	3171	3159	3177	3178	3180	3179	3181	3182	3184	3183	3189	3190	3192	3191	3185	3186	3188	3187	3193	3194	3196	3197	3198	3200	3199	926	927	928	929	930	931	932	933	934	935	936	937	938	939	940	941	942	943	944	945	946	3201	3205	3206	3208	3207	3204	3203	3213	3214	3216	3215	3217	3218	3220	3219	3225	3226	3228	3227	3221	3222	3224	3223	3233	3234	3236	3235	3237	3238	3240	3239	3245	3246	3248	3247	3241	3242	3244	3243	3249	3250	3252	3253	3254	3256	3255	951	952	953	954	955	956	957	958	959	960	961	962	963	964	965	966	967	968	969	970	971	3257	3261	3262	3264	3263	3260	3259	3269	3270	3272	3271	3273	3274	3276	3275	3281	3282	3284	3283	3277	3278	3280	3279	3289	3290	3292	3291	3293	3294	3296	3295	3301	3302	3304	3303	3297	3298	3300	3299	3305	3306	3308	3309	3310	3312	3311	976	977	978	979	980	981	982	983	984	985	986	987	988	989	990	991	992	993	994	995	3313	3314	3316	3315	3321	3322	3324	3323	3325	3326	3328	3327	3329	3330	3332	3331	3319	3337	3338	3340	3339	3341	3342	3344	3343	3349	3350	3352	3351	3345	3346	3348	3347	3357	3358	3360	3359	3361	3362	3364	3363	3369	3370	3372	3371	3365	3366	3368	3367	3373	3374	3376	3377	3378	3380	3379	1001	1002	1003	1004	1005	1006	1007	1008	1009	1010	1011	1012	1013	1014	1015	1016	1017	1018	1019	1020	3381	3382	3384	3383	3389	3390	3392	3391	3393	3394	3396	3395	3397	3398	3400	3399	3387	3405	3406	3408	3407	3409	3410	3412	3411	3417	3418	3420	3419	3413	3414	3416	3415	3425	3426	3428	3427	3429	3430	3432	3431	3437	3438	3440	3439	3433	3434	3436	3435	3441	3442	3444	3443	1026	1027	1028	1029	1030	1031	1032	1033	1034	1035	1036	1037	1038	1039	1040	1041	1042	1043	1044	1045	3445	3446	3448	3447	3453	3454	3456	3455	3457	3458	3460	3459	3465	3466	3468	3467	3461	3462	3464	3463	3473	3474	3476	3475	3477	3478	3480	3479	3485	3486	3488	3487	3481	3482	3484	3483	3493	3494	3496	3495	3490	3492	3497	3498	3500	3499	1050	1051	1052	1053	1054	1055	1056	1057	1058	1059	1060	1061	1062	1063	1064	1065	1066	1067	1068	1069	1070	3501	3505	3506	3508	3507	3504	3503	3513	3514	3516	3515	3517	3518	3520	3519	3525	3526	3528	3527	3521	3522	3524	3523	3533	3534	3536	3535	3537	3538	3540	3539	3545	3546	3548	3547	3541	3542	3544	3543	3549	3550	3552	3551	1075	1076	1077	1078	1079	1080	1081	1082	1083	1084	1085	1086	1087	1088	1089	1090	1091	1092	1093	1094	1095	3553	3557	3558	3560	3559	3561	3562	3564	3563	3555	3569	3570	3572	3571	3573	3574	3576	3575	3581	3582	3584	3583	3577	3578	3580	3579	3585	3586	3588	3589	3590	3592	3591	1099	1100	1101	1102	1103	1104	1105	1106	1107	1108	1109	1110	1111	1112	1113	1114	1115	1116	1117	1118	1119	3593	3594	3596	3595	3601	3602	3604	3603	3605	3606	3608	3607	3609	3610	3612	3611	3599	3617	3618	3620	3619	3614	3625	3626	3628	3627	3621	3622	3624	3623	3629	3630	3632	3631	1124	1125	1126	1127	1128	1129	1130	1131	1132	1133	1134	1135	1136	1137	1138	1139	1140	1141	1142	1143	1144	3633	3634	3636	3635	3641	3642	3644	3643	3645	3646	3648	3647	3649	3650	3652	3651	3639	3653	3654	3656	3657	3658	3660	3659	1148	1149	1150	1151	1152	1153	1154	1155	1156	1157	3661	3662	3665	3666	3668	3667	3663	3669	3670	3672	3673	3674	3676	3675	1160	1161	1162	1163	1164	1165	1166	1167	1168	1169	1170	1171	1172	1173	1174	1175	1176	1177	1178	1179	1180	1181	3677	3678	3680	3679	3685	3686	3688	3687	3689	3690	3692	3691	3693	3694	3696	3695	3683	3697	3698	3700	3701	3702	3704	3703	1185	1186	1187	1188	1189	1190	1191	1192	1193	1194	1195	1196	1197	1198	1199	1200	1201	1202	1203	1204	1205	1206	3705	3706	3708	3707	3713	3714	3716	3715	3717	3718	3720	3719	3725	3726	3728	3727	3721	3722	3724	3723	3729	3730	3732	3733	3734	3736	3735	1210	1211	1212	1213	1214	1215	1216	1217	1218	1219	1220	1221	1222	1223	1224	1225	1226	1227	1228	1229	1230	1231	3737	3741	3742	3744	3743	3740	3739	3749	3750	3752	3751	3753	3754	3756	3755	3761	3762	3764	3763	3757	3758	3760	3759	3765	3766	3768	3769	3770	3772	3771	1235	1236	1237	1238	1239	1240	1241	1242	1243	1244	1245	1246	1247	1248	1249	1250	1251	1252	1253	1254	1255	1256	3773	3777	3778	3780	3779	3781	3782	3784	3783	3775	3789	3790	3792	3791	3793	3794	3796	3795	3801	3802	3804	3803	3797	3798	3800	3799	3805	3806	3808	3809	3810	3812	3811	1260	1261	1262	1263	1264	1265	1266	1267	1268	1269	1270	1271	1272	1273	1274	1275	1276	1277	1278	1279	1280	3813	3814	3816	3815	3821	3822	3824	3823	3825	3826	3828	3827	3829	3830	3832	3831	3819	3837	3838	3840	3839	3841	3842	3844	3843	3849	3850	3852	3851	3845	3846	3848	3847	3853	3854	3856	3857	3858	3860	3859	1285	1286	1287	1288	1289	1290	1291	1292	1293	1294	1295	1296	1297	1298	1299	1300	1301	1302	1303	1304	1305	3861	3862	3864	3863	3869	3870	3872	3871	3873	3874	3876	3875	3877	3878	3880	3879	3867	3885	3886	3888	3887	3889	3890	3892	3891	3897	3898	3900	3899	3893	3894	3896	3895	3901	3902	3904	3905	3906	3908	3907	1310	1311	1312	1313	1314	1315	1316	1317	1318	1319	1320	1321	1322	1323	1324	1325	1326	1327	1328	1329	1330	3909	3913	3914	3916	3915	3912	3911	3921	3922	3924	3923	3925	3926	3928	3927	3933	3934	3936	3935	3929	3930	3932	3931	3941	3942	3944	3943	3945	3946	3948	3947	3953	3954	3956	3955	3949	3950	3952	3951	3957	3958	3960	3961	3962	3964	3963	1335	1336	1337	1338	1339	1340	1341	1342	1343	1344	1345	1346	1347	1348	1349	1350	1351	1352	1353	1354	1355	3965	3969	3970	3972	3971	3968	3967	3977	3978	3980	3979	3981	3982	3984	3983	3989	3990	3992	3991	3985	3986	3988	3987	3997	3998	4000	3999	4001	4002	4004	4003	4009	4010	4012	4011	4005	4006	4008	4007	4013	4014	4016	4017	4018	4020	4019	1360	1361	1362	1363	1364	1365	1366	1367	1368	1369	1370	1371	1372	1373	1374	1375	1376	1377	1378	1379	4021	4022	4024	4023	4029	4030	4032	4031	4033	4034	4036	4035	4037	4038	4040	4039	4027	4045	4046	4048	4047	4049	4050	4052	4051	4057	4058	4060	4059	4053	4054	4056	4055	4065	4066	4068	4067	4069	4070	4072	4071	4077	4078	4080	4079	4073	4074	4076	4075	4081	4082	4084	4085	4086	4088	4087	1385	1386	1387	1388	1389	1390	1391	1392	1393	1394	1395	1396	1397	1398	1399	1400	1401	1402	1403	1404	4089	4090	4092	4091	4097	4098	4100	4099	4101	4102	4104	4103	4105	4106	4108	4107	4095	4113	4114	4116	4115	4117	4118	4120	4119	4125	4126	4128	4127	4121	4122	4124	4123	4133	4134	4136	4135	4137	4138	4140	4139	4145	4146	4148	4147	4141	4142	4144	4143	4149	4150	4152	4151	1410	1411	1412	1413	1414	1415	1416	1417	1418	1419	1420	1421	1422	1423	1424	1425	1426	1427	1428	1429	4153	4154	4156	4155	4161	4162	4164	4163	4165	4166	4168	4167	4173	4174	4176	4175	4169	4170	4172	4171	4181	4182	4184	4183	4185	4186	4188	4187	4193	4194	4196	4195	4189	4190	4192	4191	4201	4202	4204	4203	4198	4200	4205	4206	4208	4207	1434	1435	1436	1437	1438	1439	1440	1441	1442	1443	1444	1445	1446	1447	1448	1449	1450	1451	1452	1453	1454	4209	4213	4214	4216	4215	4212	4211	4221	4222	4224	4223	4225	4226	4228	4227	4233	4234	4236	4235	4229	4230	4232	4231	4241	4242	4244	4243	4245	4246	4248	4247	4253	4254	4256	4255	4249	4250	4252	4251	4257	4258	4260	4259	1459	1460	1461	1462	1463	1464	1465	1466	1467	1468	1469	1470	1471	1472	1473	1474	1475	1476	1477	1478	1479	4261	4265	4266	4268	4267	4269	4270	4272	4271	4263	4277	4278	4280	4279	4281	4282	4284	4283	4289	4290	4292	4291	4285	4286	4288	4287	4293	4294	4296	4297	4298	4300	4299	1483	1484	1485	1486	1487	1488	1489	1490	1491	1492	1493	1494	1495	1496	1497	1498	1499	1500	1501	1502	1503	4301	4302	4304	4303	4309	4310	4312	4311	4313	4314	4316	4315	4317	4318	4320	4319	4307	4325	4326	4328	4327	4322	4333	4334	4336	4335	4329	4330	4332	4331	4337	4338	4340	4339	1508	1509	1510	1511	1512	1513	1514	1515	1516	1517	1518	1519	1520	1521	1522	1523	1524	1525	1526	1527	1528	4341	4342	4344	4343	4349	4350	4352	4351	4353	4354	4356	4355	4357	4358	4360	4359	4347	4361	4362	4364	4365	4366	4368	4367	1532	1533	1534	1535	1536	</DataArray>
<DataArray type="Int32" Name="nodenumber" format="ascii">1	2	3	4	5	6	7	9	10	12	11	8	13	14	19	15	16	18	17	20	21	22	23	24	25	26	27	28	29	30	31	32	33	34	35	36	37	38	39	40	41	42	43	45	44	46	47	49	48	50	51	53	52	55	56	58	57	54	59	60	65	61	62	64	63	66	67	68	69	70	71	72	73	74	75	76	77	78	79	80	81	82	83	84	85	86	87	88	89	91	90	92	93	95	94	96	97	99	98	104	105	107	106	100	101	103	102	108	109	114	110	111	113	112	115	116	117	118	119	120	121	122	123	124	125	126	127	128	129	130	131	132	133	134	135	136	137	138	139	141	140	143	142	144	145	147	146	148	149	151	150	156	157	159	158	152	153	155	154	160	161	166	162	163	165	164	167	168	169	170	171	172	173	174	175	176	177	178	179	180	181	182	183	184	185	186	187	188	189	190	191	193	192	195	196	198	197	194	199	200	202	201	203	204	206	205	211	212	214	213	207	208	210	209	215	216	221	217	218	220	219	222	223	224	225	226	227	228	229	230	231	232	233	234	235	236	237	238	239	240	241	242	243	244	246	245	247	248	250	249	251	252	254	253	256	257	259	258	255	260	261	263	262	264	265	267	266	272	273	275	274	268	269	271	270	276	277	282	278	279	281	280	283	284	285	286	287	288	289	290	291	292	293	294	295	296	297	298	299	300	301	302	303	304	305	307	306	308	309	311	310	312	313	315	314	317	318	320	319	316	321	322	324	323	325	326	328	327	333	334	336	335	329	330	332	331	337	338	343	339	340	342	341	344	345	346	347	348	349	350	351	352	353	354	355	356	357	358	359	360	361	362	363	364	365	366	367	369	368	371	370	372	373	375	374	376	377	379	378	384	385	387	386	380	381	383	382	388	389	391	390	392	393	395	394	400	401	403	402	396	397	399	398	404	405	410	406	407	409	408	411	412	413	414	415	416	417	418	419	420	421	422	423	424	425	426	427	428	429	430	431	432	433	434	436	435	438	437	439	440	442	441	443	444	446	445	451	452	454	453	447	448	450	449	455	456	458	457	459	460	462	461	467	468	470	469	463	464	466	465	471	472	477	473	474	476	475	478	479	480	481	482	483	484	485	486	487	488	489	490	491	492	493	494	495	496	497	498	499	501	500	502	503	505	504	506	507	509	508	511	512	514	513	510	515	516	518	517	519	520	522	521	527	528	530	529	523	524	526	525	531	532	534	533	535	536	538	537	543	544	546	545	539	540	542	541	547	548	553	549	550	552	551	554	555	556	557	558	559	560	561	562	563	564	565	566	567	568	569	570	571	572	573	574	575	577	576	578	579	581	580	582	583	585	584	587	588	590	589	586	591	592	594	593	595	596	598	597	603	604	606	605	599	600	602	601	607	608	610	609	611	612	614	613	619	620	622	621	615	616	618	617	623	624	626	625	627	628	629	630	631	632	633	634	635	636	637	638	639	640	641	642	643	644	645	646	647	648	650	649	651	652	654	653	655	656	658	657	663	664	666	665	659	660	662	661	667	668	670	669	671	672	674	673	679	680	682	681	675	676	678	677	683	684	686	685	687	692	688	689	691	690	693	694	695	696	697	698	699	700	701	702	703	704	705	706	707	708	709	710	711	712	713	714	715	716	718	717	720	719	721	722	724	723	725	726	728	727	733	734	736	735	729	730	732	731	737	738	740	739	741	742	744	743	749	750	752	751	745	746	748	747	753	754	756	755	757	758	759	760	761	762	763	764	765	766	767	768	769	770	771	772	773	774	775	776	777	778	779	780	782	781	784	785	787	786	783	788	789	791	790	792	793	795	794	800	801	803	802	796	797	799	798	804	805	810	806	807	809	808	811	812	813	814	815	816	817	818	819	820	821	822	823	824	825	826	827	828	829	830	831	832	833	835	834	836	837	839	838	840	841	843	842	845	846	848	847	844	849	850	852	851	853	858	859	861	860	854	855	857	856	862	863	865	864	866	867	868	869	870	871	872	873	874	875	876	877	878	879	880	881	882	883	884	885	886	887	888	890	889	891	892	894	893	895	896	898	897	900	901	903	902	899	904	905	910	906	907	909	908	911	912	913	914	915	916	917	918	919	920	921	922	924	925	927	926	923	928	929	934	930	931	933	932	935	936	937	938	939	940	941	942	943	944	945	946	947	948	949	950	951	952	953	954	955	956	957	958	960	959	961	962	964	963	965	966	968	967	970	971	973	972	969	974	975	980	976	977	979	978	981	982	983	984	985	986	987	988	989	990	991	992	993	994	995	996	997	998	999	1000	1001	1002	1003	1004	1006	1005	1007	1008	1010	1009	1011	1012	1014	1013	1019	1020	1022	1021	1015	1016	1018	1017	1023	1024	1029	1025	1026	1028	1027	1030	1031	1032	1033	1034	1035	1036	1037	1038	1039	1040	1041	1042	1043	1044	1045	1046	1047	1048	1049	1050	1051	1052	1053	1054	1056	1055	1058	1057	1059	1060	1062	1061	1063	1064	1066	1065	1071	1072	1074	1073	1067	1068	1070	1069	1075	1076	1081	1077	1078	1080	1079	1082	1083	1084	1085	1086	1087	1088	1089	1090	1091	1092	1093	1094	1095	1096	1097	1098	1099	1100	1101	1102	1103	1104	1105	1106	1108	1107	1110	1111	1113	1112	1109	1114	1115	1117	1116	1118	1119	1121	1120	1126	1127	1129	1128	1122	1123	1125	1124	1130	1131	1136	1132	1133	1135	1134	1137	1138	1139	1140	1141	1142	1143	1144	1145	1146	1147	1148	1149	1150	1151	1152	1153	1154	1155	1156	1157	1158	1159	1161	1160	1162	1163	1165	1164	1166	1167	1169	1168	1171	1172	1174	1173	1170	1175	1176	1178	1177	1179	1180	1182	1181	1187	1188	1190	1189	1183	1184	1186	1185	1191	1192	1197	1193	1194	1196	1195	1198	1199	1200	1201	1202	1203	1204	1205	1206	1207	1208	1209	1210	1211	1212	1213	1214	1215	1216	1217	1218	1219	1220	1222	1221	1223	1224	1226	1225	1227	1228	1230	1229	1232	1233	1235	1234	1231	1236	1237	1239	1238	1240	1241	1243	1242	1248	1249	1251	1250	1244	1245	1247	1246	1252	1253	1258	1254	1255	1257	1256	1259	1260	1261	1262	1263	1264	1265	1266	1267	1268	1269	1270	1271	1272	1273	1274	1275	1276	1277	1278	1279	1280	1281	1282	1284	1283	1286	1285	1287	1288	1290	1289	1291	1292	1294	1293	1299	1300	1302	1301	1295	1296	1298	1297	1303	1304	1306	1305	1307	1308	1310	1309	1315	1316	1318	1317	1311	1312	1314	1313	1319	1320	1325	1321	1322	1324	1323	1326	1327	1328	1329	1330	1331	1332	1333	1334	1335	1336	1337	1338	1339	1340	1341	1342	1343	1344	1345	1346	1347	1348	1349	1351	1350	1353	1352	1354	1355	1357	1356	1358	1359	1361	1360	1366	1367	1369	1368	1362	1363	1365	1364	1370	1371	1373	1372	1374	1375	1377	1376	1382	1383	1385	1384	1378	1379	1381	1380	1386	1387	1392	1388	1389	1391	1390	1393	1394	1395	1396	1397	1398	1399	1400	1401	1402	1403	1404	1405	1406	1407	1408	1409	1410	1411	1412	1413	1414	1416	1415	1417	1418	1420	1419	1421	1422	1424	1423	1426	1427	1429	1428	1425	1430	1431	1433	1432	1434	1435	1437	1436	1442	1443	1445	1444	1438	1439	1441	1440	1446	1447	1449	1448	1450	1451	1453	1452	1458	1459	1461	1460	1454	1455	1457	1456	1462	1463	1468	1464	1465	1467	1466	1469	1470	1471	1472	1473	1474	1475	1476	1477	1478	1479	1480	1481	1482	1483	1484	1485	1486	1487	1488	1489	1490	1492	1491	1493	1494	1496	1495	1497	1498	1500	1499	1502	1503	1505	1504	1501	1506	1507	1509	1508	1510	1511	1513	1512	1518	1519	1521	1520	1514	1515	1517	1516	1522	1523	1525	1524	1526	1527	1529	1528	1534	1535	1537	1536	1530	1531	1533	1532	1538	1539	1541	1540	1542	1543	1544	1545	1546	1547	1548	1549	1550	1551	1552	1553	1554	1555	1556	1557	1558	1559	1560	1561	1562	1563	1565	1564	1566	1567	1569	1568	1570	1571	1573	1572	1578	1579	1581	1580	1574	1575	1577	1576	1582	1583	1585	1584	1586	1587	1589	1588	1594	1595	1597	1596	1590	1591	1593	1592	1598	1599	1601	1600	1602	1607	1603	1604	1606	1605	1608	1609	1610	1611	1612	1613	1614	1615	1616	1617	1618	1619	1620	1621	1622	1623	1624	1625	1626	1627	1628	1629	1630	1631	1633	1632	1635	1634	1636	1637	1639	1638	1640	1641	1643	1642	1648	1649	1651	1650	1644	1645	1647	1646	1652	1653	1655	1654	1656	1657	1659	1658	1664	1665	1667	1666	1660	1661	1663	1662	1668	1669	1671	1670	1672	1673	1674	1675	1676	1677	1678	1679	1680	1681	1682	1683	1684	1685	1686	1687	1688	1689	1690	1691	1692	1693	1694	1695	1697	1696	1699	1700	1702	1701	1698	1703	1704	1706	1705	1707	1708	1710	1709	1715	1716	1718	1717	1711	1712	1714	1713	1719	1720	1725	1721	1722	1724	1723	1726	1727	1728	1729	1730	1731	1732	1733	1734	1735	1736	1737	1738	1739	1740	1741	1742	1743	1744	1745	1746	1747	1748	1750	1749	1751	1752	1754	1753	1755	1756	1758	1757	1760	1761	1763	1762	1759	1764	1765	1767	1766	1768	1773	1774	1776	1775	1769	1770	1772	1771	1777	1778	1780	1779	1781	1782	1783	1784	1785	1786	1787	1788	1789	1790	1791	1792	1793	1794	1795	1796	1797	1798	1799	1800	1801	1802	1803	1805	1804	1806	1807	1809	1808	1810	1811	1813	1812	1815	1816	1818	1817	1814	1819	1820	1825	1821	1822	1824	1823	1826	1827	1828	1829	1830	1831	1832	1833	1834	1835	1836	1837	1839	1840	1842	1841	1838	1843	1844	1849	1845	1846	1848	1847	1850	1851	1852	1853	1854	1855	1856	1857	1858	1859	1860	1861	1862	1863	1864	1865	1866	1867	1868	1869	1870	1871	1872	1873	1875	1874	1876	1877	1879	1878	1880	1881	1883	1882	1885	1886	1888	1887	1884	1889	1890	1895	1891	1892	1894	1893	1896	1897	1898	1899	1900	1901	1902	1903	1904	1905	1906	1907	1908	1909	1910	1911	1912	1913	1914	1915	1916	1917	1918	1919	1921	1920	1922	1923	1925	1924	1926	1927	1929	1928	1934	1935	1937	1936	1930	1931	1933	1932	1938	1939	1944	1940	1941	1943	1942	1945	1946	1947	1948	1949	1950	1951	1952	1953	1954	1955	1956	1957	1958	1959	1960	1961	1962	1963	1964	1965	1966	1967	1968	1969	1971	1970	1973	1972	1974	1975	1977	1976	1978	1979	1981	1980	1986	1987	1989	1988	1982	1983	1985	1984	1990	1991	1996	1992	1993	1995	1994	1997	1998	1999	2000	2001	2002	2003	2004	2005	2006	2007	2008	2009	2010	2011	2012	2013	2014	2015	2016	2017	2018	2019	2020	2021	2023	2022	2025	2026	2028	2027	2024	2029	2030	2032	2031	2033	2034	2036	2035	2041	2042	2044	2043	2037	2038	2040	2039	2045	2046	2051	2047	2048	2050	2049	2052	2053	2054	2055	2056	2057	2058	2059	2060	2061	2062	2063	2064	2065	2066	2067	2068	2069	2070	2071	2072	2073	2074	2076	2075	2077	2078	2080	2079	2081	2082	2084	2083	2086	2087	2089	2088	2085	2090	2091	2093	2092	2094	2095	2097	2096	2102	2103	2105	2104	2098	2099	2101	2100	2106	2107	2112	2108	2109	2111	2110	2113	2114	2115	2116	2117	2118	2119	2120	2121	2122	2123	2124	2125	2126	2127	2128	2129	2130	2131	2132	2133	2134	2135	2137	2136	2138	2139	2141	2140	2142	2143	2145	2144	2147	2148	2150	2149	2146	2151	2152	2154	2153	2155	2156	2158	2157	2163	2164	2166	2165	2159	2160	2162	2161	2167	2168	2173	2169	2170	2172	2171	2174	2175	2176	2177	2178	2179	2180	2181	2182	2183	2184	2185	2186	2187	2188	2189	2190	2191	2192	2193	2194	2195	2196	2197	2199	2198	2201	2200	2202	2203	2205	2204	2206	2207	2209	2208	2214	2215	2217	2216	2210	2211	2213	2212	2218	2219	2221	2220	2222	2223	2225	2224	2230	2231	2233	2232	2226	2227	2229	2228	2234	2235	2240	2236	2237	2239	2238	2241	2242	2243	2244	2245	2246	2247	2248	2249	2250	2251	2252	2253	2254	2255	2256	2257	2258	2259	2260	2261	2262	2263	2264	2266	2265	2268	2267	2269	2270	2272	2271	2273	2274	2276	2275	2281	2282	2284	2283	2277	2278	2280	2279	2285	2286	2288	2287	2289	2290	2292	2291	2297	2298	2300	2299	2293	2294	2296	2295	2301	2302	2307	2303	2304	2306	2305	2308	2309	2310	2311	2312	2313	2314	2315	2316	2317	2318	2319	2320	2321	2322	2323	2324	2325	2326	2327	2328	2329	2331	2330	2332	2333	2335	2334	2336	2337	2339	2338	2341	2342	2344	2343	2340	2345	2346	2348	2347	2349	2350	2352	2351	2357	2358	2360	2359	2353	2354	2356	2355	2361	2362	2364	2363	2365	2366	2368	2367	2373	2374	2376	2375	2369	2370	2372	2371	2377	2378	2383	2379	2380	2382	2381	2384	2385	2386	2387	2388	2389	2390	2391	2392	2393	2394	2395	2396	2397	2398	2399	2400	2401	2402	2403	2404	2405	2407	2406	2408	2409	2411	2410	2412	2413	2415	2414	2417	2418	2420	2419	2416	2421	2422	2424	2423	2425	2426	2428	2427	2433	2434	2436	2435	2429	2430	2432	2431	2437	2438	2440	2439	2441	2442	2444	2443	2449	2450	2452	2451	2445	2446	2448	2447	2453	2454	2456	2455	2457	2458	2459	2460	2461	2462	2463	2464	2465	2466	2467	2468	2469	2470	2471	2472	2473	2474	2475	2476	2477	2478	2480	2479	2481	2482	2484	2483	2485	2486	2488	2487	2493	2494	2496	2495	2489	2490	2492	2491	2497	2498	2500	2499	2501	2502	2504	2503	2509	2510	2512	2511	2505	2506	2508	2507	2513	2514	2516	2515	2517	2522	2518	2519	2521	2520	2523	2524	2525	2526	2527	2528	2529	2530	2531	2532	2533	2534	2535	2536	2537	2538	2539	2540	2541	2542	2543	2544	2545	2546	2548	2547	2550	2549	2551	2552	2554	2553	2555	2556	2558	2557	2563	2564	2566	2565	2559	2560	2562	2561	2567	2568	2570	2569	2571	2572	2574	2573	2579	2580	2582	2581	2575	2576	2578	2577	2583	2584	2586	2585	2587	2588	2589	2590	2591	2592	2593	2594	2595	2596	2597	2598	2599	2600	2601	2602	2603	2604	2605	2606	2607	2608	2609	2610	2612	2611	2614	2615	2617	2616	2613	2618	2619	2621	2620	2622	2623	2625	2624	2630	2631	2633	2632	2626	2627	2629	2628	2634	2635	2640	2636	2637	2639	2638	2641	2642	2643	2644	2645	2646	2647	2648	2649	2650	2651	2652	2653	2654	2655	2656	2657	2658	2659	2660	2661	2662	2663	2665	2664	2666	2667	2669	2668	2670	2671	2673	2672	2675	2676	2678	2677	2674	2679	2680	2682	2681	2683	2688	2689	2691	2690	2684	2685	2687	2686	2692	2693	2695	2694	2696	2697	2698	2699	2700	2701	2702	2703	2704	2705	2706	2707	2708	2709	2710	2711	2712	2713	2714	2715	2716	2717	2718	2720	2719	2721	2722	2724	2723	2725	2726	2728	2727	2730	2731	2733	2732	2729	2734	2735	2740	2736	2737	2739	2738	2741	2742	2743	2744	2745	2746	2747	2748	2749	2750	2751	2752	2754	2755	2757	2756	2753	2758	2759	2764	2760	2761	2763	2762	2765	2766	2767	2768	2769	2770	2771	2772	2773	2774	2775	2776	2777	2778	2779	2780	2781	2782	2783	2784	2785	2786	2787	2788	2790	2789	2791	2792	2794	2793	2795	2796	2798	2797	2800	2801	2803	2802	2799	2804	2805	2810	2806	2807	2809	2808	2811	2812	2813	2814	2815	2816	2817	2818	2819	2820	2821	2822	2823	2824	2825	2826	2827	2828	2829	2830	2831	2832	2833	2834	2836	2835	2837	2838	2840	2839	2841	2842	2844	2843	2849	2850	2852	2851	2845	2846	2848	2847	2853	2854	2859	2855	2856	2858	2857	2860	2861	2862	2863	2864	2865	2866	2867	2868	2869	2870	2871	2872	2873	2874	2875	2876	2877	2878	2879	2880	2881	2882	2883	2884	2886	2885	2888	2887	2889	2890	2892	2891	2893	2894	2896	2895	2901	2902	2904	2903	2897	2898	2900	2899	2905	2906	2911	2907	2908	2910	2909	2912	2913	2914	2915	2916	2917	2918	2919	2920	2921	2922	2923	2924	2925	2926	2927	2928	2929	2930	2931	2932	2933	2934	2935	2936	2938	2937	2940	2941	2943	2942	2939	2944	2945	2947	2946	2948	2949	2951	2950	2956	2957	2959	2958	2952	2953	2955	2954	2960	2961	2966	2962	2963	2965	2964	2967	2968	2969	2970	2971	2972	2973	2974	2975	2976	2977	2978	2979	2980	2981	2982	2983	2984	2985	2986	2987	2988	2989	2991	2990	2992	2993	2995	2994	2996	2997	2999	2998	3001	3002	3004	3003	3000	3005	3006	3008	3007	3009	3010	3012	3011	3017	3018	3020	3019	3013	3014	3016	3015	3021	3022	3027	3023	3024	3026	3025	3028	3029	3030	3031	3032	3033	3034	3035	3036	3037	3038	3039	3040	3041	3042	3043	3044	3045	3046	3047	3048	3049	3050	3052	3051	3053	3054	3056	3055	3057	3058	3060	3059	3062	3063	3065	3064	3061	3066	3067	3069	3068	3070	3071	3073	3072	3078	3079	3081	3080	3074	3075	3077	3076	3082	3083	3088	3084	3085	3087	3086	3089	3090	3091	3092	3093	3094	3095	3096	3097	3098	3099	3100	3101	3102	3103	3104	3105	3106	3107	3108	3109	3110	3111	3112	3114	3113	3116	3115	3117	3118	3120	3119	3121	3122	3124	3123	3129	3130	3132	3131	3125	3126	3128	3127	3133	3134	3136	3135	3137	3138	3140	3139	3145	3146	3148	3147	3141	3142	3144	3143	3149	3150	3155	3151	3152	3154	3153	3156	3157	3158	3159	3160	3161	3162	3163	3164	3165	3166	3167	3168	3169	3170	3171	3172	3173	3174	3175	3176	3177	3178	3179	3181	3180	3183	3182	3184	3185	3187	3186	3188	3189	3191	3190	3196	3197	3199	3198	3192	3193	3195	3194	3200	3201	3203	3202	3204	3205	3207	3206	3212	3213	3215	3214	3208	3209	3211	3210	3216	3217	3222	3218	3219	3221	3220	3223	3224	3225	3226	3227	3228	3229	3230	3231	3232	3233	3234	3235	3236	3237	3238	3239	3240	3241	3242	3243	3244	3246	3245	3247	3248	3250	3249	3251	3252	3254	3253	3256	3257	3259	3258	3255	3260	3261	3263	3262	3264	3265	3267	3266	3272	3273	3275	3274	3268	3269	3271	3270	3276	3277	3279	3278	3280	3281	3283	3282	3288	3289	3291	3290	3284	3285	3287	3286	3292	3293	3298	3294	3295	3297	3296	3299	3300	3301	3302	3303	3304	3305	3306	3307	3308	3309	3310	3311	3312	3313	3314	3315	3316	3317	3318	3319	3320	3322	3321	3323	3324	3326	3325	3327	3328	3330	3329	3332	3333	3335	3334	3331	3336	3337	3339	3338	3340	3341	3343	3342	3348	3349	3351	3350	3344	3345	3347	3346	3352	3353	3355	3354	3356	3357	3359	3358	3364	3365	3367	3366	3360	3361	3363	3362	3368	3369	3371	3370	3372	3373	3374	3375	3376	3377	3378	3379	3380	3381	3382	3383	3384	3385	3386	3387	3388	3389	3390	3391	3392	3393	3395	3394	3396	3397	3399	3398	3400	3401	3403	3402	3408	3409	3411	3410	3404	3405	3407	3406	3412	3413	3415	3414	3416	3417	3419	3418	3424	3425	3427	3426	3420	3421	3423	3422	3428	3429	3431	3430	3432	3437	3433	3434	3436	3435	3438	3439	3440	3441	3442	3443	3444	3445	3446	3447	3448	3449	3450	3451	3452	3453	3454	3455	3456	3457	3458	3459	3460	3461	3463	3462	3465	3464	3466	3467	3469	3468	3470	3471	3473	3472	3478	3479	3481	3480	3474	3475	3477	3476	3482	3483	3485	3484	3486	3487	3489	3488	3494	3495	3497	3496	3490	3491	3493	3492	3498	3499	3501	3500	3502	3503	3504	3505	3506	3507	3508	3509	3510	3511	3512	3513	3514	3515	3516	3517	3518	3519	3520	3521	3522	3523	3524	3525	3527	3526	3529	3530	3532	3531	3528	3533	3534	3536	3535	3537	3538	3540	3539	3545	3546	3548	3547	3541	3542	3544	3543	3549	3550	3555	3551	3552	3554	3553	3556	3557	3558	3559	3560	3561	3562	3563	3564	3565	3566	3567	3568	3569	3570	3571	3572	3573	3574	3575	3576	3577	3578	3580	3579	3581	3582	3584	3583	3585	3586	3588	3587	3590	3591	3593	3592	3589	3594	3595	3597	3596	3598	3603	3604	3606	3605	3599	3600	3602	3601	3607	3608	3610	3609	3611	3612	3613	3614	3615	3616	3617	3618	3619	3620	3621	3622	3623	3624	3625	3626	3627	3628	3629	3630	3631	3632	3633	3635	3634	3636	3637	3639	3638	3640	3641	3643	3642	3645	3646	3648	3647	3644	3649	3650	3655	3651	3652	3654	3653	3656	3657	3658	3659	3660	</DataArray>
<DataArray type="Int32" Name="layer" format="ascii">1	1	1	1	1	1	1	1	1	1	1	1	1	1	1	1	1	1	1	1	1	1	1	1	1	1	1	1	1	1	1	1	1	1	1	1	1	1	1	1	1	1	1	1	1	1	1	1	1	1	1	1	1	1	1	1	1	1	1	1	1	1	1	1	1	1	1	1	1	1	1	1	1	1	1	1	1	1	1	1	1	1	1	1	1	1	1	1	1	1	1	1	1	1	1	1	1	1	1	1	1	1	1	1	1	1	1	1	1	1	1	1	1	1	1	1	1	1	1	1	1	1	1	1	1	1	1	1	1	1	1	1	1	1	1	1	1	1	1	1	1	1	1	1	1	1	1	1	1	1	1	1	1	1	1	1	1	1	1	1	1	1	1	1	1	1	1	1	1	1	1	1	1	1	1	1	1	1	1	1	1	1	1	1	1	1	1	1	1	1	1	1	1	1	1	1	1	1	1	1	1	1	1	1	1	1	1	1	1	1	1	1	1	1	1	1	1	1	1	1	1	1	1	1	1	1	1	1	1	1	1	1	1	1	1	1	1	1	1	1	1	1	1	1	1	1	1	1	1	1	1	1	1	1	1	1	1	1	1	1	1	1	1	1	1	1	1	1	1	1	1	1	1	1	1	1	1	1	1	1	1	1	1	1	1	1	1	1	1	1	1	1	1	1	1	1	1	1	1	1	1	1	1	1	1	1	1	1	1	1	1	1	1	1	1	1	1	1	1	1	1	1	1	1	1	1	1	1	1	1	1	1	1	1	1	1	1	1	1	1	1	1	1	1	1	1	1	1	1	1	1	1	1	1	1	1	1	1	1	1	1	1	1	1	1	1	1	1	1	1	1	1	1	1	1	1	1	1	1	1	1	1	1	1	1	1	1	1	1	1	1	1	1	1	1	1	1	1	1	1	1	1	1	1	1	1	1	1	1	1	1	1	1	1	1	1	1	1	1	1	1	1	1	1	1	1	1	1	1	1	1	1	1	1	1	1	1	1	1	1	1	1	1	1	1	1	1	1	1	1	1	1	1	1	1	1	1	1	1	1	1	1	1	1	1	1	1	1	1	1	1	1	1	1	1	1	1	1	1	1	1	1	1	1	1	1	1	1	1	1	1	1	1	1	1	1	1	1	1	1	1	1	1	1	1	1	1	1	1	1	1	1	1	1	1	1	1	1	1	1	1	1	1	1	1	1	1	1	1	1	1	1	1	1	1	1	1	1	1	1	1	1	1	1	1	1	1	1	1	1	1	1	1	1	1	1	1	1	1	1	1	1	1	1	1	1	1	1	1	1	1	1	1	1	1	1	1	1	1	1	1	1	1	1	1	1	1	1	1	1	1	1	1	1	1	1	1	1	1	1	1	1	1	1	1	1	1	1	1	1	1	1	1	1	1	1	1	1	1	1	1	1	1	1	1	1	1	1	1	1	1	1	1	1	1	1	1	1	1	1	1	1	1	1	1	1	1	1	1	1	1	1	1	1	1	1	1	1	1	1	1	1	1	1	1	1	1	1	1	1	1	1	1	1	1	1	1	1	1	1	1	1	1	1	1	1	1	1	1	1	1	1	1	1	1	1	1	1	1	1	1	1	1	1	1	1	1	1	1	1	1	1	1	1	1	1	1	1	1	1	1	1	1	1	1	1	1	1	1	1	1	1	1	1	1	1	1	1	1	1	1	1	1	1	1	1	1	1	1	1	1	1	1	1	1	1	1	1	1	1	1	1	1	1	1	1	1	1	1	1	1	1	1	1	1	1	1	1	1	1	1	1	1	1	1	1	1	1	1	1	1	1	1	1	1	1	1	1	1	1	1	1	1	1	1	1	1	1	1	1	1	1	1	1	1	1	1	1	1	1	1	1	1	1	1	1	1	1	1	1	1	1	1	1	1	1	1	1	1	1	1	1	1	1	1	1	1	1	1	1	1	1	1	1	1	1	1	1	1	1	1	1	1	1	1	1	1	1	1	1	1	1	1	1	1	1	1	1	1	1	1	1	1	1	1	1	1	1	1	1	1	1	1	1	1	1	1	1	1	1	1	1	1	1	1	1	1	1	1	1	1	1	1	1	1	2	2	2	2	2	2	2	2	2	2	2	2	2	2	2	2	2	2	2	2	2	2	2	2	2	2	2	2	2	2	2	2	2	2	2	2	2	2	2	2	2	2	2	2	2	2	2	2	2	2	2	2	2	2	2	2	2	2	2	2	2	2	2	2	2	2	2	2	2	2	2	2	2	2	2	2	2	2	2	2	2	2	2	2	2	2	2	2	2	2	2	2	2	2	2	2	2	2	2	2	2	2	2	2	2	2	2	2	2	2	2	2	2	2	2	2	2	2	2	2	2	2	2	2	2	2	2	2	2	2	2	2	2	2	2	2	2	2	2	2	2	2	2	2	2	2	2	2	2	2	2	2	2	2	2	2	2	2	2	2	2	2	2	2	2	2	2	2	2	2	2	2	2	2	2	2	2	2	2	2	2	2	2	2	2	2	2	2	2	2	2	2	2	2	2	2	2	2	2	2	2	2	2	2	2	2	2	2	2	2	2	2	2	2	2	2	2	2	2	2	2	2	2	2	2	2	2	2	2	2	2	2	2	2	2	2	2	2	2	2	2	2	2	2	2	2	2	2	2	2	2	2	2	2	2	2	2	2	2	2	2	2	2	2	2	2	2	2	2	2	2	2	2	2	2	2	2	2	2	2	2	2	2	2	2	2	2	2	2	2	2	2	2	2	2	2	2	2	2	2	2	2	2	2	2	2	2	2	2	2	2	2	2	2	2	2	2	2	2	2	2	2	2	2	2	2	2	2	2	2	2	2	2	2	2	2	2	2	2	2	2	2	2	2	2	2	2	2	2	2	2	2	2	2	2	2	2	2	2	2	2	2	2	2	2	2	2	2	2	2	2	2	2	2	2	2	2	2	2	2	2	2	2	2	2	2	2	2	2	2	2	2	2	2	2	2	2	2	2	2	2	2	2	2	2	2	2	2	2	2	2	2	2	2	2	2	2	2	2	2	2	2	2	2	2	2	2	2	2	2	2	2	2	2	2	2	2	2	2	2	2	2	2	2	2	2	2	2	2	2	2	2	2	2	2	2	2	2	2	2	2	2	2	2	2	2	2	2	2	2	2	2	2	2	2	2	2	2	2	2	2	2	2	2	2	2	2	2	2	2	2	2	2	2	2	2	2	2	2	2	2	2	2	2	2	2	2	2	2	2	2	2	2	2	2	2	2	2	2	2	2	2	2	2	2	2	2	2	2	2	2	2	2	2	2	2	2	2	2	2	2	2	2	2	2	2	2	2	2	2	2	2	2	2	2	2	2	2	2	2	2	2	2	2	2	2	2	2	2	2	2	2	2	2	2	2	2	2	2	2	2	2	2	2	2	2	2	2	2	2	2	2	2	2	2	2	2	2	2	2	2	2	2	2	2	2	2	2	2	2	2	2	2	2	2	2	2	2	2	2	2	2	2	2	2	2	2	2	2	2	2	2	2	2	2	2	2	2	2	2	2	2	2	2	2	2	2	2	2	2	2	2	2	2	2	2	2	2	2	2	2	2	2	2	2	2	2	2	2	2	2	2	2	2	2	2	2	2	2	2	2	2	2	2	2	2	2	2	2	2	2	2	2	2	2	2	2	2	2	2	2	2	2	2	2	2	2	2	2	2	2	2	2	2	2	2	2	2	2	2	2	2	2	2	2	2	2	2	2	2	2	2	2	2	2	2	2	2	2	2	2	2	2	2	2	2	2	2	2	2	2	2	2	2	2	2	2	2	2	2	2	2	2	2	2	2	2	2	2	2	2	2	2	2	2	2	2	2	2	2	2	2	2	2	2	2	2	2	2	2	2	2	2	2	2	2	2	2	2	2	2	2	2	2	2	2	2	2	2	2	2	2	2	2	2	2	2	2	2	2	2	2	2	2	2	2	2	2	2	2	2	2	2	2	2	2	2	2	2	2	2	2	2	2	2	2	2	2	2	2	2	2	2	2	2	2	2	2	2	2	2	2	2	2	2	2	2	2	2	2	2	2	2	2	2	2	2	2	2	2	2	2	2	2	2	2	2	2	2	2	2	2	2	2	2	2	2	2	2	2	2	2	2	2	2	2	2	2	2	2	2	2	2	2	2	3	3	3	3	3	3	3	3	3	3	3	3	3	3	3	3	3	3	3	3	3	3	3	3	3	3	3	3	3	3	3	3	3	3	3	3	3	3	3	3	3	3	3	3	3	3	3	3	3	3	3	3	3	3	3	3	3	3	3	3	3	3	3	3	3	3	3	3	3	3	3	3	3	3	3	3	3	3	3	3	3	3	3	3	3	3	3	3	3	3	3	3	3	3	3	3	3	3	3	3	3	3	3	3	3	3	3	3	3	3	3	3	3	3	3	3	3	3	3	3	3	3	3	3	3	3	3	3	3	3	3	3	3	3	3	3	3	3	3	3	3	3	3	3	3	3	3	3	3	3	3	3	3	3	3	3	3	3	3	3	3	3	3	3	3	3	3	3	3	3	3	3	3	3	3	3	3	3	3	3	3	3	3	3	3	3	3	3	3	3	3	3	3	3	3	3	3	3	3	3	3	3	3	3	3	3	3	3	3	3	3	3	3	3	3	3	3	3	3	3	3	3	3	3	3	3	3	3	3	3	3	3	3	3	3	3	3	3	3	3	3	3	3	3	3	3	3	3	3	3	3	3	3	3	3	3	3	3	3	3	3	3	3	3	3	3	3	3	3	3	3	3	3	3	3	3	3	3	3	3	3	3	3	3	3	3	3	3	3	3	3	3	3	3	3	3	3	3	3	3	3	3	3	3	3	3	3	3	3	3	3	3	3	3	3	3	3	3	3	3	3	3	3	3	3	3	3	3	3	3	3	3	3	3	3	3	3	3	3	3	3	3	3	3	3	3	3	3	3	3	3	3	3	3	3	3	3	3	3	3	3	3	3	3	3	3	3	3	3	3	3	3	3	3	3	3	3	3	3	3	3	3	3	3	3	3	3	3	3	3	3	3	3	3	3	3	3	3	3	3	3	3	3	3	3	3	3	3	3	3	3	3	3	3	3	3	3	3	3	3	3	3	3	3	3	3	3	3	3	3	3	3	3	3	3	3	3	3	3	3	3	3	3	3	3	3	3	3	3	3	3	3	3	3	3	3	3	3	3	3	3	3	3	3	3	3	3	3	3	3	3	3	3	3	3	3	3	3	3	3	3	3	3	3	3	3	3	3	3	3	3	3	3	3	3	3	3	3	3	3	3	3	3	3	3	3	3	3	3	3	3	3	3	3	3	3	3	3	3	3	3	3	3	3	3	3	3	3	3	3	3	3	3	3	3	3	3	3	3	3	3	3	3	3	3	3	3	3	3	3	3	3	3	3	3	3	3	3	3	3	3	3	3	3	3	3	3	3	3	3	3	3	3	3	3	3	3	3	3	3	3	3	3	3	3	3	3	3	3	3	3	3	3	3	3	3	3	3	3	3	3	3	3	3	3	3	3	3	3	3	3	3	3	3	3	3	3	3	3	3	3	3	3	3	3	3	3	3	3	3	3	3	3	3	3	3	3	3	3	3	3	3	3	3	3	3	3	3	3	3	3	3	3	3	3	3	3	3	3	3	3	3	3	3	3	3	3	3	3	3	3	3	3	3	3	3	3	3	3	3	3	3	3	3	3	3	3	3	3	3	3	3	3	3	3	3	3	3	3	3	3	3	3	3	3	3	3	3	3	3	3	3	3	3	3	3	3	3	3	3	3	3	3	3	3	3	3	3	3	3	3	3	3	3	3	3	3	3	3	3	3	3	3	3	3	3	3	3	3	3	3	3	3	3	3	3	3	3	3	3	3	3	3	3	3	3	3	3	3	3	3	3	3	3	3	3	3	3	3	3	3	3	3	3	3	3	3	3	3	3	3	3	3	3	3	3	3	3	3	3	3	3	3	3	3	3	3	3	3	3	3	3	3	3	3	3	3	3	3	3	3	3	3	3	3	3	3	3	3	3	3	3	3	3	3	3	3	3	3	3	3	3	3	3	3	3	3	3	3	3	3	3	3	3	3	3	3	3	3	3	3	3	3	3	3	3	3	3	3	3	3	3	3	3	3	3	3	3	3	3	3	3	3	3	3	3	3	3	3	3	3	3	3	3	3	3	3	3	3	3	3	3	3	3	3	3	3	3	3	3	3	3	3	3	3	4	4	4	4	4	4	4	4	4	4	4	4	4	4	4	4	4	4	4	4	4	4	4	4	4	4	4	4	4	4	4	4	4	4	4	4	4	4	4	4	4	4	4	4	4	4	4	4	4	4	4	4	4	4	4	4	4	4	4	4	4	4	4	4	4	4	4	4	4	4	4	4	4	4	4	4	4	4	4	4	4	4	4	4	4	4	4	4	4	4	4	4	4	4	4	4	4	4	4	4	4	4	4	4	4	4	4	4	4	4	4	4	4	4	4	4	4	4	4	4	4	4	4	4	4	4	4	4	4	4	4	4	4	4	4	4	4	4	4	4	4	4	4	4	4	4	4	4	4	4	4	4	4	4	4	4	4	4	4	4	4	4	4	4	4	4	4	4	4	4	4	4	4	4	4	4	4	4	4	4	4	4	4	4	4	4	4	4	4	4	4	4	4	4	4	4	4	4	4	4	4	4	4	4	4	4	4	4	4	4	4	4	4	4	4	4	4	4	4	4	4	4	4	4	4	4	4	4	4	4	4	4	4	4	4	4	4	4	4	4	4	4	4	4	4	4	4	4	4	4	4	4	4	4	4	4	4	4	4	4	4	4	4	4	4	4	4	4	4	4	4	4	4	4	4	4	4	4	4	4	4	4	4	4	4	4	4	4	4	4	4	4	4	4	4	4	4	4	4	4	4	4	4	4	4	4	4	4	4	4	4	4	4	4	4	4	4	4	4	4	4	4	4	4	4	4	4	4	4	4	4	4	4	4	4	4	4	4	4	4	4	4	4	4	4	4	4	4	4	4	4	4	4	4	4	4	4	4	4	4	4	4	4	4	4	4	4	4	4	4	4	4	4	4	4	4	4	4	4	4	4	4	4	4	4	4	4	4	4	4	4	4	4	4	4	4	4	4	4	4	4	4	4	4	4	4	4	4	4	4	4	4	4	4	4	4	4	4	4	4	4	4	4	4	4	4	4	4	4	4	4	4	4	4	4	4	4	4	4	4	4	4	4	4	4	4	4	4	4	4	4	4	4	4	4	4	4	4	4	4	4	4	4	4	4	4	4	4	4	4	4	4	4	4	4	4	4	4	4	4	4	4	4	4	4	4	4	4	4	4	4	4	4	4	4	4	4	4	4	4	4	4	4	4	4	4	4	4	4	4	4	4	4	4	4	4	4	4	4	4	4	4	4	4	4	4	4	4	4	4	4	4	4	4	4	4	4	4	4	4	4	4	4	4	4	4	4	4	4	4	4	4	4	4	4	4	4	4	4	4	4	4	4	4	4	4	4	4	4	4	4	4	4	4	4	4	4	4	4	4	4	4	4	4	4	4	4	4	4	4	4	4	4	4	4	4	4	4	4	4	4	4	4	4	4	4	4	4	4	4	4	4	4	4	4	4	4	4	4	4	4	4	4	4	4	4	4	4	4	4	4	4	4	4	4	4	4	4	4	4	4	4	4	4	4	4	4	4	4	4	4	4	4	4	4	4	4	4	4	4	4	4	4	4	4	4	4	4	4	4	4	4	4	4	4	4	4	4	4	4	4	4	4	4	4	4	4	4	4	4	4	4	4	4	4	4	4	4	4	4	4	4	4	4	4	4	4	4	4	4	4	4	4	4	4	4	4	4	4	4	4	4	4	4	4	4	4	4	4	4	4	4	4	4	4	4	4	4	4	4	4	4	4	4	4	4	4	4	4	4	4	4	4	4	4	4	4	4	4	4	4	4	4	4	4	4	4	4	4	4	4	4	4	4	4	4	4	4	4	4	4	4	4	4	4	4	4	4	4	4	4	4	4	4	4	4	4	4	4	4	4	4	4	4	4	4	4	4	4	4	4	4	4	4	4	4	4	4	4	4	4	4	4	4	4	4	4	4	4	4	4	4	4	4	4	4	4	4	4	4	4	4	4	4	4	4	4	4	4	4	4	4	4	4	4	4	4	4	4	4	4	4	4	4	4	4	4	4	4	4	4	4	4	4	4	4	4	4	4	4	4	4	4	4	4	4	4	4	4	4	4	4	4	4	4	4	4	4	4	4	4	4	4	4	4	4	4	4	4	4	4	4	4	4	4	</DataArray>
<DataArray type="Int32" Name="row" format="ascii">1	1	1	1	1	1	1	1	1	1	1	1	1	1	1	1	1	1	1	1	1	1	1	1	1	1	1	1	1	1	1	1	1	1	1	1	2	2	2	2	2	2	2	2	2	2	2	2	2	2	2	2	2	2	2	2	2	2	2	2	2	2	2	2	2	2	2	2	2	2	2	2	2	2	2	2	2	2	2	2	2	3	3	3	3	3	3	3	3	3	3	3	3	3	3	3	3	3	3	3	3	3	3	3	3	3	3	3	3	3	3	3	3	3	3	3	3	3	3	3	3	3	3	3	3	3	3	3	3	4	4	4	4	4	4	4	4	4	4	4	4	4	4	4	4	4	4	4	4	4	4	4	4	4	4	4	4	4	4	4	4	4	4	4	4	4	4	4	4	4	4	4	4	4	4	4	4	4	4	4	5	5	5	5	5	5	5	5	5	5	5	5	5	5	5	5	5	5	5	5	5	5	5	5	5	5	5	5	5	5	5	5	5	5	5	5	5	5	5	5	5	5	5	5	5	5	5	5	5	5	5	5	5	5	6	6	6	6	6	6	6	6	6	6	6	6	6	6	6	6	6	6	6	6	6	6	6	6	6	6	6	6	6	6	6	6	6	6	6	6	6	6	6	6	6	6	6	6	6	6	6	6	6	6	6	6	6	6	6	6	6	6	6	6	7	7	7	7	7	7	7	7	7	7	7	7	7	7	7	7	7	7	7	7	7	7	7	7	7	7	7	7	7	7	7	7	7	7	7	7	7	7	7	7	7	7	7	7	7	7	7	7	7	7	7	7	7	7	7	7	7	7	7	7	8	8	8	8	8	8	8	8	8	8	8	8	8	8	8	8	8	8	8	8	8	8	8	8	8	8	8	8	8	8	8	8	8	8	8	8	8	8	8	8	8	8	8	8	8	8	8	8	8	8	8	8	8	8	8	8	8	8	8	8	8	8	8	8	8	8	9	9	9	9	9	9	9	9	9	9	9	9	9	9	9	9	9	9	9	9	9	9	9	9	9	9	9	9	9	9	9	9	9	9	9	9	9	9	9	9	9	9	9	9	9	9	9	9	9	9	9	9	9	9	9	9	9	9	9	9	9	9	9	9	9	9	10	10	10	10	10	10	10	10	10	10	10	10	10	10	10	10	10	10	10	10	10	10	10	10	10	10	10	10	10	10	10	10	10	10	10	10	10	10	10	10	10	10	10	10	10	10	10	10	10	10	10	10	10	10	10	10	10	10	10	10	10	10	10	10	10	10	10	10	10	10	10	10	10	10	10	11	11	11	11	11	11	11	11	11	11	11	11	11	11	11	11	11	11	11	11	11	11	11	11	11	11	11	11	11	11	11	11	11	11	11	11	11	11	11	11	11	11	11	11	11	11	11	11	11	11	11	11	11	11	11	11	11	11	11	11	11	11	11	11	11	11	11	11	11	11	11	11	12	12	12	12	12	12	12	12	12	12	12	12	12	12	12	12	12	12	12	12	12	12	12	12	12	12	12	12	12	12	12	12	12	12	12	12	12	12	12	12	12	12	12	12	12	12	12	12	12	12	12	12	12	12	12	12	12	12	12	12	12	12	12	12	12	12	13	13	13	13	13	13	13	13	13	13	13	13	13	13	13	13	13	13	13	13	13	13	13	13	13	13	13	13	13	13	13	13	13	13	13	13	13	13	13	13	13	13	13	13	13	13	13	13	13	13	13	13	13	13	13	13	13	13	13	13	13	13	13	14	14	14	14	14	14	14	14	14	14	14	14	14	14	14	14	14	14	14	14	14	14	14	14	14	14	14	14	14	14	14	14	14	14	14	14	14	14	14	14	14	14	14	14	14	14	14	14	14	14	14	14	14	14	15	15	15	15	15	15	15	15	15	15	15	15	15	15	15	15	15	15	15	15	15	15	15	15	15	15	15	15	15	15	15	15	15	15	15	15	15	15	15	15	15	15	15	15	15	15	15	15	15	15	15	15	15	15	16	16	16	16	16	16	16	16	16	16	16	16	16	16	16	16	16	16	16	16	16	16	16	16	16	16	16	16	16	16	16	16	16	16	16	16	16	16	16	16	16	16	16	16	16	1	1	1	1	1	1	1	1	1	1	1	1	1	1	1	1	1	1	1	1	1	1	1	1	1	1	1	1	1	1	1	1	1	1	1	1	2	2	2	2	2	2	2	2	2	2	2	2	2	2	2	2	2	2	2	2	2	2	2	2	2	2	2	2	2	2	2	2	2	2	2	2	2	2	2	2	2	2	2	2	2	3	3	3	3	3	3	3	3	3	3	3	3	3	3	3	3	3	3	3	3	3	3	3	3	3	3	3	3	3	3	3	3	3	3	3	3	3	3	3	3	3	3	3	3	3	3	3	3	4	4	4	4	4	4	4	4	4	4	4	4	4	4	4	4	4	4	4	4	4	4	4	4	4	4	4	4	4	4	4	4	4	4	4	4	4	4	4	4	4	4	4	4	4	4	4	4	4	4	4	5	5	5	5	5	5	5	5	5	5	5	5	5	5	5	5	5	5	5	5	5	5	5	5	5	5	5	5	5	5	5	5	5	5	5	5	5	5	5	5	5	5	5	5	5	5	5	5	5	5	5	5	5	5	6	6	6	6	6	6	6	6	6	6	6	6	6	6	6	6	6	6	6	6	6	6	6	6	6	6	6	6	6	6	6	6	6	6	6	6	6	6	6	6	6	6	6	6	6	6	6	6	6	6	6	6	6	6	6	6	6	6	6	6	7	7	7	7	7	7	7	7	7	7	7	7	7	7	7	7	7	7	7	7	7	7	7	7	7	7	7	7	7	7	7	7	7	7	7	7	7	7	7	7	7	7	7	7	7	7	7	7	7	7	7	7	7	7	7	7	7	7	7	7	8	8	8	8	8	8	8	8	8	8	8	8	8	8	8	8	8	8	8	8	8	8	8	8	8	8	8	8	8	8	8	8	8	8	8	8	8	8	8	8	8	8	8	8	8	8	8	8	8	8	8	8	8	8	8	8	8	8	8	8	8	8	8	8	8	8	9	9	9	9	9	9	9	9	9	9	9	9	9	9	9	9	9	9	9	9	9	9	9	9	9	9	9	9	9	9	9	9	9	9	9	9	9	9	9	9	9	9	9	9	9	9	9	9	9	9	9	9	9	9	9	9	9	9	9	9	9	9	9	9	9	9	10	10	10	10	10	10	10	10	10	10	10	10	10	10	10	10	10	10	10	10	10	10	10	10	10	10	10	10	10	10	10	10	10	10	10	10	10	10	10	10	10	10	10	10	10	10	10	10	10	10	10	10	10	10	10	10	10	10	10	10	10	10	10	10	10	10	10	10	10	10	10	10	10	10	10	11	11	11	11	11	11	11	11	11	11	11	11	11	11	11	11	11	11	11	11	11	11	11	11	11	11	11	11	11	11	11	11	11	11	11	11	11	11	11	11	11	11	11	11	11	11	11	11	11	11	11	11	11	11	11	11	11	11	11	11	11	11	11	11	11	11	11	11	11	11	11	11	12	12	12	12	12	12	12	12	12	12	12	12	12	12	12	12	12	12	12	12	12	12	12	12	12	12	12	12	12	12	12	12	12	12	12	12	12	12	12	12	12	12	12	12	12	12	12	12	12	12	12	12	12	12	12	12	12	12	12	12	12	12	12	12	12	12	13	13	13	13	13	13	13	13	13	13	13	13	13	13	13	13	13	13	13	13	13	13	13	13	13	13	13	13	13	13	13	13	13	13	13	13	13	13	13	13	13	13	13	13	13	13	13	13	13	13	13	13	13	13	13	13	13	13	13	13	13	13	13	14	14	14	14	14	14	14	14	14	14	14	14	14	14	14	14	14	14	14	14	14	14	14	14	14	14	14	14	14	14	14	14	14	14	14	14	14	14	14	14	14	14	14	14	14	14	14	14	14	14	14	14	14	14	15	15	15	15	15	15	15	15	15	15	15	15	15	15	15	15	15	15	15	15	15	15	15	15	15	15	15	15	15	15	15	15	15	15	15	15	15	15	15	15	15	15	15	15	15	15	15	15	15	15	15	15	15	15	16	16	16	16	16	16	16	16	16	16	16	16	16	16	16	16	16	16	16	16	16	16	16	16	16	16	16	16	16	16	16	16	16	16	16	16	16	16	16	16	16	16	16	16	16	1	1	1	1	1	1	1	1	1	1	1	1	1	1	1	1	1	1	1	1	1	1	1	1	1	1	1	1	1	1	1	1	1	1	1	1	2	2	2	2	2	2	2	2	2	2	2	2	2	2	2	2	2	2	2	2	2	2	2	2	2	2	2	2	2	2	2	2	2	2	2	2	2	2	2	2	2	2	2	2	2	3	3	3	3	3	3	3	3	3	3	3	3	3	3	3	3	3	3	3	3	3	3	3	3	3	3	3	3	3	3	3	3	3	3	3	3	3	3	3	3	3	3	3	3	3	3	3	3	4	4	4	4	4	4	4	4	4	4	4	4	4	4	4	4	4	4	4	4	4	4	4	4	4	4	4	4	4	4	4	4	4	4	4	4	4	4	4	4	4	4	4	4	4	4	4	4	4	4	4	5	5	5	5	5	5	5	5	5	5	5	5	5	5	5	5	5	5	5	5	5	5	5	5	5	5	5	5	5	5	5	5	5	5	5	5	5	5	5	5	5	5	5	5	5	5	5	5	5	5	5	5	5	5	6	6	6	6	6	6	6	6	6	6	6	6	6	6	6	6	6	6	6	6	6	6	6	6	6	6	6	6	6	6	6	6	6	6	6	6	6	6	6	6	6	6	6	6	6	6	6	6	6	6	6	6	6	6	6	6	6	6	6	6	7	7	7	7	7	7	7	7	7	7	7	7	7	7	7	7	7	7	7	7	7	7	7	7	7	7	7	7	7	7	7	7	7	7	7	7	7	7	7	7	7	7	7	7	7	7	7	7	7	7	7	7	7	7	7	7	7	7	7	7	8	8	8	8	8	8	8	8	8	8	8	8	8	8	8	8	8	8	8	8	8	8	8	8	8	8	8	8	8	8	8	8	8	8	8	8	8	8	8	8	8	8	8	8	8	8	8	8	8	8	8	8	8	8	8	8	8	8	8	8	8	8	8	8	8	8	9	9	9	9	9	9	9	9	9	9	9	9	9	9	9	9	9	9	9	9	9	9	9	9	9	9	9	9	9	9	9	9	9	9	9	9	9	9	9	9	9	9	9	9	9	9	9	9	9	9	9	9	9	9	9	9	9	9	9	9	9	9	9	9	9	9	10	10	10	10	10	10	10	10	10	10	10	10	10	10	10	10	10	10	10	10	10	10	10	10	10	10	10	10	10	10	10	10	10	10	10	10	10	10	10	10	10	10	10	10	10	10	10	10	10	10	10	10	10	10	10	10	10	10	10	10	10	10	10	10	10	10	10	10	10	10	10	10	10	10	10	11	11	11	11	11	11	11	11	11	11	11	11	11	11	11	11	11	11	11	11	11	11	11	11	11	11	11	11	11	11	11	11	11	11	11	11	11	11	11	11	11	11	11	11	11	11	11	11	11	11	11	11	11	11	11	11	11	11	11	11	11	11	11	11	11	11	11	11	11	11	11	11	12	12	12	12	12	12	12	12	12	12	12	12	12	12	12	12	12	12	12	12	12	12	12	12	12	12	12	12	12	12	12	12	12	12	12	12	12	12	12	12	12	12	12	12	12	12	12	12	12	12	12	12	12	12	12	12	12	12	12	12	12	12	12	12	12	12	13	13	13	13	13	13	13	13	13	13	13	13	13	13	13	13	13	13	13	13	13	13	13	13	13	13	13	13	13	13	13	13	13	13	13	13	13	13	13	13	13	13	13	13	13	13	13	13	13	13	13	13	13	13	13	13	13	13	13	13	13	13	13	14	14	14	14	14	14	14	14	14	14	14	14	14	14	14	14	14	14	14	14	14	14	14	14	14	14	14	14	14	14	14	14	14	14	14	14	14	14	14	14	14	14	14	14	14	14	14	14	14	14	14	14	14	14	15	15	15	15	15	15	15	15	15	15	15	15	15	15	15	15	15	15	15	15	15	15	15	15	15	15	15	15	15	15	15	15	15	15	15	15	15	15	15	15	15	15	15	15	15	15	15	15	15	15	15	15	15	15	16	16	16	16	16	16	16	16	16	16	16	16	16	16	16	16	16	16	16	16	16	16	16	16	16	16	16	16	16	16	16	16	16	16	16	16	16	16	16	16	16	16	16	16	16	1	1	1	1	1	1	1	1	1	1	1	1	1	1	1	1	1	1	1	1	1	1	1	1	1	1	1	1	1	1	1	1	1	1	1	1	2	2	2	2	2	2	2	2	2	2	2	2	2	2	2	2	2	2	2	2	2	2	2	2	2	2	2	2	2	2	2	2	2	2	2	2	2	2	2	2	2	2	2	2	2	3	3	3	3	3	3	3	3	3	3	3	3	3	3	3	3	3	3	3	3	3	3	3	3	3	3	3	3	3	3	3	3	3	3	3	3	3	3	3	3	3	3	3	3	3	3	3	3	4	4	4	4	4	4	4	4	4	4	4	4	4	4	4	4	4	4	4	4	4	4	4	4	4	4	4	4	4	4	4	4	4	4	4	4	4	4	4	4	4	4	4	4	4	4	4	4	4	4	4	5	5	5	5	5	5	5	5	5	5	5	5	5	5	5	5	5	5	5	5	5	5	5	5	5	5	5	5	5	5	5	5	5	5	5	5	5	5	5	5	5	5	5	5	5	5	5	5	5	5	5	5	5	5	6	6	6	6	6	6	6	6	6	6	6	6	6	6	6	6	6	6	6	6	6	6	6	6	6	6	6	6	6	6	6	6	6	6	6	6	6	6	6	6	6	6	6	6	6	6	6	6	6	6	6	6	6	6	6	6	6	6	6	6	7	7	7	7	7	7	7	7	7	7	7	7	7	7	7	7	7	7	7	7	7	7	7	7	7	7	7	7	7	7	7	7	7	7	7	7	7	7	7	7	7	7	7	7	7	7	7	7	7	7	7	7	7	7	7	7	7	7	7	7	8	8	8	8	8	8	8	8	8	8	8	8	8	8	8	8	8	8	8	8	8	8	8	8	8	8	8	8	8	8	8	8	8	8	8	8	8	8	8	8	8	8	8	8	8	8	8	8	8	8	8	8	8	8	8	8	8	8	8	8	8	8	8	8	8	8	9	9	9	9	9	9	9	9	9	9	9	9	9	9	9	9	9	9	9	9	9	9	9	9	9	9	9	9	9	9	9	9	9	9	9	9	9	9	9	9	9	9	9	9	9	9	9	9	9	9	9	9	9	9	9	9	9	9	9	9	9	9	9	9	9	9	10	10	10	10	10	10	10	10	10	10	10	10	10	10	10	10	10	10	10	10	10	10	10	10	10	10	10	10	10	10	10	10	10	10	10	10	10	10	10	10	10	10	10	10	10	10	10	10	10	10	10	10	10	10	10	10	10	10	10	10	10	10	10	10	10	10	10	10	10	10	10	10	10	10	10	11	11	11	11	11	11	11	11	11	11	11	11	11	11	11	11	11	11	11	11	11	11	11	11	11	11	11	11	11	11	11	11	11	11	11	11	11	11	11	11	11	11	11	11	11	11	11	11	11	11	11	11	11	11	11	11	11	11	11	11	11	11	11	11	11	11	11	11	11	11	11	11	12	12	12	12	12	12	12	12	12	12	12	12	12	12	12	12	12	12	12	12	12	12	12	12	12	12	12	12	12	12	12	12	12	12	12	12	12	12	12	12	12	12	12	12	12	12	12	12	12	12	12	12	12	12	12	12	12	12	12	12	12	12	12	12	12	12	13	13	13	13	13	13	13	13	13	13	13	13	13	13	13	13	13	13	13	13	13	13	13	13	13	13	13	13	13	13	13	13	13	13	13	13	13	13	13	13	13	13	13	13	13	13	13	13	13	13	13	13	13	13	13	13	13	13	13	13	13	13	13	14	14	14	14	14	14	14	14	14	14	14	14	14	14	14	14	14	14	14	14	14	14	14	14	14	14	14	14	14	14	14	14	14	14	14	14	14	14	14	14	14	14	14	14	14	14	14	14	14	14	14	14	14	14	15	15	15	15	15	15	15	15	15	15	15	15	15	15	15	15	15	15	15	15	15	15	15	15	15	15	15	15	15	15	15	15	15	15	15	15	15	15	15	15	15	15	15	15	15	15	15	15	15	15	15	15	15	15	16	16	16	16	16	16	16	16	16	16	16	16	16	16	16	16	16	16	16	16	16	16	16	16	16	16	16	16	16	16	16	16	16	16	16	16	16	16	16	16	16	16	16	16	16	</DataArray>
<DataArray type="Int32" Name="col" format="ascii">1	2	3	4	5	6	6	6	6	6	6	6	7	7	7	7	7	7	7	8	9	10	11	12	13	14	15	16	17	18	19	20	21	22	23	24	1	2	3	4	5	6	6	6	6	7	7	7	7	7	7	7	7	7	7	7	7	7	8	8	8	8	8	8	8	9	10	11	12	13	14	15	16	17	18	19	20	21	22	23	24	1	2	3	4	5	6	7	7	7	7	8	8	8	8	8	8	8	8	8	8	8	8	8	8	8	8	9	9	9	9	9	9	9	10	11	12	13	14	15	16	17	18	19	20	21	22	23	24	1	2	3	4	5	6	7	8	8	8	8	8	8	8	9	9	9	9	9	9	9	9	9	9	9	9	9	9	9	9	10	10	10	10	10	10	10	11	12	13	14	15	16	17	18	19	20	21	22	23	24	1	2	3	4	5	6	7	8	9	9	9	9	9	9	9	9	9	9	10	10	10	10	10	10	10	10	10	10	10	10	10	10	10	10	11	11	11	11	11	11	11	12	13	14	15	16	17	18	19	20	21	22	23	24	1	2	3	4	5	6	7	8	9	9	9	9	10	10	10	10	10	10	10	10	10	10	10	10	10	11	11	11	11	11	11	11	11	11	11	11	11	11	11	11	11	12	12	12	12	12	12	12	13	14	15	16	17	18	19	20	21	22	23	24	1	2	3	4	5	6	7	8	9	10	10	10	10	11	11	11	11	11	11	11	11	11	11	11	11	11	12	12	12	12	12	12	12	12	12	12	12	12	12	12	12	12	13	13	13	13	13	13	13	14	15	16	17	18	19	20	21	22	23	24	1	2	3	4	5	6	7	8	9	10	11	11	11	11	11	11	11	12	12	12	12	12	12	12	12	12	12	12	12	12	12	12	12	13	13	13	13	13	13	13	13	13	13	13	13	13	13	13	13	14	14	14	14	14	14	14	15	16	17	18	19	20	21	22	23	24	1	2	3	4	5	6	7	8	9	10	11	12	12	12	12	12	12	12	13	13	13	13	13	13	13	13	13	13	13	13	13	13	13	13	14	14	14	14	14	14	14	14	14	14	14	14	14	14	14	14	15	15	15	15	15	15	15	16	17	18	19	20	21	22	23	24	1	2	3	4	5	6	7	8	9	10	11	12	12	12	12	13	13	13	13	13	13	13	13	13	13	13	13	13	14	14	14	14	14	14	14	14	14	14	14	14	14	14	14	14	15	15	15	15	15	15	15	15	15	15	15	15	15	15	15	15	16	16	16	16	16	16	16	17	18	19	20	21	22	23	24	1	2	3	4	5	6	7	8	9	10	11	12	13	13	13	13	14	14	14	14	14	14	14	14	14	14	14	14	14	15	15	15	15	15	15	15	15	15	15	15	15	15	15	15	15	16	16	16	16	16	16	16	16	16	16	16	16	16	16	16	16	17	17	17	17	18	19	20	21	22	23	24	1	2	3	4	5	6	7	8	9	10	11	12	13	14	14	14	14	15	15	15	15	15	15	15	15	15	15	15	15	15	15	15	15	16	16	16	16	16	16	16	16	16	16	16	16	16	16	16	16	17	17	17	17	17	17	17	17	17	17	18	19	20	21	22	23	24	1	2	3	4	5	6	7	8	9	10	11	12	13	14	15	15	15	15	15	15	15	16	16	16	16	16	16	16	16	16	16	16	16	16	16	16	16	17	17	17	17	17	17	17	17	17	17	17	17	17	17	17	17	18	18	18	18	19	20	21	22	23	24	1	2	3	4	5	6	7	8	9	10	11	12	13	14	15	16	16	16	16	16	16	16	16	16	16	17	17	17	17	17	17	17	17	17	17	17	17	17	17	17	17	18	18	18	18	18	18	18	19	20	21	22	23	24	1	2	3	4	5	6	7	8	9	10	11	12	13	14	15	16	16	16	16	17	17	17	17	17	17	17	17	17	17	17	17	17	18	18	18	18	18	18	18	18	18	18	18	18	18	19	19	19	19	20	21	22	23	24	1	2	3	4	5	6	7	8	9	10	11	12	13	14	15	16	17	17	17	17	18	18	18	18	18	18	18	18	18	18	18	18	18	19	19	19	19	19	19	19	20	21	22	23	24	1	2	3	4	5	6	6	6	6	6	6	6	7	7	7	7	7	7	7	8	9	10	11	12	13	14	15	16	17	18	19	20	21	22	23	24	1	2	3	4	5	6	6	6	6	7	7	7	7	7	7	7	7	7	7	7	7	7	8	8	8	8	8	8	8	9	10	11	12	13	14	15	16	17	18	19	20	21	22	23	24	1	2	3	4	5	6	7	7	7	7	8	8	8	8	8	8	8	8	8	8	8	8	8	8	8	8	9	9	9	9	9	9	9	10	11	12	13	14	15	16	17	18	19	20	21	22	23	24	1	2	3	4	5	6	7	8	8	8	8	8	8	8	9	9	9	9	9	9	9	9	9	9	9	9	9	9	9	9	10	10	10	10	10	10	10	11	12	13	14	15	16	17	18	19	20	21	22	23	24	1	2	3	4	5	6	7	8	9	9	9	9	9	9	9	9	9	9	10	10	10	10	10	10	10	10	10	10	10	10	10	10	10	10	11	11	11	11	11	11	11	12	13	14	15	16	17	18	19	20	21	22	23	24	1	2	3	4	5	6	7	8	9	9	9	9	10	10	10	10	10	10	10	10	10	10	10	10	10	11	11	11	11	11	11	11	11	11	11	11	11	11	11	11	11	12	12	12	12	12	12	12	13	14	15	16	17	18	19	20	21	22	23	24	1	2	3	4	5	6	7	8	9	10	10	10	10	11	11	11	11	11	11	11	11	11	11	11	11	11	12	12	12	12	12	12	12	12	12	12	12	12	12	12	12	12	13	13	13	13	13	13	13	14	15	16	17	18	19	20	21	22	23	24	1	2	3	4	5	6	7	8	9	10	11	11	11	11	11	11	11	12	12	12	12	12	12	12	12	12	12	12	12	12	12	12	12	13	13	13	13	13	13	13	13	13	13	13	13	13	13	13	13	14	14	14	14	14	14	14	15	16	17	18	19	20	21	22	23	24	1	2	3	4	5	6	7	8	9	10	11	12	12	12	12	12	12	12	13	13	13	13	13	13	13	13	13	13	13	13	13	13	13	13	14	14	14	14	14	14	14	14	14	14	14	14	14	14	14	14	15	15	15	15	15	15	15	16	17	18	19	20	21	22	23	24	1	2	3	4	5	6	7	8	9	10	11	12	12	12	12	13	13	13	13	13	13	13	13	13	13	13	13	13	14	14	14	14	14	14	14	14	14	14	14	14	14	14	14	14	15	15	15	15	15	15	15	15	15	15	15	15	15	15	15	15	16	16	16	16	16	16	16	17	18	19	20	21	22	23	24	1	2	3	4	5	6	7	8	9	10	11	12	13	13	13	13	14	14	14	14	14	14	14	14	14	14	14	14	14	15	15	15	15	15	15	15	15	15	15	15	15	15	15	15	15	16	16	16	16	16	16	16	16	16	16	16	16	16	16	16	16	17	17	17	17	18	19	20	21	22	23	24	1	2	3	4	5	6	7	8	9	10	11	12	13	14	14	14	14	15	15	15	15	15	15	15	15	15	15	15	15	15	15	15	15	16	16	16	16	16	16	16	16	16	16	16	16	16	16	16	16	17	17	17	17	17	17	17	17	17	17	18	19	20	21	22	23	24	1	2	3	4	5	6	7	8	9	10	11	12	13	14	15	15	15	15	15	15	15	16	16	16	16	16	16	16	16	16	16	16	16	16	16	16	16	17	17	17	17	17	17	17	17	17	17	17	17	17	17	17	17	18	18	18	18	19	20	21	22	23	24	1	2	3	4	5	6	7	8	9	10	11	12	13	14	15	16	16	16	16	16	16	16	16	16	16	17	17	17	17	17	17	17	17	17	17	17	17	17	17	17	17	18	18	18	18	18	18	18	19	20	21	22	23	24	1	2	3	4	5	6	7	8	9	10	11	12	13	14	15	16	16	16	16	17	17	17	17	17	17	17	17	17	17	17	17	17	18	18	18	18	18	18	18	18	18	18	18	18	18	19	19	19	19	20	21	22	23	24	1	2	3	4	5	6	7	8	9	10	11	12	13	14	15	16	17	17	17	17	18	18	18	18	18	18	18	18	18	18	18	18	18	19	19	19	19	19	19	19	20	21	22	23	24	1	2	3	4	5	6	6	6	6	6	6	6	7	7	7	7	7	7	7	8	9	10	11	12	13	14	15	16	17	18	19	20	21	22	23	24	1	2	3	4	5	6	6	6	6	7	7	7	7	7	7	7	7	7	7	7	7	7	8	8	8	8	8	8	8	9	10	11	12	13	14	15	16	17	18	19	20	21	22	23	24	1	2	3	4	5	6	7	7	7	7	8	8	8	8	8	8	8	8	8	8	8	8	8	8	8	8	9	9	9	9	9	9	9	10	11	12	13	14	15	16	17	18	19	20	21	22	23	24	1	2	3	4	5	6	7	8	8	8	8	8	8	8	9	9	9	9	9	9	9	9	9	9	9	9	9	9	9	9	10	10	10	10	10	10	10	11	12	13	14	15	16	17	18	19	20	21	22	23	24	1	2	3	4	5	6	7	8	9	9	9	9	9	9	9	9	9	9	10	10	10	10	10	10	10	10	10	10	10	10	10	10	10	10	11	11	11	11	11	11	11	12	13	14	15	16	17	18	19	20	21	22	23	24	1	2	3	4	5	6	7	8	9	9	9	9	10	10	10	10	10	10	10	10	10	10	10	10	10	11	11	11	11	11	11	11	11	11	11	11	11	11	11	11	11	12	12	12	12	12	12	12	13	14	15	16	17	18	19	20	21	22	23	24	1	2	3	4	5	6	7	8	9	10	10	10	10	11	11	11	11	11	11	11	11	11	11	11	11	11	12	12	12	12	12	12	12	12	12	12	12	12	12	12	12	12	13	13	13	13	13	13	13	14	15	16	17	18	19	20	21	22	23	24	1	2	3	4	5	6	7	8	9	10	11	11	11	11	11	11	11	12	12	12	12	12	12	12	12	12	12	12	12	12	12	12	12	13	13	13	13	13	13	13	13	13	13	13	13	13	13	13	13	14	14	14	14	14	14	14	15	16	17	18	19	20	21	22	23	24	1	2	3	4	5	6	7	8	9	10	11	12	12	12	12	12	12	12	13	13	13	13	13	13	13	13	13	13	13	13	13	13	13	13	14	14	14	14	14	14	14	14	14	14	14	14	14	14	14	14	15	15	15	15	15	15	15	16	17	18	19	20	21	22	23	24	1	2	3	4	5	6	7	8	9	10	11	12	12	12	12	13	13	13	13	13	13	13	13	13	13	13	13	13	14	14	14	14	14	14	14	14	14	14	14	14	14	14	14	14	15	15	15	15	15	15	15	15	15	15	15	15	15	15	15	15	16	16	16	16	16	16	16	17	18	19	20	21	22	23	24	1	2	3	4	5	6	7	8	9	10	11	12	13	13	13	13	14	14	14	14	14	14	14	14	14	14	14	14	14	15	15	15	15	15	15	15	15	15	15	15	15	15	15	15	15	16	16	16	16	16	16	16	16	16	16	16	16	16	16	16	16	17	17	17	17	18	19	20	21	22	23	24	1	2	3	4	5	6	7	8	9	10	11	12	13	14	14	14	14	15	15	15	15	15	15	15	15	15	15	15	15	15	15	15	15	16	16	16	16	16	16	16	16	16	16	16	16	16	16	16	16	17	17	17	17	17	17	17	17	17	17	18	19	20	21	22	23	24	1	2	3	4	5	6	7	8	9	10	11	12	13	14	15	15	15	15	15	15	15	16	16	16	16	16	16	16	16	16	16	16	16	16	16	16	16	17	17	17	17	17	17	17	17	17	17	17	17	17	17	17	17	18	18	18	18	19	20	21	22	23	24	1	2	3	4	5	6	7	8	9	10	11	12	13	14	15	16	16	16	16	16	16	16	16	16	16	17	17	17	17	17	17	17	17	17	17	17	17	17	17	17	17	18	18	18	18	18	18	18	19	20	21	22	23	24	1	2	3	4	5	6	7	8	9	10	11	12	13	14	15	16	16	16	16	17	17	17	17	17	17	17	17	17	17	17	17	17	18	18	18	18	18	18	18	18	18	18	18	18	18	19	19	19	19	20	21	22	23	24	1	2	3	4	5	6	7	8	9	10	11	12	13	14	15	16	17	17	17	17	18	18	18	18	18	18	18	18	18	18	18	18	18	19	19	19	19	19	19	19	20	21	22	23	24	1	2	3	4	5	6	6	6	6	6	6	6	7	7	7	7	7	7	7	8	9	10	11	12	13	14	15	16	17	18	19	20	21	22	23	24	1	2	3	4	5	6	6	6	6	7	7	7	7	7	7	7	7	7	7	7	7	7	8	8	8	8	8	8	8	9	10	11	12	13	14	15	16	17	18	19	20	21	22	23	24	1	2	3	4	5	6	7	7	7	7	8	8	8	8	8	8	8	8	8	8	8	8	8	8	8	8	9	9	9	9	9	9	9	10	11	12	13	14	15	16	17	18	19	20	21	22	23	24	1	2	3	4	5	6	7	8	8	8	8	8	8	8	9	9	9	9	9	9	9	9	9	9	9	9	9	9	9	9	10	10	10	10	10	10	10	11	12	13	14	15	16	17	18	19	20	21	22	23	24	1	2	3	4	5	6	7	8	9	9	9	9	9	9	9	9	9	9	10	10	10	10	10	10	10	10	10	10	10	10	10	10	10	10	11	11	11	11	11	11	11	12	13	14	15	16	17	18	19	20	21	22	23	24	1	2	3	4	5	6	7	8	9	9	9	9	10	10	10	10	10	10	10	10	10	10	10	10	10	11	11	11	11	11	11	11	11	11	11	11	11	11	11	11	11	12	12	12	12	12	12	12	13	14	15	16	17	18	19	20	21	22	23	24	1	2	3	4	5	6	7	8	9	10	10	10	10	11	11	11	11	11	11	11	11	11	11	11	11	11	12	12	12	12	12	12	12	12	12	12	12	12	12	12	12	12	13	13	13	13	13	13	13	14	15	16	17	18	19	20	21	22	23	24	1	2	3	4	5	6	7	8	9	10	11	11	11	11	11	11	11	12	12	12	12	12	12	12	12	12	12	12	12	12	12	12	12	13	13	13	13	13	13	13	13	13	13	13	13	13	13	13	13	14	14	14	14	14	14	14	15	16	17	18	19	20	21	22	23	24	1	2	3	4	5	6	7	8	9	10	11	12	12	12	12	12	12	12	13	13	13	13	13	13	13	13	13	13	13	13	13	13	13	13	14	14	14	14	14	14	14	14	14	14	14	14	14	14	14	14	15	15	15	15	15	15	15	16	17	18	19	20	21	22	23	24	1	2	3	4	5	6	7	8	9	10	11	12	12	12	12	13	13	13	13	13	13	13	13	13	13	13	13	13	14	14	14	14	14	14	14	14	14	14	14	14	14	14	14	14	15	15	15	15	15	15	15	15	15	15	15	15	15	15	15	15	16	16	16	16	16	16	16	17	18	19	20	21	22	23	24	1	2	3	4	5	6	7	8	9	10	11	12	13	13	13	13	14	14	14	14	14	14	14	14	14	14	14	14	14	15	15	15	15	15	15	15	15	15	15	15	15	15	15	15	15	16	16	16	16	16	16	16	16	16	16	16	16	16	16	16	16	17	17	17	17	18	19	20	21	22	23	24	1	2	3	4	5	6	7	8	9	10	11	12	13	14	14	14	14	15	15	15	15	15	15	15	15	15	15	15	15	15	15	15	15	16	16	16	16	16	16	16	16	16	16	16	16	16	16	16	16	17	17	17	17	17	17	17	17	17	17	18	19	20	21	22	23	24	1	2	3	4	5	6	7	8	9	10	11	12	13	14	15	15	15	15	15	15	15	16	16	16	16	16	16	16	16	16	16	16	16	16	16	16	16	17	17	17	17	17	17	17	17	17	17	17	17	17	17	17	17	18	18	18	18	19	20	21	22	23	24	1	2	3	4	5	6	7	8	9	10	11	12	13	14	15	16	16	16	16	16	16	16	16	16	16	17	17	17	17	17	17	17	17	17	17	17	17	17	17	17	17	18	18	18	18	18	18	18	19	20	21	22	23	24	1	2	3	4	5	6	7	8	9	10	11	12	13	14	15	16	16	16	16	17	17	17	17	17	17	17	17	17	17	17	17	17	18	18	18	18	18	18	18	18	18	18	18	18	18	19	19	19	19	20	21	22	23	24	1	2	3	4	5	6	7	8	9	10	11	12	13	14	15	16	17	17	17	17	18	18	18	18	18	18	18	18	18	18	18	18	18	19	19	19	19	19	19	19	20	21	22	23	24	</DataArray>
<DataArray type="Int32" Name="vtkid" format="ascii">0	1	2	3	4	5	6	7	8	9	10	11	12	13	14	15	16	17	18	19	20	21	22	23	24	25	26	27	28	29	30	31	32	33	34	35	36	37	38	39	40	41	42	43	44	45	46	47	48	49	50	51	52	53	54	55	56	57	58	59	60	61	62	63	64	65	66	67	68	69	70	71	72	73	74	75	76	77	78	79	80	81	82	83	84	85	86	87	88	89	90	91	92	93	94	95	96	97	98	99	100	101	102	103	104	105	106	107	108	109	110	111	112	113	114	115	116	117	118	119	120	121	122	123	124	125	126	127	128	129	130	131	132	133	134	135	136	137	138	139	140	141	142	143	144	145	146	147	148	149	150	151	152	153	154	155	156	157	158	159	160	161	162	163	164	165	166	167	168	169	170	171	172	173	174	175	176	177	178	179	180	181	182	183	184	185	186	187	188	189	190	191	192	193	194	195	196	197	198	199	200	201	202	203	204	205	206	207	208	209	210	211	212	213	214	215	216	217	218	219	220	221	222	223	224	225	226	227	228	229	230	231	232	233	234	235	236	237	238	239	240	241	242	243	244	245	246	247	248	249	250	251	252	253	254	255	256	257	258	259	260	261	262	263	264	265	266	267	268	269	270	271	272	273	274	275	276	277	278	279	280	281	282	283	284	285	286	287	288	289	290	291	292	293	294	295	296	297	298	299	300	301	302	303	304	305	306	307	308	309	310	311	312	313	314	315	316	317	318	319	320	321	322	323	324	325	326	327	328	329	330	331	332	333	334	335	336	337	338	339	340	341	342	343	344	345	346	347	348	349	350	351	352	353	354	355	356	357	358	359	360	361	362	363	364	365	366	367	368	369	370	371	372	373	374	375	376	377	378	379	380	381	382	383	384	385	386	387	388	389	390	391	392	393	394	395	396	397	398	399	400	401	402	403	404	405	406	407	408	409	410	411	412	413	414	415	416	417	418	419	420	421	422	423	424	425	426	427	428	429	430	431	432	433	434	435	436	437	438	439	440	441	442	443	444	445	446	447	448	449	450	451	452	453	454	455	456	457	458	459	460	461	462	463	464	465	466	467	468	469	470	471	472	473	474	475	476	477	478	479	480	481	482	483	484	485	486	487	488	489	490	491	492	493	494	495	496	497	498	499	500	501	502	503	504	505	506	507	508	509	510	511	512	513	514	515	516	517	518	519	520	521	522	523	524	525	526	527	528	529	530	531	532	533	534	535	536	537	538	539	540	541	542	543	544	545	546	547	548	549	550	551	552	553	554	555	556	557	558	559	560	561	562	563	564	565	566	567	568	569	570	571	572	573	574	575	576	577	578	579	580	581	582	583	584	585	586	587	588	589	590	591	592	593	594	595	596	597	598	599	600	601	602	603	604	605	606	607	608	609	610	611	612	613	614	615	616	617	618	619	620	621	622	623	624	625	626	627	628	629	630	631	632	633	634	635	636	637	638	639	640	641	642	643	644	645	646	647	648	649	650	651	652	653	654	655	656	657	658	659	660	661	662	663	664	665	666	667	668	669	670	671	672	673	674	675	676	677	678	679	680	681	682	683	684	685	686	687	688	689	690	691	692	693	694	695	696	697	698	699	700	701	702	703	704	705	706	707	708	709	710	711	712	713	714	715	716	717	718	719	720	721	722	723	724	725	726	727	728	729	730	731	732	733	734	735	736	737	738	739	740	741	742	743	744	745	746	747	748	749	750	751	752	753	754	755	756	757	758	759	760	761	762	763	764	765	766	767	768	769	770	771	772	773	774	775	776	777	778	779	780	781	782	783	784	785	786	787	788	789	790	791	792	793	794	795	796	797	798	799	800	801	802	803	804	805	806	807	808	809	810	811	812	813	814	815	816	817	818	819	820	821	822	823	824	825	826	827	828	829	830	831	832	833	834	835	836	837	838	839	840	841	842	843	844	845	846	847	848	849	850	851	852	853	854	855	856	857	858	859	860	861	862	863	864	865	866	867	868	869	870	871	872	873	874	875	876	877	878	879	880	881	882	883	884	885	886	887	888	889	890	891	892	893	894	895	896	897	898	899	900	901	902	903	904	905	906	907	908	909	910	911	912	913	914	915	916	917	918	919	920	921	922	923	924	925	926	927	928	929	930	931	932	933	934	935	936	937	938	939	940	941	942	943	944	945	946	947	948	949	950	951	952	953	954	955	956	957	958	959	960	961	962	963	964	965	966	967	968	969	970	971	972	973	974	975	976	977	978	979	980	981	982	983	984	985	986	987	988	989	990	991	992	993	994	995	996	997	998	999	1000	1001	1002	1003	1004	1005	1006	1007	1008	1009	1010	1011	1012	1013	1014	1015	1016	1017	1018	1019	1020	1021	1022	1023	1024	1025	1026	1027	1028	1029	1030	1031	1032	1033	1034	1035	1036	1037	1038	1039	1040	1041	1042	1043	1044	1045	1046	1047	1048	1049	1050	1051	1052	1053	1054	1055	1056	1057	1058	1059	1060	1061	1062	1063	1064	1065	1066	1067	1068	1069	1070	1071	1072	1073	1074	1075	1076	1077	1078	1079	1080	1081	1082	1083	1084	1085	1086	1087	1088	1089	1090	1091	1092	1093	1094	1095	1096	1097	1098	1099	1100	1101	1102	1103	1104	1105	1106	1107	1108	1109	1110	1111	1112	1113	1114	1115	1116	1117	1118	1119	1120	1121	1122	1123	1124	1125	1126	1127	1128	1129	1130	1131	1132	1133	1134	1135	1136	1137	1138	1139	1140	1141	1142	1143	1144	1145	1146	1147	1148	1149	1150	1151	1152	1153	1154	1155	1156	1157	1158	1159	1160	1161	1162	1163	1164	1165	1166	1167	1168	1169	1170	1171	1172	1173	1174	1175	1176	1177	1178	1179	1180	1181	1182	1183	1184	1185	1186	1187	1188	1189	1190	1191	1192	1193	1194	1195	1196	1197	1198	1199	1200	1201	1202	1203	1204	1205	1206	1207	1208	1209	1210	1211	1212	1213	1214	1215	1216	1217	1218	1219	1220	1221	1222	1223	1224	1225	1226	1227	1228	1229	1230	1231	1232	1233	1234	1235	1236	1237	1238	1239	1240	1241	1242	1243	1244	1245	1246	1247	1248	1249	1250	1251	1252	1253	1254	1255	1256	1257	1258	1259	1260	1261	1262	1263	1264	1265	1266	1267	1268	1269	1270	1271	1272	1273	1274	1275	1276	1277	1278	1279	1280	1281	1282	1283	1284	1285	1286	1287	1288	1289	1290	1291	1292	1293	1294	1295	1296	1297	1298	1299	1300	1301	1302	1303	1304	1305	1306	1307	1308	1309	1310	1311	1312	1313	1314	1315	1316	1317	1318	1319	1320	1321	1322	1323	1324	1325	1326	1327	1328	1329	1330	1331	1332	1333	1334	1335	1336	1337	1338	1339	1340	1341	1342	1343	1344	1345	1346	1347	1348	1349	1350	1351	1352	1353	1354	1355	1356	1357	1358	1359	1360	1361	1362	1363	1364	1365	1366	1367	1368	1369	1370	1371	1372	1373	1374	1375	1376	1377	1378	1379	1380	1381	1382	1383	1384	1385	1386	1387	1388	1389	1390	1391	1392	1393	1394	1395	1396	1397	1398	1399	1400	1401	1402	1403	1404	1405	1406	1407	1408	1409	1410	1411	1412	1413	1414	1415	1416	1417	1418	1419	1420	1421	1422	1423	1424	1425	1426	1427	1428	1429	1430	1431	1432	1433	1434	1435	1436	1437	1438	1439	1440	1441	1442	1443	1444	1445	1446	1447	1448	1449	1450	1451	1452	1453	1454	1455	1456	1457	1458	1459	1460	1461	1462	1463	1464	1465	1466	1467	1468	1469	1470	1471	1472	1473	1474	1475	1476	1477	1478	1479	1480	1481	1482	1483	1484	1485	1486	1487	1488	1489	1490	1491	1492	1493	1494	1495	1496	1497	1498	1499	1500	1501	1502	1503	1504	1505	1506	1507	1508	1509	1510	1511	1512	1513	1514	1515	1516	1517	1518	1519	1520	1521	1522	1523	1524	1525	1526	1527	1528	1529	1530	1531	1532	1533	1534	1535	1536	1537	1538	1539	1540	1541	1542	1543	1544	1545	1546	1547	1548	1549	1550	1551	1552	1553	1554	1555	1556	1557	1558	1559	1560	1561	1562	1563	1564	1565	1566	1567	1568	1569	1570	1571	1572	1573	1574	1575	1576	1577	1578	1579	1580	1581	1582	1583	1584	1585	1586	1587	1588	1589	1590	1591	1592	1593	1594	1595	1596	1597	1598	1599	1600	1601	1602	1603	1604	1605	1606	1607	1608	1609	1610	1611	1612	1613	1614	1615	1616	1617	1618	1619	1620	1621	1622	1623	1624	1625	1626	1627	1628	1629	1630	1631	1632	1633	1634	1635	1636	1637	1638	1639	1640	1641	1642	1643	1644	1645	1646	1647	1648	1649	1650	1651	1652	1653	1654	1655	1656	1657	1658	1659	1660	1661	1662	1663	1664	1665	1666	1667	1668	1669	1670	1671	1672	1673	1674	1675	1676	1677	1678	1679	1680	1681	1682	1683	1684	1685	1686	1687	1688	1689	1690	1691	1692	1693	1694	1695	1696	1697	1698	1699	1700	1701	1702	1703	1704	1705	1706	1707	1708	1709	1710	1711	1712	1713	1714	1715	1716	1717	1718	1719	1720	1721	1722	1723	1724	1725	1726	1727	1728	1729	1730	1731	1732	1733	1734	1735	1736	1737	1738	1739	1740	1741	1742	1743	1744	1745	1746	1747	1748	1749	1750	1751	1752	1753	1754	1755	1756	1757	1758	1759	1760	1761	1762	1763	1764	1765	1766	1767	1768	1769	1770	1771	1772	1773	1774	1775	1776	1777	1778	1779	1780	1781	1782	1783	1784	1785	1786	1787	1788	1789	1790	1791	1792	1793	1794	1795	1796	1797	1798	1799	1800	1801	1802	1803	1804	1805	1806	1807	1808	1809	1810	1811	1812	1813	1814	1815	1816	1817	1818	1819	1820	1821	1822	1823	1824	1825	1826	1827	1828	1829	1830	1831	1832	1833	1834	1835	1836	1837	1838	1839	1840	1841	1842	1843	1844	1845	1846	1847	1848	1849	1850	1851	1852	1853	1854	1855	1856	1857	1858	1859	1860	1861	1862	1863	1864	1865	1866	1867	1868	1869	1870	1871	1872	1873	1874	1875	1876	1877	1878	1879	1880	1881	1882	1883	1884	1885	1886	1887	1888	1889	1890	1891	1892	1893	1894	1895	1896	1897	1898	1899	1900	1901	1902	1903	1904	1905	1906	1907	1908	1909	1910	1911	1912	1913	1914	1915	1916	1917	1918	1919	1920	1921	1922	1923	1924	1925	1926	1927	1928	1929	1930	1931	1932	1933	1934	1935	1936	1937	1938	1939	1940	1941	1942	1943	1944	1945	1946	1947	1948	1949	1950	1951	1952	1953	1954	1955	1956	1957	1958	1959	1960	1961	1962	1963	1964	1965	1966	1967	1968	1969	1970	1971	1972	1973	1974	1975	1976	1977	1978	1979	1980	1981	1982	1983	1984	1985	1986	1987	1988	1989	1990	1991	1992	1993	1994	1995	1996	1997	1998	1999	2000	2001	2002	2003	2004	2005	2006	2007	2008	2009	2010	2011	2012	2013	2014	2015	2016	2017	2018	2019	2020	2021	2022	2023	2024	2025	2026	2027	2028	2029	2030	2031	2032	2033	2034	2035	2036	2037	2038	2039	2040	2041	2042	2043	2044	2045	2046	2047	2048	2049	2050	2051	2052	2053	2054	2055	2056	2057	2058	2059	2060	2061	2062	2063	2064	2065	2066	2067	2068	2069	2070	2071	2072	2073	2074	2075	2076	2077	2078	2079	2080	2081	2082	2083	2084	2085	2086	2087	2088	2089	2090	2091	2092	2093	2094	2095	2096	2097	2098	2099	2100	2101	2102	2103	2104	2105	2106	2107	2108	2109	2110	2111	2112	2113	2114	2115	2116	2117	2118	2119	2120	2121	2122	2123	2124	2125	2126	2127	2128	2129	2130	2131	2132	2133	2134	2135	2136	2137	2138	2139	2140	2141	2142	2143	2144	2145	2146	2147	2148	2149	2150	2151	2152	2153	2154	2155	2156	2157	2158	2159	2160	2161	2162	2163	2164	2165	2166	2167	2168	2169	2170	2171	2172	2173	2174	2175	2176	2177	2178	2179	2180	2181	2182	2183	2184	2185	2186	2187	2188	2189	2190	2191	2192	2193	2194	2195	2196	2197	2198	2199	2200	2201	2202	2203	2204	2205	2206	2207	2208	2209	2210	2211	2212	2213	2214	2215	2216	2217	2218	2219	2220	2221	2222	2223	2224	2225	2226	2227	2228	2229	2230	2231	2232	2233	2234	2235	2236	2237	2238	2239	2240	2241	2242	2243	2244	2245	2246	2247	2248	2249	2250	2251	2252	2253	2254	2255	2256	2257	2258	2259	2260	2261	2262	2263	2264	2265	2266	2267	2268	2269	2270	2271	2272	2273	2274	2275	2276	2277	2278	2279	2280	2281	2282	2283	2284	2285	2286	2287	2288	2289	2290	2291	2292	2293	2294	2295	2296	2297	2298	2299	2300	2301	2302	2303	2304	2305	2306	2307	2308	2309	2310	2311	2312	2313	2314	2315	2316	2317	2318	2319	2320	2321	2322	2323	2324	2325	2326	2327	2328	2329	2330	2331	2332	2333	2334	2335	2336	2337	2338	2339	2340	2341	2342	2343	2344	2345	2346	2347	2348	2349	2350	2351	2352	2353	2354	2355	2356	2357	2358	2359	2360	2361	2362	2363	2364	2365	2366	2367	2368	2369	2370	2371	2372	2373	2374	2375	2376	2377	2378	2379	2380	2381	2382	2383	2384	2385	2386	2387	2388	2389	2390	2391	2392	2393	2394	2395	2396	2397	2398	2399	2400	2401	2402	2403	2404	2405	2406	2407	2408	2409	2410	2411	2412	2413	2414	2415	2416	2417	2418	2419	2420	2421	2422	2423	2424	2425	2426	2427	2428	2429	2430	2431	2432	2433	2434	2435	2436	2437	2438	2439	2440	2441	2442	2443	2444	2445	2446	2447	2448	2449	2450	2451	2452	2453	2454	2455	2456	2457	2458	2459	2460	2461	2462	2463	2464	2465	2466	2467	2468	2469	2470	2471	2472	2473	2474	2475	2476	2477	2478	2479	2480	2481	2482	2483	2484	2485	2486	2487	2488	2489	2490	2491	2492	2493	2494	2495	2496	2497	2498	2499	2500	2501	2502	2503	2504	2505	2506	2507	2508	2509	2510	2511	2512	2513	2514	2515	2516	2517	2518	2519	2520	2521	2522	2523	2524	2525	2526	2527	2528	2529	2530	2531	2532	2533	2534	2535	2536	2537	2538	2539	2540	2541	2542	2543	2544	2545	2546	2547	2548	2549	2550	2551	2552	2553	2554	2555	2556	2557	2558	2559	2560	2561	2562	2563	2564	2565	2566	2567	2568	2569	2570	2571	2572	2573	2574	2575	2576	2577	2578	2579	2580	2581	2582	2583	2584	2585	2586	2587	2588	2589	2590	2591	2592	2593	2594	2595	2596	2597	2598	2599	2600	2601	2602	2603	2604	2605	2606	2607	2608	2609	2610	2611	2612	2613	2614	2615	2616	2617	2618	2619	2620	2621	2622	2623	2624	2625	2626	2627	2628	2629	2630	2631	2632	2633	2634	2635	2636	2637	2638	2639	2640	2641	2642	2643	2644	2645	2646	2647	2648	2649	2650	2651	2652	2653	2654	2655	2656	2657	2658	2659	2660	2661	2662	2663	2664	2665	2666	2667	2668	2669	2670	2671	2672	2673	2674	2675	2676	2677	2678	2679	2680	2681	2682	2683	2684	2685	2686	2687	2688	2689	2690	2691	2692	2693	2694	2695	2696	2697	2698	2699	2700	2701	2702	2703	2704	2705	2706	2707	2708	2709	2710	2711	2712	2713	2714	2715	2716	2717	2718	2719	2720	2721	2722	2723	2724	2725	2726	2727	2728	2729	2730	2731	2732	2733	2734	2735	2736	2737	2738	2739	2740	2741	2742	2743	2744	2745	2746	2747	2748	2749	2750	2751	2752	2753	2754	2755	2756	2757	2758	2759	2760	2761	2762	2763	2764	2765	2766	2767	2768	2769	2770	2771	2772	2773	2774	2775	2776	2777	2778	2779	2780	2781	2782	2783	2784	2785	2786	2787	2788	2789	2790	2791	2792	2793	2794	2795	2796	2797	2798	2799	2800	2801	2802	2803	2804	2805	2806	2807	2808	2809	2810	2811	2812	2813	2814	2815	2816	2817	2818	2819	2820	2821	2822	2823	2824	2825	2826	2827	2828	2829	2830	2831	2832	2833	2834	2835	2836	2837	2838	2839	2840	2841	2842	2843	2844	2845	2846	2847	2848	2849	2850	2851	2852	2853	2854	2855	2856	2857	2858	2859	2860	2861	2862	2863	2864	2865	2866	2867	2868	2869	2870	2871	2872	2873	2874	2875	2876	2877	2878	2879	2880	2881	2882	2883	2884	2885	2886	2887	2888	2889	2890	2891	2892	2893	2894	2895	2896	2897	2898	2899	2900	2901	2902	2903	2904	2905	2906	2907	2908	2909	2910	2911	2912	2913	2914	2915	2916	2917	2918	2919	2920	2921	2922	2923	2924	2925	2926	2927	2928	2929	2930	2931	2932	2933	2934	2935	2936	2937	2938	2939	2940	2941	2942	2943	2944	2945	2946	2947	2948	2949	2950	2951	2952	2953	2954	2955	2956	2957	2958	2959	2960	2961	2962	2963	2964	2965	2966	2967	2968	2969	2970	2971	2972	2973	2974	2975	2976	2977	2978	2979	2980	2981	2982	2983	2984	2985	2986	2987	2988	2989	2990	2991	2992	2993	2994	2995	2996	2997	2998	2999	3000	3001	3002	3003	3004	3005	3006	3007	3008	3009	3010	3011	3012	3013	3014	3015	3016	3017	3018	3019	3020	3021	3022	3023	3024	3025	3026	3027	3028	3029	3030	3031	3032	3033	3034	3035	3036	3037	3038	3039	3040	3041	3042	3043	3044	3045	3046	3047	3048	3049	3050	3051	3052	3053	3054	3055	3056	3057	3058	3059	3060	3061	3062	3063	3064	3065	3066	3067	3068	3069	3070	3071	3072	3073	3074	3075	3076	3077	3078	3079	3080	3081	3082	3083	3084	3085	3086	3087	3088	3089	3090	3091	3092	3093	3094	3095	3096	3097	3098	3099	3100	3101	3102	3103	3104	3105	3106	3107	3108	3109	3110	3111	3112	3113	3114	3115	3116	3117	3118	3119	3120	3121	3122	3123	3124	3125	3126	3127	3128	3129	3130	3131	3132	3133	3134	3135	3136	3137	3138	3139	3140	3141	3142	3143	3144	3145	3146	3147	3148	3149	3150	3151	3152	3153	3154	3155	3156	3157	3158	3159	3160	3161	3162	3163	3164	3165	3166	3167	3168	3169	3170	3171	3172	3173	3174	3175	3176	3177	3178	3179	3180	3181	3182	3183	3184	3185	3186	3187	3188	3189	3190	3191	3192	3193	3194	3195	3196	3197	3198	3199	3200	3201	3202	3203	3204	3205	3206	3207	3208	3209	3210	3211	3212	3213	3214	3215	3216	3217	3218	3219	3220	3221	3222	3223	3224	3225	3226	3227	3228	3229	3230	3231	3232	3233	3234	3235	3236	3237	3238	3239	3240	3241	3242	3243	3244	3245	3246	3247	3248	3249	3250	3251	3252	3253	3254	3255	3256	3257	3258	3259	3260	3261	3262	3263	3264	3265	3266	3267	3268	3269	3270	3271	3272	3273	3274	3275	3276	3277	3278	3279	3280	3281	3282	3283	3284	3285	3286	3287	3288	3289	3290	3291	3292	3293	3294	3295	3296	3297	3298	3299	3300	3301	3302	3303	3304	3305	3306	3307	3308	3309	3310	3311	3312	3313	3314	3315	3316	3317	3318	3319	3320	3321	3322	3323	3324	3325	3326	3327	3328	3329	3330	3331	3332	3333	3334	3335	3336	3337	3338	3339	3340	3341	3342	3343	3344	3345	3346	3347	3348	3349	3350	3351	3352	3353	3354	3355	3356	3357	3358	3359	3360	3361	3362	3363	3364	3365	3366	3367	3368	3369	3370	3371	3372	3373	3374	3375	3376	3377	3378	3379	3380	3381	3382	3383	3384	3385	3386	3387	3388	3389	3390	3391	3392	3393	3394	3395	3396	3397	3398	3399	3400	3401	3402	3403	3404	3405	3406	3407	3408	3409	3410	3411	3412	3413	3414	3415	3416	3417	3418	3419	3420	3421	3422	3423	3424	3425	3426	3427	3428	3429	3430	3431	3432	3433	3434	3435	3436	3437	3438	3439	3440	3441	3442	3443	3444	3445	3446	3447	3448	3449	3450	3451	3452	3453	3454	3455	3456	3457	3458	3459	3460	3461	3462	3463	3464	3465	3466	3467	3468	3469	3470	3471	3472	3473	3474	3475	3476	3477	3478	3479	3480	3481	3482	3483	3484	3485	3486	3487	3488	3489	3490	3491	3492	3493	3494	3495	3496	3497	3498	3499	3500	3501	3502	3503	3504	3505	3506	3507	3508	3509	3510	3511	3512	3513	3514	3515	3516	3517	3518	3519	3520	3521	3522	3523	3524	3525	3526	3527	3528	3529	3530	3531	3532	3533	3534	3535	3536	3537	3538	3539	3540	3541	3542	3543	3544	3545	3546	3547	3548	3549	3550	3551	3552	3553	3554	3555	3556	3557	3558	3559	3560	3561	3562	3563	3564	3565	3566	3567	3568	3569	3570	3571	3572	3573	3574	3575	3576	3577	3578	3579	3580	3581	3582	3583	3584	3585	3586	3587	3588	3589	3590	3591	3592	3593	3594	3595	3596	3597	3598	3599	3600	3601	3602	3603	3604	3605	3606	3607	3608	3609	3610	3611	3612	3613	3614	3615	3616	3617	3618	3619	3620	3621	3622	3623	3624	3625	3626	3627	3628	3629	3630	3631	3632	3633	3634	3635	3636	3637	3638	3639	3640	3641	3642	3643	3644	3645	3646	3647	3648	3649	3650	3651	3652	3653	3654	3655	3656	3657	3658	3659	</DataArray>
<DataArray type="Float32" Name="top" format="ascii">-6	-6	-6	-6	-6	-6	-6	-6	-6	-6	-6	-6	-6	-6	-6	-6	-6	-6	-6	-6	-6	-6	-6	-6	-6	-6	-6	-6	-6	-6	-6	-6	-6	-6	-6	-6	-6	-6	-6	-6	-6	-6	-6	-6	-6	-6	-6	-6	-6	-6	-6	-6	-6	-6	-6	-6	-6	-6	-6	-6	-6	-6	-6	-6	-6	-6	-6	-6	-6	-6	-6	-6	-6	-6	-6	-6	-6	-6	-6	-6	-6	-6	-6	-6	-6	-6	-6	-6	-6	-6	-6	-6	-6	-6	-6	-6	-6	-6	-6	-6	-6	-6	-6	-6	-6	-6	-6	-6	-6	-6	-6	-6	-6	-6	-6	-6	-6	-6	-6	-6	-6	-6	-6	-6	-6	-6	-6	-6	-6	-6	-6	-6	-6	-6	-6	-6	-6	-6	-6	-6	-6	-6	-6	-6	-6	-6	-6	-6	-6	-6	-6	-6	-6	-6	-6	-6	-6	-6	-6	-6	-6	-6	-6	-6	-6	-6	-6	-6	-6	-6	-6	-6	-6	-6	-6	-6	-6	-6	-6	-6	-6	-6	-6	-6	-6	-6	-6	-6	-6	-6	-6	-6	-6	-6	-6	-6	-6	-6	-6	-6	-6	-6	-6	-6	-6	-6	-6	-6	-6	-6	-6	-6	-6	-6	-6	-6	-6	-6	-6	-6	-6	-6	-6	-6	-6	-6	-6	-6	-6	-6	-6	-6	-6	-6	-6	-6	-6	-6	-6	-6	-6	-6	-6	-6	-6	-6	-6	-6	-6	-6	-6	-6	-6	-6	-6	-6	-6	-6	-6	-6	-6	-6	-6	-6	-6	-6	-6	-6	-6	-6	-6	-6	-6	-6	-6	-6	-6	-6	-6	-6	-6	-6	-6	-6	-6	-6	-6	-6	-6	-6	-6	-6	-6	-6	-6	-6	-6	-6	-6	-6	-6	-6	-6	-6	-6	-6	-6	-6	-6	-6	-6	-6	-6	-6	-6	-6	-6	-6	-6	-6	-6	-6	-6	-6	-6	-6	-6	-6	-6	-6	-6	-6	-6	-6	-6	-6	-6	-6	-6	-6	-6	-6	-6	-6	-6	-6	-6	-6	-6	-6	-6	-6	-6	-6	-6	-6	-6	-6	-6	-6	-6	-6	-6	-6	-6	-6	-6	-6	-6	-6	-6	-6	-6	-6	-6	-6	-6	-6	-6	-6	-6	-6	-6	-6	-6	-6	-6	-6	-6	-6	-6	-6	-6	-6	-6	-6	-6	-6	-6	-6	-6	-6	-6	-6	-6	-6	-6	-6	-6	-6	-6	-6	-6	-6	-6	-6	-6	-6	-6	-6	-6	-6	-6	-6	-6	-6	-6	-6	-6	-6	-6	-6	-6	-6	-6	-6	-6	-6	-6	-6	-6	-6	-6	-6	-6	-6	-6	-6	-6	-6	-6	-6	-6	-6	-6	-6	-6	-6	-6	-6	-6	-6	-6	-6	-6	-6	-6	-6	-6	-6	-6	-6	-6	-6	-6	-6	-6	-6	-6	-6	-6	-6	-6	-6	-6	-6	-6	-6	-6	-6	-6	-6	-6	-6	-6	-6	-6	-6	-6	-6	-6	-6	-6	-6	-6	-6	-6	-6	-6	-6	-6	-6	-6	-6	-6	-6	-6	-6	-6	-6	-6	-6	-6	-6	-6	-6	-6	-6	-6	-6	-6	-6	-6	-6	-6	-6	-6	-6	-6	-6	-6	-6	-6	-6	-6	-6	-6	-6	-6	-6	-6	-6	-6	-6	-6	-6	-6	-6	-6	-6	-6	-6	-6	-6	-6	-6	-6	-6	-6	-6	-6	-6	-6	-6	-6	-6	-6	-6	-6	-6	-6	-6	-6	-6	-6	-6	-6	-6	-6	-6	-6	-6	-6	-6	-6	-6	-6	-6	-6	-6	-6	-6	-6	-6	-6	-6	-6	-6	-6	-6	-6	-6	-6	-6	-6	-6	-6	-6	-6	-6	-6	-6	-6	-6	-6	-6	-6	-6	-6	-6	-6	-6	-6	-6	-6	-6	-6	-6	-6	-6	-6	-6	-6	-6	-6	-6	-6	-6	-6	-6	-6	-6	-6	-6	-6	-6	-6	-6	-6	-6	-6	-6	-6	-6	-6	-6	-6	-6	-6	-6	-6	-6	-6	-6	-6	-6	-6	-6	-6	-6	-6	-6	-6	-6	-6	-6	-6	-6	-6	-6	-6	-6	-6	-6	-6	-6	-6	-6	-6	-6	-6	-6	-6	-6	-6	-6	-6	-6	-6	-6	-6	-6	-6	-6	-6	-6	-6	-6	-6	-6	-6	-6	-6	-6	-6	-6	-6	-6	-6	-6	-6	-6	-6	-6	-6	-6	-6	-6	-6	-6	-6	-6	-6	-6	-6	-6	-6	-6	-6	-6	-6	-6	-6	-6	-6	-6	-6	-6	-6	-6	-6	-6	-6	-6	-6	-6	-6	-6	-6	-6	-6	-6	-6	-6	-6	-6	-6	-6	-6	-6	-6	-6	-6	-6	-6	-6	-6	-6	-6	-6	-6	-6	-6	-6	-6	-6	-6	-6	-6	-6	-6	-6	-6	-6	-6	-6	-6	-6	-6	-6	-6	-6	-6	-6	-6	-6	-6	-6	-6	-6	-6	-6	-6	-6	-6	-6	-6	-6	-6	-6	-6	-6	-6	-6	-6	-6	-6	-6	-6	-6	-6	-6	-6	-6	-6	-6	-6	-6	-6	-6	-6	-6	-6	-6	-6	-6	-6	-6	-6	-6	-6	-6	-6	-6	-6	-6	-6	-6	-6	-6	-6	-6	-6	-6	-6	-6	-6	-6	-6	-6	-6	-6	-6	-6	-6	-6	-6	-6	-6	-6	-6	-6	-6	-6	-6	-6	-6	-6	-6	-6	-6	-6	-6	-6	-6	-6	-6	-6	-6	-6	-6	-6	-6	-6	-6	-6.5	-6.5	-6.5	-6.5	-6.5	-6.5	-6.5	-6.5	-6.5	-6.5	-6.5	-6.5	-6.5	-6.5	-6.5	-6.5	-6.5	-6.5	-6.5	-6.5	-6.5	-6.5	-6.5	-6.5	-6.5	-6.5	-6.5	-6.5	-6.5	-6.5	-6.5	-6.5	-6.5	-6.5	-6.5	-6.5	-6.5	-6.5	-6.5	-6.5	-6.5	-6.5	-6.5	-6.5	-6.5	-6.5	-6.5	-6.5	-6.5	-6.5	-6.5	-6.5	-6.5	-6.5	-6.5	-6.5	-6.5	-6.5	-6.5	-6.5	-6.5	-6.5	-6.5	-6.5	-6.5	-6.5	-6.5	-6.5	-6.5	-6.5	-6.5	-6.5	-6.5	-6.5	-6.5	-6.5	-6.5	-6.5	-6.5	-6.5	-6.5	-6.5	-6.5	-6.5	-6.5	-6.5	-6.5	-6.5	-6.5	-6.5	-6.5	-6.5	-6.5	-6.5	-6.5	-6.5	-6.5	-6.5	-6.5	-6.5	-6.5	-6.5	-6.5	-6.5	-6.5	-6.5	-6.5	-6.5	-6.5	-6.5	-6.5	-6.5	-6.5	-6.5	-6.5	-6.5	-6.5	-6.5	-6.5	-6.5	-6.5	-6.5	-6.5	-6.5	-6.5	-6.5	-6.5	-6.5	-6.5	-6.5	-6.5	-6.5	-6.5	-6.5	-6.5	-6.5	-6.5	-6.5	-6.5	-6.5	-6.5	-6.5	-6.5	-6.5	-6.5	-6.5	-6.5	-6.5	-6.5	-6.5	-6.5	-6.5	-6.5	-6.5	-6.5	-6.5	-6.5	-6.5	-6.5	-6.5	-6.5	-6.5	-6.5	-6.5	-6.5	-6.5	-6.5	-6.5	-6.5	-6.5	-6.5	-6.5	-6.5	-6.5	-6.5	-6.5	-6.5	-6.5	-6.5	-6.5	-6.5	-6.5	-6.5	-6.5	-6.5	-6.5	-6.5	-6.5	-6.5	-6.5	-6.5	-6.5	-6.5	-6.5	-6.5	-6.5	-6.5	-6.5	-6.5	-6.5	-6.5	-6.5	-6.5	-6.5	-6.5	-6.5	-6.5	-6.5	-6.5	-6.5	-6.5	-6.5	-6.5	-6.5	-6.5	-6.5	-6.5	-6.5	-6.5	-6.5	-6.5	-6.5	-6.5	-6.5	-6.5	-6.5	-6.5	-6.5	-6.5	-6.5	-6.5	-6.5	-6.5	-6.5	-6.5	-6.5	-6.5	-6.5	-6.5	-6.5	-6.5	-6.5	-6.5	-6.5	-6.5	-6.5	-6.5	-6.5	-6.5	-6.5	-6.5	-6.5	-6.5	-6.5	-6.5	-6.5	-6.5	-6.5	-6.5	-6.5	-6.5	-6.5	-6.5	-6.5	-6.5	-6.5	-6.5	-6.5	-6.5	-6.5	-6.5	-6.5	-6.5	-6.5	-6.5	-6.5	-6.5	-6.5	-6.5	-6.5	-6.5	-6.5	-6.5	-6.5	-6.5	-6.5	-6.5	-6.5	-6.5	-6.5	-6.5	-6.5	-6.5	-6.5	-6.5	-6.5	-6.5	-6.5	-6.5	-6.5	-6.5	-6.5	-6.5	-6.5	-6.5	-6.5	-6.5	-6.5	-6.5	-6.5	-6.5	-6.5	-6.5	-6.5	-6.5	-6.5	-6.5	-6.5	-6.5	-6.5	-6.5	-6.5	-6.5	-6.5	-6.5	-6.5	-6.5	-6.5	-6.5	-6.5	-6.5	-6.5	-6.5	-6.5	-6.5	-6.5	-6.5	-6.5	-6.5	-6.5	-6.5	-6.5	-6.5	-6.5	-6.5	-6.5	-6.5	-6.5	-6.5	-6.5	-6.5	-6.5	-6.5	-6.5	-6.5	-6.5	-6.5	-6.5	-6.5	-6.5	-6.5	-6.5	-6.5	-6.5	-6.5	-6.5	-6.5	-6.5	-6.5	-6.5	-6.5	-6.5	-6.5	-6.5	-6.5	-6.5	-6.5	-6.5	-6.5	-6.5	-6.5	-6.5	-6.5	-6.5	-6.5	-6.5	-6.5	-6.5	-6.5	-6.5	-6.5	-6.5	-6.5	-6.5	-6.5	-6.5	-6.5	-6.5	-6.5	-6.5	-6.5	-6.5	-6.5	-6.5	-6.5	-6.5	-6.5	-6.5	-6.5	-6.5	-6.5	-6.5	-6.5	-6.5	-6.5	-6.5	-6.5	-6.5	-6.5	-6.5	-6.5	-6.5	-6.5	-6.5	-6.5	-6.5	-6.5	-6.5	-6.5	-6.5	-6.5	-6.5	-6.5	-6.5	-6.5	-6.5	-6.5	-6.5	-6.5	-6.5	-6.5	-6.5	-6.5	-6.5	-6.5	-6.5	-6.5	-6.5	-6.5	-6.5	-6.5	-6.5	-6.5	-6.5	-6.5	-6.5	-6.5	-6.5	-6.5	-6.5	-6.5	-6.5	-6.5	-6.5	-6.5	-6.5	-6.5	-6.5	-6.5	-6.5	-6.5	-6.5	-6.5	-6.5	-6.5	-6.5	-6.5	-6.5	-6.5	-6.5	-6.5	-6.5	-6.5	-6.5	-6.5	-6.5	-6.5	-6.5	-6.5	-6.5	-6.5	-6.5	-6.5	-6.5	-6.5	-6.5	-6.5	-6.5	-6.5	-6.5	-6.5	-6.5	-6.5	-6.5	-6.5	-6.5	-6.5	-6.5	-6.5	-6.5	-6.5	-6.5	-6.5	-6.5	-6.5	-6.5	-6.5	-6.5	-6.5	-6.5	-6.5	-6.5	-6.5	-6.5	-6.5	-6.5	-6.5	-6.5	-6.5	-6.5	-6.5	-6.5	-6.5	-6.5	-6.5	-6.5	-6.5	-6.5	-6.5	-6.5	-6.5	-6.5	-6.5	-6.5	-6.5	-6.5	-6.5	-6.5	-6.5	-6.5	-6.5	-6.5	-6.5	-6.5	-6.5	-6.5	-6.5	-6.5	-6.5	-6.5	-6.5	-6.5	-6.5	-6.5	-6.5	-6.5	-6.5	-6.5	-6.5	-6.5	-6.5	-6.5	-6.5	-6.5	-6.5	-6.5	-6.5	-6.5	-6.5	-6.5	-6.5	-6.5	-6.5	-6.5	-6.5	-6.5	-6.5	-6.5	-6.5	-6.5	-6.5	-6.5	-6.5	-6.5	-6.5	-6.5	-6.5	-6.5	-6.5	-6.5	-6.5	-6.5	-6.5	-6.5	-6.5	-6.5	-6.5	-6.5	-6.5	-6.5	-6.5	-6.5	-6.5	-6.5	-6.5	-6.5	-6.5	-6.5	-6.5	-6.5	-6.5	-6.5	-6.5	-6.5	-6.5	-6.5	-6.5	-6.5	-6.5	-6.5	-6.5	-6.5	-6.5	-6.5	-6.5	-6.5	-6.5	-6.5	-6.5	-6.5	-6.5	-6.5	-6.5	-6.5	-6.5	-6.5	-6.5	-6.5	-6.5	-6.5	-6.5	-6.5	-6.5	-6.5	-6.5	-6.5	-6.5	-6.5	-6.5	-6.5	-6.5	-6.5	-6.5	-6.5	-6.5	-6.5	-6.5	-6.5	-6.5	-6.5	-6.5	-6.5	-6.5	-6.5	-6.5	-6.5	-6.5	-6.5	-6.5	-6.5	-6.5	-6.5	-6.5	-6.5	-6.5	-6.5	-6.5	-6.5	-6.5	-6.5	-6.5	-6.5	-6.5	-6.5	-6.5	-6.5	-6.5	-6.5	-6.5	-6.5	-6.5	-6.5	-6.5	-6.5	-6.5	-6.5	-6.5	-6.5	-6.5	-6.5	-6.5	-6.5	-6.5	-6.5	-6.5	-6.5	-6.5	-6.5	-6.5	-6.5	-6.5	-6.5	-6.5	-6.5	-6.5	-6.5	-6.5	-6.5	-6.5	-6.5	-6.5	-6.5	-6.5	-6.5	-6.5	-6.5	-6.5	-6.5	-6.5	-6.5	-6.5	-6.5	-6.5	-6.5	-6.5	-6.5	-6.5	-6.5	-6.5	-6.5	-6.5	-6.5	-6.5	-6.5	-6.5	-6.5	-6.5	-6.5	-6.5	-6.5	-6.5	-6.5	-6.5	-6.5	-6.5	-6.5	-6.5	-6.5	-6.5	-6.5	-6.5	-6.5	-6.5	-6.5	-6.5	-6.5	-6.5	-6.5	-6.5	-6.5	-6.5	-6.5	-6.5	-6.5	-6.5	-6.5	-6.5	-6.5	-6.5	-6.5	-6.5	-6.5	-6.5	-6.5	-6.5	-6.5	-6.5	-6.5	-6.5	-6.5	-6.5	-6.5	-6.5	-6.5	-6.5	-6.5	-6.5	-6.5	-6.5	-6.5	-6.5	-6.5	-6.5	-6.5	-6.5	-6.5	-6.5	-6.5	-6.5	-6.5	-6.5	-6.5	-6.5	-6.5	-6.5	-6.5	-6.5	-6.5	-6.5	-6.5	-6.5	-6.5	-6.5	-6.5	-6.5	-6.5	-6.5	-6.5	-6.5	-6.5	-6.5	-6.5	-6.5	-6.5	-6.5	-6.5	-6.5	-6.5	-6.5	-6.5	-6.5	-6.5	-6.5	-6.5	-6.5	-6.5	-6.5	-6.5	-6.5	-6.5	-6.5	-6.5	-6.5	-6.5	-6.5	-6.5	-6.5	-6.5	-6.5	-6.5	-6.5	-6.5	-6.5	-6.5	-6.5	-6.5	-6.5	-6.5	-6.5	-6.5	-6.5	-6.5	-6.5	-6.5	-6.5	-6.5	-6.5	-6.5	-6.5	-6.5	-6.5	-6.5	-6.5	-6.5	-6.5	-6.5	-6.5	-6.5	-6.5	-6.5	-6.5	-6.5	-6.5	-6.5	-6.5	-6.5	-6.5	-6.5	-6.5	-6.5	-6.5	-6.5	-6.5	-6.5	-6.5	-9.33333	-9.33333	-9.33333	-9.33333	-9.33333	-9.33333	-9.33333	-9.33333	-9.33333	-9.33333	-9.33333	-9.33333	-9.33333	-9.33333	-9.33333	-9.33333	-9.33333	-9.33333	-9.33333	-9.33333	-9.33333	-9.33333	-9.33333	-9.33333	-9.33333	-9.33333	-9.33333	-9.33333	-9.33333	-9.33333	-9.33333	-9.33333	-9.33333	-9.33333	-9.33333	-9.33333	-9.33333	-9.33333	-9.33333	-9.33333	-9.33333	-9.33333	-9.33333	-9.33333	-9.33333	-9.33333	-9.33333	-9.33333	-9.33333	-9.33333	-9.33333	-9.33333	-9.33333	-9.33333	-9.33333	-9.33333	-9.33333	-9.33333	-9.33333	-9.33333	-9.33333	-9.33333	-9.33333	-9.33333	-9.33333	-9.33333	-9.33333	-9.33333	-9.33333	-9.33333	-9.33333	-9.33333	-9.33333	-9.33333	-9.33333	-9.33333	-9.33333	-9.33333	-9.33333	-9.33333	-9.33333	-9.33333	-9.33333	-9.33333	-9.33333	-9.33333	-9.33333	-9.33333	-9.33333	-9.33333	-9.33333	-9.33333	-9.33333	-9.33333	-9.33333	-9.33333	-9.33333	-9.33333	-9.33333	-9.33333	-9.33333	-9.33333	-9.33333	-9.33333	-9.33333	-9.33333	-9.33333	-9.33333	-9.33333	-9.33333	-9.33333	-9.33333	-9.33333	-9.33333	-9.33333	-9.33333	-9.33333	-9.33333	-9.33333	-9.33333	-9.33333	-9.33333	-9.33333	-9.33333	-9.33333	-9.33333	-9.33333	-9.33333	-9.33333	-9.33333	-9.33333	-9.33333	-9.33333	-9.33333	-9.33333	-9.33333	-9.33333	-9.33333	-9.33333	-9.33333	-9.33333	-9.33333	-9.33333	-9.33333	-9.33333	-9.33333	-9.33333	-9.33333	-9.33333	-9.33333	-9.33333	-9.33333	-9.33333	-9.33333	-9.33333	-9.33333	-9.33333	-9.33333	-9.33333	-9.33333	-9.33333	-9.33333	-9.33333	-9.33333	-9.33333	-9.33333	-9.33333	-9.33333	-9.33333	-9.33333	-9.33333	-9.33333	-9.33333	-9.33333	-9.33333	-9.33333	-9.33333	-9.33333	-9.33333	-9.33333	-9.33333	-9.33333	-9.33333	-9.33333	-9.33333	-9.33333	-9.33333	-9.33333	-9.33333	-9.33333	-9.33333	-9.33333	-9.33333	-9.33333	-9.33333	-9.33333	-9.33333	-9.33333	-9.33333	-9.33333	-9.33333	-9.33333	-9.33333	-9.33333	-9.33333	-9.33333	-9.33333	-9.33333	-9.33333	-9.33333	-9.33333	-9.33333	-9.33333	-9.33333	-9.33333	-9.33333	-9.33333	-9.33333	-9.33333	-9.33333	-9.33333	-9.33333	-9.33333	-9.33333	-9.33333	-9.33333	-9.33333	-9.33333	-9.33333	-9.33333	-9.33333	-9.33333	-9.33333	-9.33333	-9.33333	-9.33333	-9.33333	-9.33333	-9.33333	-9.33333	-9.33333	-9.33333	-9.33333	-9.33333	-9.33333	-9.33333	-9.33333	-9.33333	-9.33333	-9.33333	-9.33333	-9.33333	-9.33333	-9.33333	-9.33333	-9.33333	-9.33333	-9.33333	-9.33333	-9.33333	-9.33333	-9.33333	-9.33333	-9.33333	-9.33333	-9.33333	-9.33333	-9.33333	-9.33333	-9.33333	-9.33333	-9.33333	-9.33333	-9.33333	-9.33333	-9.33333	-9.33333	-9.33333	-9.33333	-9.33333	-9.33333	-9.33333	-9.33333	-9.33333	-9.33333	-9.33333	-9.33333	-9.33333	-9.33333	-9.33333	-9.33333	-9.33333	-9.33333	-9.33333	-9.33333	-9.33333	-9.33333	-9.33333	-9.33333	-9.33333	-9.33333	-9.33333	-9.33333	-9.33333	-9.33333	-9.33333	-9.33333	-9.33333	-9.33333	-9.33333	-9.33333	-9.33333	-9.33333	-9.33333	-9.33333	-9.33333	-9.33333	-9.33333	-9.33333	-9.33333	-9.33333	-9.33333	-9.33333	-9.33333	-9.33333	-9.33333	-9.33333	-9.33333	-9.33333	-9.33333	-9.33333	-9.33333	-9.33333	-9.33333	-9.33333	-9.33333	-9.33333	-9.33333	-9.33333	-9.33333	-9.33333	-9.33333	-9.33333	-9.33333	-9.33333	-9.33333	-9.33333	-9.33333	-9.33333	-9.33333	-9.33333	-9.33333	-9.33333	-9.33333	-9.33333	-9.33333	-9.33333	-9.33333	-9.33333	-9.33333	-9.33333	-9.33333	-9.33333	-9.33333	-9.33333	-9.33333	-9.33333	-9.33333	-9.33333	-9.33333	-9.33333	-9.33333	-9.33333	-9.33333	-9.33333	-9.33333	-9.33333	-9.33333	-9.33333	-9.33333	-9.33333	-9.33333	-9.33333	-9.33333	-9.33333	-9.33333	-9.33333	-9.33333	-9.33333	-9.33333	-9.33333	-9.33333	-9.33333	-9.33333	-9.33333	-9.33333	-9.33333	-9.33333	-9.33333	-9.33333	-9.33333	-9.33333	-9.33333	-9.33333	-9.33333	-9.33333	-9.33333	-9.33333	-9.33333	-9.33333	-9.33333	-9.33333	-9.33333	-9.33333	-9.33333	-9.33333	-9.33333	-9.33333	-9.33333	-9.33333	-9.33333	-9.33333	-9.33333	-9.33333	-9.33333	-9.33333	-9.33333	-9.33333	-9.33333	-9.33333	-9.33333	-9.33333	-9.33333	-9.33333	-9.33333	-9.33333	-9.33333	-9.33333	-9.33333	-9.33333	-9.33333	-9.33333	-9.33333	-9.33333	-9.33333	-9.33333	-9.33333	-9.33333	-9.33333	-9.33333	-9.33333	-9.33333	-9.33333	-9.33333	-9.33333	-9.33333	-9.33333	-9.33333	-9.33333	-9.33333	-9.33333	-9.33333	-9.33333	-9.33333	-9.33333	-9.33333	-9.33333	-9.33333	-9.33333	-9.33333	-9.33333	-9.33333	-9.33333	-9.33333	-9.33333	-9.33333	-9.33333	-9.33333	-9.33333	-9.33333	-9.33333	-9.33333	-9.33333	-9.33333	-9.33333	-9.33333	-9.33333	-9.33333	-9.33333	-9.33333	-9.33333	-9.33333	-9.33333	-9.33333	-9.33333	-9.33333	-9.33333	-9.33333	-9.33333	-9.33333	-9.33333	-9.33333	-9.33333	-9.33333	-9.33333	-9.33333	-9.33333	-9.33333	-9.33333	-9.33333	-9.33333	-9.33333	-9.33333	-9.33333	-9.33333	-9.33333	-9.33333	-9.33333	-9.33333	-9.33333	-9.33333	-9.33333	-9.33333	-9.33333	-9.33333	-9.33333	-9.33333	-9.33333	-9.33333	-9.33333	-9.33333	-9.33333	-9.33333	-9.33333	-9.33333	-9.33333	-9.33333	-9.33333	-9.33333	-9.33333	-9.33333	-9.33333	-9.33333	-9.33333	-9.33333	-9.33333	-9.33333	-9.33333	-9.33333	-9.33333	-9.33333	-9.33333	-9.33333	-9.33333	-9.33333	-9.33333	-9.33333	-9.33333	-9.33333	-9.33333	-9.33333	-9.33333	-9.33333	-9.33333	-9.33333	-9.33333	-9.33333	-9.33333	-9.33333	-9.33333	-9.33333	-9.33333	-9.33333	-9.33333	-9.33333	-9.33333	-9.33333	-9.33333	-9.33333	-9.33333	-9.33333	-9.33333	-9.33333	-9.33333	-9.33333	-9.33333	-9.33333	-9.33333	-9.33333	-9.33333	-9.33333	-9.33333	-9.33333	-9.33333	-9.33333	-9.33333	-9.33333	-9.33333	-9.33333	-9.33333	-9.33333	-9.33333	-9.33333	-9.33333	-9.33333	-9.33333	-9.33333	-9.33333	-9.33333	-9.33333	-9.33333	-9.33333	-9.33333	-9.33333	-9.33333	-9.33333	-9.33333	-9.33333	-9.33333	-9.33333	-9.33333	-9.33333	-9.33333	-9.33333	-9.33333	-9.33333	-9.33333	-9.33333	-9.33333	-9.33333	-9.33333	-9.33333	-9.33333	-9.33333	-9.33333	-9.33333	-9.33333	-9.33333	-9.33333	-9.33333	-9.33333	-9.33333	-9.33333	-9.33333	-9.33333	-9.33333	-9.33333	-9.33333	-9.33333	-9.33333	-9.33333	-9.33333	-9.33333	-9.33333	-9.33333	-9.33333	-9.33333	-9.33333	-9.33333	-9.33333	-9.33333	-9.33333	-9.33333	-9.33333	-9.33333	-9.33333	-9.33333	-9.33333	-9.33333	-9.33333	-9.33333	-9.33333	-9.33333	-9.33333	-9.33333	-9.33333	-9.33333	-9.33333	-9.33333	-9.33333	-9.33333	-9.33333	-9.33333	-9.33333	-9.33333	-9.33333	-9.33333	-9.33333	-9.33333	-9.33333	-9.33333	-9.33333	-9.33333	-9.33333	-9.33333	-9.33333	-9.33333	-9.33333	-9.33333	-9.33333	-9.33333	-9.33333	-9.33333	-9.33333	-9.33333	-9.33333	-9.33333	-9.33333	-9.33333	-9.33333	-9.33333	-9.33333	-9.33333	-9.33333	-9.33333	-9.33333	-9.33333	-9.33333	-9.33333	-9.33333	-9.33333	-9.33333	-9.33333	-9.33333	-9.33333	-9.33333	-9.33333	-9.33333	-9.33333	-9.33333	-9.33333	-9.33333	-9.33333	-9.33333	-9.33333	-9.33333	-9.33333	-9.33333	-9.33333	-9.33333	-9.33333	-9.33333	-9.33333	-9.33333	-9.33333	-9.33333	-9.33333	-9.33333	-9.33333	-9.33333	-9.33333	-9.33333	-9.33333	-9.33333	-9.33333	-9.33333	-9.33333	-9.33333	-9.33333	-9.33333	-9.33333	-9.33333	-9.33333	-9.33333	-9.33333	-9.33333	-9.33333	-9.33333	-9.33333	-9.33333	-9.33333	-9.33333	-9.33333	-9.33333	-9.33333	-9.33333	-9.33333	-9.33333	-9.33333	-9.33333	-9.33333	-9.33333	-9.33333	-9.33333	-9.33333	-9.33333	-9.33333	-9.33333	-9.33333	-9.33333	-9.33333	-9.33333	-9.33333	-9.33333	-9.33333	-9.33333	-9.33333	-9.33333	-9.33333	-9.33333	-9.33333	-9.33333	-9.33333	-9.33333	-9.33333	-9.33333	-9.33333	-9.33333	-9.33333	-9.33333	-9.33333	-9.33333	-9.33333	-9.33333	-9.33333	-9.33333	-9.33333	-9.33333	-9.33333	-9.33333	-9.33333	-9.33333	-9.33333	-9.33333	-9.33333	-9.33333	-9.33333	-9.33333	-9.33333	-9.33333	-9.33333	-9.33333	-9.33333	-9.33333	-9.33333	-9.33333	-9.33333	-9.33333	-9.33333	-9.33333	-9.33333	-9.33333	-9.33333	-9.33333	-9.33333	-9.33333	-9.33333	-9.33333	-9.33333	-9.33333	-9.33333	-9.33333	-9.33333	-9.33333	-9.33333	-9.33333	-9.33333	-9.33333	-9.33333	-9.33333	-9.33333	-9.33333	-9.33333	-9.33333	-9.33333	-9.33333	-9.33333	-9.33333	-9.33333	-9.33333	-9.33333	-9.33333	-9.33333	-9.33333	-9.33333	-9.33333	-9.33333	-9.33333	-9.33333	-9.33333	-9.33333	-9.33333	-9.33333	-9.33333	-9.33333	-9.33333	-9.33333	-9.33333	-9.33333	-9.33333	-9.33333	-9.33333	-9.33333	-9.33333	-9.33333	-9.33333	-9.33333	-9.33333	-9.33333	-9.33333	-9.33333	-9.33333	-9.33333	-9.33333	-9.33333	-9.33333	-9.33333	-9.33333	-9.33333	-9.33333	-9.33333	-9.33333	-9.33333	-9.33333	-9.33333	-12.1667	-12.1667	-12.1667	-12.1667	-12.1667	-12.1667	-12.1667	-12.1667	-12.1667	-12.1667	-12.1667	-12.1667	-12.1667	-12.1667	-12.1667	-12.1667	-12.1667	-12.1667	-12.1667	-12.1667	-12.1667	-12.1667	-12.1667	-12.1667	-12.1667	-12.1667	-12.1667	-12.1667	-12.1667	-12.1667	-12.1667	-12.1667	-12.1667	-12.1667	-12.1667	-12.1667	-12.1667	-12.1667	-12.1667	-12.1667	-12.1667	-12.1667	-12.1667	-12.1667	-12.1667	-12.1667	-12.1667	-12.1667	-12.1667	-12.1667	-12.1667	-12.1667	-12.1667	-12.1667	-12.1667	-12.1667	-12.1667	-12.1667	-12.1667	-12.1667	-12.1667	-12.1667	-12.1667	-12.1667	-12.1667	-12.1667	-12.1667	-12.1667	-12.1667	-12.1667	-12.1667	-12.1667	-12.1667	-12.1667	-12.1667	-12.1667	-12.1667	-12.1667	-12.1667	-12.1667	-12.1667	-12.1667	-12.1667	-12.1667	-12.1667	-12.1667	-12.1667	-12.1667	-12.1667	-12.1667	-12.1667	-12.1667	-12.1667	-12.1667	-12.1667	-12.1667	-12.1667	-12.1667	-12.1667	-12.1667	-12.1667	-12.1667	-12.1667	-12.1667	-12.1667	-12.1667	-12.1667	-12.1667	-12.1667	-12.1667	-12.1667	-12.1667	-12.1667	-12.1667	-12.1667	-12.1667	-12.1667	-12.1667	-12.1667	-12.1667	-12.1667	-12.1667	-12.1667	-12.1667	-12.1667	-12.1667	-12.1667	-12.1667	-12.1667	-12.1667	-12.1667	-12.1667	-12.1667	-12.1667	-12.1667	-12.1667	-12.1667	-12.1667	-12.1667	-12.1667	-12.1667	-12.1667	-12.1667	-12.1667	-12.1667	-12.1667	-12.1667	-12.1667	-12.1667	-12.1667	-12.1667	-12.1667	-12.1667	-12.1667	-12.1667	-12.1667	-12.1667	-12.1667	-12.1667	-12.1667	-12.1667	-12.1667	-12.1667	-12.1667	-12.1667	-12.1667	-12.1667	-12.1667	-12.1667	-12.1667	-12.1667	-12.1667	-12.1667	-12.1667	-12.1667	-12.1667	-12.1667	-12.1667	-12.1667	-12.1667	-12.1667	-12.1667	-12.1667	-12.1667	-12.1667	-12.1667	-12.1667	-12.1667	-12.1667	-12.1667	-12.1667	-12.1667	-12.1667	-12.1667	-12.1667	-12.1667	-12.1667	-12.1667	-12.1667	-12.1667	-12.1667	-12.1667	-12.1667	-12.1667	-12.1667	-12.1667	-12.1667	-12.1667	-12.1667	-12.1667	-12.1667	-12.1667	-12.1667	-12.1667	-12.1667	-12.1667	-12.1667	-12.1667	-12.1667	-12.1667	-12.1667	-12.1667	-12.1667	-12.1667	-12.1667	-12.1667	-12.1667	-12.1667	-12.1667	-12.1667	-12.1667	-12.1667	-12.1667	-12.1667	-12.1667	-12.1667	-12.1667	-12.1667	-12.1667	-12.1667	-12.1667	-12.1667	-12.1667	-12.1667	-12.1667	-12.1667	-12.1667	-12.1667	-12.1667	-12.1667	-12.1667	-12.1667	-12.1667	-12.1667	-12.1667	-12.1667	-12.1667	-12.1667	-12.1667	-12.1667	-12.1667	-12.1667	-12.1667	-12.1667	-12.1667	-12.1667	-12.1667	-12.1667	-12.1667	-12.1667	-12.1667	-12.1667	-12.1667	-12.1667	-12.1667	-12.1667	-12.1667	-12.1667	-12.1667	-12.1667	-12.1667	-12.1667	-12.1667	-12.1667	-12.1667	-12.1667	-12.1667	-12.1667	-12.1667	-12.1667	-12.1667	-12.1667	-12.1667	-12.1667	-12.1667	-12.1667	-12.1667	-12.1667	-12.1667	-12.1667	-12.1667	-12.1667	-12.1667	-12.1667	-12.1667	-12.1667	-12.1667	-12.1667	-12.1667	-12.1667	-12.1667	-12.1667	-12.1667	-12.1667	-12.1667	-12.1667	-12.1667	-12.1667	-12.1667	-12.1667	-12.1667	-12.1667	-12.1667	-12.1667	-12.1667	-12.1667	-12.1667	-12.1667	-12.1667	-12.1667	-12.1667	-12.1667	-12.1667	-12.1667	-12.1667	-12.1667	-12.1667	-12.1667	-12.1667	-12.1667	-12.1667	-12.1667	-12.1667	-12.1667	-12.1667	-12.1667	-12.1667	-12.1667	-12.1667	-12.1667	-12.1667	-12.1667	-12.1667	-12.1667	-12.1667	-12.1667	-12.1667	-12.1667	-12.1667	-12.1667	-12.1667	-12.1667	-12.1667	-12.1667	-12.1667	-12.1667	-12.1667	-12.1667	-12.1667	-12.1667	-12.1667	-12.1667	-12.1667	-12.1667	-12.1667	-12.1667	-12.1667	-12.1667	-12.1667	-12.1667	-12.1667	-12.1667	-12.1667	-12.1667	-12.1667	-12.1667	-12.1667	-12.1667	-12.1667	-12.1667	-12.1667	-12.1667	-12.1667	-12.1667	-12.1667	-12.1667	-12.1667	-12.1667	-12.1667	-12.1667	-12.1667	-12.1667	-12.1667	-12.1667	-12.1667	-12.1667	-12.1667	-12.1667	-12.1667	-12.1667	-12.1667	-12.1667	-12.1667	-12.1667	-12.1667	-12.1667	-12.1667	-12.1667	-12.1667	-12.1667	-12.1667	-12.1667	-12.1667	-12.1667	-12.1667	-12.1667	-12.1667	-12.1667	-12.1667	-12.1667	-12.1667	-12.1667	-12.1667	-12.1667	-12.1667	-12.1667	-12.1667	-12.1667	-12.1667	-12.1667	-12.1667	-12.1667	-12.1667	-12.1667	-12.1667	-12.1667	-12.1667	-12.1667	-12.1667	-12.1667	-12.1667	-12.1667	-12.1667	-12.1667	-12.1667	-12.1667	-12.1667	-12.1667	-12.1667	-12.1667	-12.1667	-12.1667	-12.1667	-12.1667	-12.1667	-12.1667	-12.1667	-12.1667	-12.1667	-12.1667	-12.1667	-12.1667	-12.1667	-12.1667	-12.1667	-12.1667	-12.1667	-12.1667	-12.1667	-12.1667	-12.1667	-12.1667	-12.1667	-12.1667	-12.1667	-12.1667	-12.1667	-12.1667	-12.1667	-12.1667	-12.1667	-12.1667	-12.1667	-12.1667	-12.1667	-12.1667	-12.1667	-12.1667	-12.1667	-12.1667	-12.1667	-12.1667	-12.1667	-12.1667	-12.1667	-12.1667	-12.1667	-12.1667	-12.1667	-12.1667	-12.1667	-12.1667	-12.1667	-12.1667	-12.1667	-12.1667	-12.1667	-12.1667	-12.1667	-12.1667	-12.1667	-12.1667	-12.1667	-12.1667	-12.1667	-12.1667	-12.1667	-12.1667	-12.1667	-12.1667	-12.1667	-12.1667	-12.1667	-12.1667	-12.1667	-12.1667	-12.1667	-12.1667	-12.1667	-12.1667	-12.1667	-12.1667	-12.1667	-12.1667	-12.1667	-12.1667	-12.1667	-12.1667	-12.1667	-12.1667	-12.1667	-12.1667	-12.1667	-12.1667	-12.1667	-12.1667	-12.1667	-12.1667	-12.1667	-12.1667	-12.1667	-12.1667	-12.1667	-12.1667	-12.1667	-12.1667	-12.1667	-12.1667	-12.1667	-12.1667	-12.1667	-12.1667	-12.1667	-12.1667	-12.1667	-12.1667	-12.1667	-12.1667	-12.1667	-12.1667	-12.1667	-12.1667	-12.1667	-12.1667	-12.1667	-12.1667	-12.1667	-12.1667	-12.1667	-12.1667	-12.1667	-12.1667	-12.1667	-12.1667	-12.1667	-12.1667	-12.1667	-12.1667	-12.1667	-12.1667	-12.1667	-12.1667	-12.1667	-12.1667	-12.1667	-12.1667	-12.1667	-12.1667	-12.1667	-12.1667	-12.1667	-12.1667	-12.1667	-12.1667	-12.1667	-12.1667	-12.1667	-12.1667	-12.1667	-12.1667	-12.1667	-12.1667	-12.1667	-12.1667	-12.1667	-12.1667	-12.1667	-12.1667	-12.1667	-12.1667	-12.1667	-12.1667	-12.1667	-12.1667	-12.1667	-12.1667	-12.1667	-12.1667	-12.1667	-12.1667	-12.1667	-12.1667	-12.1667	-12.1667	-12.1667	-12.1667	-12.1667	-12.1667	-12.1667	-12.1667	-12.1667	-12.1667	-12.1667	-12.1667	-12.1667	-12.1667	-12.1667	-12.1667	-12.1667	-12.1667	-12.1667	-12.1667	-12.1667	-12.1667	-12.1667	-12.1667	-12.1667	-12.1667	-12.1667	-12.1667	-12.1667	-12.1667	-12.1667	-12.1667	-12.1667	-12.1667	-12.1667	-12.1667	-12.1667	-12.1667	-12.1667	-12.1667	-12.1667	-12.1667	-12.1667	-12.1667	-12.1667	-12.1667	-12.1667	-12.1667	-12.1667	-12.1667	-12.1667	-12.1667	-12.1667	-12.1667	-12.1667	-12.1667	-12.1667	-12.1667	-12.1667	-12.1667	-12.1667	-12.1667	-12.1667	-12.1667	-12.1667	-12.1667	-12.1667	-12.1667	-12.1667	-12.1667	-12.1667	-12.1667	-12.1667	-12.1667	-12.1667	-12.1667	-12.1667	-12.1667	-12.1667	-12.1667	-12.1667	-12.1667	-12.1667	-12.1667	-12.1667	-12.1667	-12.1667	-12.1667	-12.1667	-12.1667	-12.1667	-12.1667	-12.1667	-12.1667	-12.1667	-12.1667	-12.1667	-12.1667	-12.1667	-12.1667	-12.1667	-12.1667	-12.1667	-12.1667	-12.1667	-12.1667	-12.1667	-12.1667	-12.1667	-12.1667	-12.1667	-12.1667	-12.1667	-12.1667	-12.1667	-12.1667	-12.1667	-12.1667	-12.1667	-12.1667	-12.1667	-12.1667	-12.1667	-12.1667	-12.1667	-12.1667	-12.1667	-12.1667	-12.1667	-12.1667	-12.1667	-12.1667	-12.1667	-12.1667	-12.1667	-12.1667	-12.1667	-12.1667	-12.1667	-12.1667	-12.1667	-12.1667	-12.1667	-12.1667	-12.1667	-12.1667	-12.1667	-12.1667	-12.1667	-12.1667	-12.1667	-12.1667	-12.1667	-12.1667	-12.1667	-12.1667	-12.1667	-12.1667	-12.1667	-12.1667	-12.1667	-12.1667	-12.1667	-12.1667	-12.1667	-12.1667	-12.1667	-12.1667	-12.1667	-12.1667	-12.1667	-12.1667	-12.1667	-12.1667	-12.1667	-12.1667	-12.1667	-12.1667	-12.1667	-12.1667	-12.1667	-12.1667	-12.1667	-12.1667	-12.1667	-12.1667	-12.1667	-12.1667	-12.1667	-12.1667	-12.1667	-12.1667	-12.1667	-12.1667	-12.1667	-12.1667	-12.1667	-12.1667	-12.1667	-12.1667	-12.1667	-12.1667	-12.1667	-12.1667	-12.1667	-12.1667	-12.1667	-12.1667	-12.1667	-12.1667	-12.1667	-12.1667	-12.1667	-12.1667	-12.1667	-12.1667	-12.1667	-12.1667	-12.1667	-12.1667	-12.1667	-12.1667	-12.1667	-12.1667	-12.1667	-12.1667	-12.1667	-12.1667	-12.1667	-12.1667	-12.1667	-12.1667	-12.1667	-12.1667	-12.1667	-12.1667	-12.1667	-12.1667	-12.1667	-12.1667	-12.1667	-12.1667	-12.1667	-12.1667	-12.1667	-12.1667	-12.1667	-12.1667	-12.1667	-12.1667	-12.1667	-12.1667	-12.1667	-12.1667	-12.1667	-12.1667	-12.1667	-12.1667	-12.1667	-12.1667	-12.1667	-12.1667	-12.1667	-12.1667	-12.1667	-12.1667	-12.1667	-12.1667	-12.1667	-12.1667	-12.1667	-12.1667	-12.1667	</DataArray>
<DataArray type="Float32" Name="bottom" format="ascii">-6.5	-6.5	-6.5	-6.5	-6.5	-6.5	-6.5	-6.5	-6.5	-6.5	-6.5	-6.5	-6.5	-6.5	-6.5	-6.5	-6.5	-6.5	-6.5	-6.5	-6.5	-6.5	-6.5	-6.5	-6.5	-6.5	-6.5	-6.5	-6.5	-6.5	-6.5	-6.5	-6.5	-6.5	-6.5	-6.5	-6.5	-6.5	-6.5	-6.5	-6.5	-6.5	-6.5	-6.5	-6.5	-6.5	-6.5	-6.5	-6.5	-6.5	-6.5	-6.5	-6.5	-6.5	-6.5	-6.5	-6.5	-6.5	-6.5	-6.5	-6.5	-6.5	-6.5	-6.5	-6.5	-6.5	-6.5	-6.5	-6.5	-6.5	-6.5	-6.5	-6.5	-6.5	-6.5	-6.5	-6.5	-6.5	-6.5	-6.5	-6.5	-6.5	-6.5	-6.5	-6.5	-6.5	-6.5	-6.5	-6.5	-6.5	-6.5	-6.5	-6.5	-6.5	-6.5	-6.5	-6.5	-6.5	-6.5	-6.5	-6.5	-6.5	-6.5	-6.5	-6.5	-6.5	-6.5	-6.5	-6.5	-6.5	-6.5	-6.5	-6.5	-6.5	-6.5	-6.5	-6.5	-6.5	-6.5	-6.5	-6.5	-6.5	-6.5	-6.5	-6.5	-6.5	-6.5	-6.5	-6.5	-6.5	-6.5	-6.5	-6.5	-6.5	-6.5	-6.5	-6.5	-6.5	-6.5	-6.5	-6.5	-6.5	-6.5	-6.5	-6.5	-6.5	-6.5	-6.5	-6.5	-6.5	-6.5	-6.5	-6.5	-6.5	-6.5	-6.5	-6.5	-6.5	-6.5	-6.5	-6.5	-6.5	-6.5	-6.5	-6.5	-6.5	-6.5	-6.5	-6.5	-6.5	-6.5	-6.5	-6.5	-6.5	-6.5	-6.5	-6.5	-6.5	-6.5	-6.5	-6.5	-6.5	-6.5	-6.5	-6.5	-6.5	-6.5	-6.5	-6.5	-6.5	-6.5	-6.5	-6.5	-6.5	-6.5	-6.5	-6.5	-6.5	-6.5	-6.5	-6.5	-6.5	-6.5	-6.5	-6.5	-6.5	-6.5	-6.5	-6.5	-6.5	-6.5	-6.5	-6.5	-6.5	-6.5	-6.5	-6.5	-6.5	-6.5	-6.5	-6.5	-6.5	-6.5	-6.5	-6.5	-6.5	-6.5	-6.5	-6.5	-6.5	-6.5	-6.5	-6.5	-6.5	-6.5	-6.5	-6.5	-6.5	-6.5	-6.5	-6.5	-6.5	-6.5	-6.5	-6.5	-6.5	-6.5	-6.5	-6.5	-6.5	-6.5	-6.5	-6.5	-6.5	-6.5	-6.5	-6.5	-6.5	-6.5	-6.5	-6.5	-6.5	-6.5	-6.5	-6.5	-6.5	-6.5	-6.5	-6.5	-6.5	-6.5	-6.5	-6.5	-6.5	-6.5	-6.5	-6.5	-6.5	-6.5	-6.5	-6.5	-6.5	-6.5	-6.5	-6.5	-6.5	-6.5	-6.5	-6.5	-6.5	-6.5	-6.5	-6.5	-6.5	-6.5	-6.5	-6.5	-6.5	-6.5	-6.5	-6.5	-6.5	-6.5	-6.5	-6.5	-6.5	-6.5	-6.5	-6.5	-6.5	-6.5	-6.5	-6.5	-6.5	-6.5	-6.5	-6.5	-6.5	-6.5	-6.5	-6.5	-6.5	-6.5	-6.5	-6.5	-6.5	-6.5	-6.5	-6.5	-6.5	-6.5	-6.5	-6.5	-6.5	-6.5	-6.5	-6.5	-6.5	-6.5	-6.5	-6.5	-6.5	-6.5	-6.5	-6.5	-6.5	-6.5	-6.5	-6.5	-6.5	-6.5	-6.5	-6.5	-6.5	-6.5	-6.5	-6.5	-6.5	-6.5	-6.5	-6.5	-6.5	-6.5	-6.5	-6.5	-6.5	-6.5	-6.5	-6.5	-6.5	-6.5	-6.5	-6.5	-6.5	-6.5	-6.5	-6.5	-6.5	-6.5	-6.5	-6.5	-6.5	-6.5	-6.5	-6.5	-6.5	-6.5	-6.5	-6.5	-6.5	-6.5	-6.5	-6.5	-6.5	-6.5	-6.5	-6.5	-6.5	-6.5	-6.5	-6.5	-6.5	-6.5	-6.5	-6.5	-6.5	-6.5	-6.5	-6.5	-6.5	-6.5	-6.5	-6.5	-6.5	-6.5	-6.5	-6.5	-6.5	-6.5	-6.5	-6.5	-6.5	-6.5	-6.5	-6.5	-6.5	-6.5	-6.5	-6.5	-6.5	-6.5	-6.5	-6.5	-6.5	-6.5	-6.5	-6.5	-6.5	-6.5	-6.5	-6.5	-6.5	-6.5	-6.5	-6.5	-6.5	-6.5	-6.5	-6.5	-6.5	-6.5	-6.5	-6.5	-6.5	-6.5	-6.5	-6.5	-6.5	-6.5	-6.5	-6.5	-6.5	-6.5	-6.5	-6.5	-6.5	-6.5	-6.5	-6.5	-6.5	-6.5	-6.5	-6.5	-6.5	-6.5	-6.5	-6.5	-6.5	-6.5	-6.5	-6.5	-6.5	-6.5	-6.5	-6.5	-6.5	-6.5	-6.5	-6.5	-6.5	-6.5	-6.5	-6.5	-6.5	-6.5	-6.5	-6.5	-6.5	-6.5	-6.5	-6.5	-6.5	-6.5	-6.5	-6.5	-6.5	-6.5	-6.5	-6.5	-6.5	-6.5	-6.5	-6.5	-6.5	-6.5	-6.5	-6.5	-6.5	-6.5	-6.5	-6.5	-6.5	-6.5	-6.5	-6.5	-6.5	-6.5	-6.5	-6.5	-6.5	-6.5	-6.5	-6.5	-6.5	-6.5	-6.5	-6.5	-6.5	-6.5	-6.5	-6.5	-6.5	-6.5	-6.5	-6.5	-6.5	-6.5	-6.5	-6.5	-6.5	-6.5	-6.5	-6.5	-6.5	-6.5	-6.5	-6.5	-6.5	-6.5	-6.5	-6.5	-6.5	-6.5	-6.5	-6.5	-6.5	-6.5	-6.5	-6.5	-6.5	-6.5	-6.5	-6.5	-6.5	-6.5	-6.5	-6.5	-6.5	-6.5	-6.5	-6.5	-6.5	-6.5	-6.5	-6.5	-6.5	-6.5	-6.5	-6.5	-6.5	-6.5	-6.5	-6.5	-6.5	-6.5	-6.5	-6.5	-6.5	-6.5	-6.5	-6.5	-6.5	-6.5	-6.5	-6.5	-6.5	-6.5	-6.5	-6.5	-6.5	-6.5	-6.5	-6.5	-6.5	-6.5	-6.5	-6.5	-6.5	-6.5	-6.5	-6.5	-6.5	-6.5	-6.5	-6.5	-6.5	-6.5	-6.5	-6.5	-6.5	-6.5	-6.5	-6.5	-6.5	-6.5	-6.5	-6.5	-6.5	-6.5	-6.5	-6.5	-6.5	-6.5	-6.5	-6.5	-6.5	-6.5	-6.5	-6.5	-6.5	-6.5	-6.5	-6.5	-6.5	-6.5	-6.5	-6.5	-6.5	-6.5	-6.5	-6.5	-6.5	-6.5	-6.5	-6.5	-6.5	-6.5	-6.5	-6.5	-6.5	-6.5	-6.5	-6.5	-6.5	-6.5	-6.5	-6.5	-6.5	-6.5	-6.5	-6.5	-6.5	-6.5	-6.5	-6.5	-6.5	-6.5	-6.5	-6.5	-6.5	-6.5	-6.5	-6.5	-6.5	-6.5	-6.5	-6.5	-6.5	-6.5	-6.5	-6.5	-6.5	-6.5	-6.5	-6.5	-6.5	-6.5	-6.5	-6.5	-6.5	-6.5	-6.5	-6.5	-6.5	-6.5	-6.5	-6.5	-6.5	-6.5	-6.5	-6.5	-6.5	-6.5	-6.5	-6.5	-6.5	-6.5	-6.5	-6.5	-6.5	-6.5	-6.5	-6.5	-6.5	-6.5	-6.5	-6.5	-6.5	-6.5	-6.5	-6.5	-6.5	-6.5	-6.5	-6.5	-6.5	-6.5	-6.5	-6.5	-6.5	-6.5	-6.5	-6.5	-6.5	-6.5	-6.5	-6.5	-6.5	-6.5	-6.5	-6.5	-6.5	-6.5	-6.5	-6.5	-6.5	-6.5	-6.5	-6.5	-6.5	-6.5	-6.5	-6.5	-6.5	-6.5	-6.5	-6.5	-6.5	-6.5	-6.5	-6.5	-6.5	-6.5	-6.5	-6.5	-6.5	-6.5	-6.5	-6.5	-6.5	-6.5	-6.5	-6.5	-6.5	-6.5	-6.5	-6.5	-6.5	-6.5	-6.5	-6.5	-6.5	-6.5	-6.5	-6.5	-6.5	-6.5	-6.5	-6.5	-6.5	-6.5	-6.5	-6.5	-6.5	-6.5	-6.5	-6.5	-6.5	-6.5	-6.5	-6.5	-6.5	-6.5	-6.5	-6.5	-6.5	-6.5	-6.5	-6.5	-6.5	-6.5	-6.5	-6.5	-6.5	-6.5	-6.5	-6.5	-6.5	-6.5	-6.5	-6.5	-6.5	-6.5	-6.5	-6.5	-6.5	-6.5	-6.5	-6.5	-6.5	-6.5	-6.5	-6.5	-6.5	-6.5	-6.5	-6.5	-6.5	-6.5	-6.5	-6.5	-6.5	-6.5	-6.5	-6.5	-6.5	-6.5	-6.5	-6.5	-6.5	-6.5	-6.5	-6.5	-6.5	-6.5	-6.5	-6.5	-6.5	-6.5	-6.5	-6.5	-6.5	-6.5	-6.5	-6.5	-6.5	-6.5	-6.5	-6.5	-6.5	-6.5	-6.5	-6.5	-6.5	-6.5	-6.5	-6.5	-6.5	-6.5	-6.5	-6.5	-6.5	-6.5	-6.5	-6.5	-6.5	-6.5	-6.5	-6.5	-6.5	-6.5	-6.5	-6.5	-6.5	-6.5	-9.33333	-9.33333	-9.33333	-9.33333	-9.33333	-9.33333	-9.33333	-9.33333	-9.33333	-9.33333	-9.33333	-9.33333	-9.33333	-9.33333	-9.33333	-9.33333	-9.33333	-9.33333	-9.33333	-9.33333	-9.33333	-9.33333	-9.33333	-9.33333	-9.33333	-9.33333	-9.33333	-9.33333	-9.33333	-9.33333	-9.33333	-9.33333	-9.33333	-9.33333	-9.33333	-9.33333	-9.33333	-9.33333	-9.33333	-9.33333	-9.33333	-9.33333	-9.33333	-9.33333	-9.33333	-9.33333	-9.33333	-9.33333	-9.33333	-9.33333	-9.33333	-9.33333	-9.33333	-9.33333	-9.33333	-9.33333	-9.33333	-9.33333	-9.33333	-9.33333	-9.33333	-9.33333	-9.33333	-9.33333	-9.33333	-9.33333	-9.33333	-9.33333	-9.33333	-9.33333	-9.33333	-9.33333	-9.33333	-9.33333	-9.33333	-9.33333	-9.33333	-9.33333	-9.33333	-9.33333	-9.33333	-9.33333	-9.33333	-9.33333	-9.33333	-9.33333	-9.33333	-9.33333	-9.33333	-9.33333	-9.33333	-9.33333	-9.33333	-9.33333	-9.33333	-9.33333	-9.33333	-9.33333	-9.33333	-9.33333	-9.33333	-9.33333	-9.33333	-9.33333	-9.33333	-9.33333	-9.33333	-9.33333	-9.33333	-9.33333	-9.33333	-9.33333	-9.33333	-9.33333	-9.33333	-9.33333	-9.33333	-9.33333	-9.33333	-9.33333	-9.33333	-9.33333	-9.33333	-9.33333	-9.33333	-9.33333	-9.33333	-9.33333	-9.33333	-9.33333	-9.33333	-9.33333	-9.33333	-9.33333	-9.33333	-9.33333	-9.33333	-9.33333	-9.33333	-9.33333	-9.33333	-9.33333	-9.33333	-9.33333	-9.33333	-9.33333	-9.33333	-9.33333	-9.33333	-9.33333	-9.33333	-9.33333	-9.33333	-9.33333	-9.33333	-9.33333	-9.33333	-9.33333	-9.33333	-9.33333	-9.33333	-9.33333	-9.33333	-9.33333	-9.33333	-9.33333	-9.33333	-9.33333	-9.33333	-9.33333	-9.33333	-9.33333	-9.33333	-9.33333	-9.33333	-9.33333	-9.33333	-9.33333	-9.33333	-9.33333	-9.33333	-9.33333	-9.33333	-9.33333	-9.33333	-9.33333	-9.33333	-9.33333	-9.33333	-9.33333	-9.33333	-9.33333	-9.33333	-9.33333	-9.33333	-9.33333	-9.33333	-9.33333	-9.33333	-9.33333	-9.33333	-9.33333	-9.33333	-9.33333	-9.33333	-9.33333	-9.33333	-9.33333	-9.33333	-9.33333	-9.33333	-9.33333	-9.33333	-9.33333	-9.33333	-9.33333	-9.33333	-9.33333	-9.33333	-9.33333	-9.33333	-9.33333	-9.33333	-9.33333	-9.33333	-9.33333	-9.33333	-9.33333	-9.33333	-9.33333	-9.33333	-9.33333	-9.33333	-9.33333	-9.33333	-9.33333	-9.33333	-9.33333	-9.33333	-9.33333	-9.33333	-9.33333	-9.33333	-9.33333	-9.33333	-9.33333	-9.33333	-9.33333	-9.33333	-9.33333	-9.33333	-9.33333	-9.33333	-9.33333	-9.33333	-9.33333	-9.33333	-9.33333	-9.33333	-9.33333	-9.33333	-9.33333	-9.33333	-9.33333	-9.33333	-9.33333	-9.33333	-9.33333	-9.33333	-9.33333	-9.33333	-9.33333	-9.33333	-9.33333	-9.33333	-9.33333	-9.33333	-9.33333	-9.33333	-9.33333	-9.33333	-9.33333	-9.33333	-9.33333	-9.33333	-9.33333	-9.33333	-9.33333	-9.33333	-9.33333	-9.33333	-9.33333	-9.33333	-9.33333	-9.33333	-9.33333	-9.33333	-9.33333	-9.33333	-9.33333	-9.33333	-9.33333	-9.33333	-9.33333	-9.33333	-9.33333	-9.33333	-9.33333	-9.33333	-9.33333	-9.33333	-9.33333	-9.33333	-9.33333	-9.33333	-9.33333	-9.33333	-9.33333	-9.33333	-9.33333	-9.33333	-9.33333	-9.33333	-9.33333	-9.33333	-9.33333	-9.33333	-9.33333	-9.33333	-9.33333	-9.33333	-9.33333	-9.33333	-9.33333	-9.33333	-9.33333	-9.33333	-9.33333	-9.33333	-9.33333	-9.33333	-9.33333	-9.33333	-9.33333	-9.33333	-9.33333	-9.33333	-9.33333	-9.33333	-9.33333	-9.33333	-9.33333	-9.33333	-9.33333	-9.33333	-9.33333	-9.33333	-9.33333	-9.33333	-9.33333	-9.33333	-9.33333	-9.33333	-9.33333	-9.33333	-9.33333	-9.33333	-9.33333	-9.33333	-9.33333	-9.33333	-9.33333	-9.33333	-9.33333	-9.33333	-9.33333	-9.33333	-9.33333	-9.33333	-9.33333	-9.33333	-9.33333	-9.33333	-9.33333	-9.33333	-9.33333	-9.33333	-9.33333	-9.33333	-9.33333	-9.33333	-9.33333	-9.33333	-9.33333	-9.33333	-9.33333	-9.33333	-9.33333	-9.33333	-9.33333	-9.33333	-9.33333	-9.33333	-9.33333	-9.33333	-9.33333	-9.33333	-9.33333	-9.33333	-9.33333	-9.33333	-9.33333	-9.33333	-9.33333	-9.33333	-9.33333	-9.33333	-9.33333	-9.33333	-9.33333	-9.33333	-9.33333	-9.33333	-9.33333	-9.33333	-9.33333	-9.33333	-9.33333	-9.33333	-9.33333	-9.33333	-9.33333	-9.33333	-9.33333	-9.33333	-9.33333	-9.33333	-9.33333	-9.33333	-9.33333	-9.33333	-9.33333	-9.33333	-9.33333	-9.33333	-9.33333	-9.33333	-9.33333	-9.33333	-9.33333	-9.33333	-9.33333	-9.33333	-9.33333	-9.33333	-9.33333	-9.33333	-9.33333	-9.33333	-9.33333	-9.33333	-9.33333	-9.33333	-9.33333	-9.33333	-9.33333	-9.33333	-9.33333	-9.33333	-9.33333	-9.33333	-9.33333	-9.33333	-9.33333	-9.33333	-9.33333	-9.33333	-9.33333	-9.33333	-9.33333	-9.33333	-9.33333	-9.33333	-9.33333	-9.33333	-9.33333	-9.33333	-9.33333	-9.33333	-9.33333	-9.33333	-9.33333	-9.33333	-9.33333	-9.33333	-9.33333	-9.33333	-9.33333	-9.33333	-9.33333	-9.33333	-9.33333	-9.33333	-9.33333	-9.33333	-9.33333	-9.33333	-9.33333	-9.33333	-9.33333	-9.33333	-9.33333	-9.33333	-9.33333	-9.33333	-9.33333	-9.33333	-9.33333	-9.33333	-9.33333	-9.33333	-9.33333	-9.33333	-9.33333	-9.33333	-9.33333	-9.33333	-9.33333	-9.33333	-9.33333	-9.33333	-9.33333	-9.33333	-9.33333	-9.33333	-9.33333	-9.33333	-9.33333	-9.33333	-9.33333	-9.33333	-9.33333	-9.33333	-9.33333	-9.33333	-9.33333	-9.33333	-9.33333	-9.33333	-9.33333	-9.33333	-9.33333	-9.33333	-9.33333	-9.33333	-9.33333	-9.33333	-9.33333	-9.33333	-9.33333	-9.33333	-9.33333	-9.33333	-9.33333	-9.33333	-9.33333	-9.33333	-9.33333	-9.33333	-9.33333	-9.33333	-9.33333	-9.33333	-9.33333	-9.33333	-9.33333	-9.33333	-9.33333	-9.33333	-9.33333	-9.33333	-9.33333	-9.33333	-9.33333	-9.33333	-9.33333	-9.33333	-9.33333	-9.33333	-9.33333	-9.33333	-9.33333	-9.33333	-9.33333	-9.33333	-9.33333	-9.33333	-9.33333	-9.33333	-9.33333	-9.33333	-9.33333	-9.33333	-9.33333	-9.33333	-9.33333	-9.33333	-9.33333	-9.33333	-9.33333	-9.33333	-9.33333	-9.33333	-9.33333	-9.33333	-9.33333	-9.33333	-9.33333	-9.33333	-9.33333	-9.33333	-9.33333	-9.33333	-9.33333	-9.33333	-9.33333	-9.33333	-9.33333	-9.33333	-9.33333	-9.33333	-9.33333	-9.33333	-9.33333	-9.33333	-9.33333	-9.33333	-9.33333	-9.33333	-9.33333	-9.33333	-9.33333	-9.33333	-9.33333	-9.33333	-9.33333	-9.33333	-9.33333	-9.33333	-9.33333	-9.33333	-9.33333	-9.33333	-9.33333	-9.33333	-9.33333	-9.33333	-9.33333	-9.33333	-9.33333	-9.33333	-9.33333	-9.33333	-9.33333	-9.33333	-9.33333	-9.33333	-9.33333	-9.33333	-9.33333	-9.33333	-9.33333	-9.33333	-9.33333	-9.33333	-9.33333	-9.33333	-9.33333	-9.33333	-9.33333	-9.33333	-9.33333	-9.33333	-9.33333	-9.33333	-9.33333	-9.33333	-9.33333	-9.33333	-9.33333	-9.33333	-9.33333	-9.33333	-9.33333	-9.33333	-9.33333	-9.33333	-9.33333	-9.33333	-9.33333	-9.33333	-9.33333	-9.33333	-9.33333	-9.33333	-9.33333	-9.33333	-9.33333	-9.33333	-9.33333	-9.33333	-9.33333	-9.33333	-9.33333	-9.33333	-9.33333	-9.33333	-9.33333	-9.33333	-9.33333	-9.33333	-9.33333	-9.33333	-9.33333	-9.33333	-9.33333	-9.33333	-9.33333	-9.33333	-9.33333	-9.33333	-9.33333	-9.33333	-9.33333	-9.33333	-9.33333	-9.33333	-9.33333	-9.33333	-9.33333	-9.33333	-9.33333	-9.33333	-9.33333	-9.33333	-9.33333	-9.33333	-9.33333	-9.33333	-9.33333	-9.33333	-9.33333	-9.33333	-9.33333	-9.33333	-9.33333	-9.33333	-9.33333	-9.33333	-9.33333	-9.33333	-9.33333	-9.33333	-9.33333	-9.33333	-9.33333	-9.33333	-9.33333	-9.33333	-9.33333	-9.33333	-9.33333	-9.33333	-9.33333	-9.33333	-9.33333	-9.33333	-9.33333	-9.33333	-9.33333	-9.33333	-9.33333	-9.33333	-9.33333	-9.33333	-9.33333	-9.33333	-9.33333	-9.33333	-9.33333	-9.33333	-9.33333	-9.33333	-9.33333	-9.33333	-9.33333	-9.33333	-9.33333	-9.33333	-9.33333	-9.33333	-9.33333	-9.33333	-9.33333	-9.33333	-9.33333	-9.33333	-9.33333	-9.33333	-9.33333	-9.33333	-9.33333	-9.33333	-9.33333	-9.33333	-9.33333	-9.33333	-9.33333	-9.33333	-9.33333	-9.33333	-9.33333	-9.33333	-9.33333	-9.33333	-9.33333	-9.33333	-9.33333	-9.33333	-9.33333	-9.33333	-9.33333	-9.33333	-9.33333	-9.33333	-9.33333	-9.33333	-9.33333	-9.33333	-9.33333	-9.33333	-9.33333	-9.33333	-9.33333	-9.33333	-9.33333	-9.33333	-9.33333	-9.33333	-9.33333	-9.33333	-9.33333	-9.33333	-9.33333	-9.33333	-9.33333	-9.33333	-9.33333	-9.33333	-9.33333	-9.33333	-9.33333	-9.33333	-9.33333	-9.33333	-9.33333	-9.33333	-9.33333	-9.33333	-9.33333	-9.33333	-9.33333	-9.33333	-9.33333	-9.33333	-9.33333	-9.33333	-9.33333	-9.33333	-9.33333	-9.33333	-9.33333	-9.33333	-9.33333	-9.33333	-9.33333	-9.33333	-9.33333	-9.33333	-9.33333	-9.33333	-9.33333	-9.33333	-9.33333	-9.33333	-9.33333	-9.33333	-9.33333	-9.33333	-9.33333	-9.33333	-9.33333	-9.33333	-9.33333	-9.33333	-9.33333	-9.33333	-9.33333	-9.33333	-9.33333	-9.33333	-9.33333	-9.33333	-9.33333	-9.33333	-12.1667	-12.1667	-12.1667	-12.1667	-12.1667	-12.1667	-12.1667	-12.1667	-12.1667	-12.1667	-12.1667	-12.1667	-12.1667	-12.1667	-12.1667	-12.1667	-12.1667	-12.1667	-12.1667	-12.1667	-12.1667	-12.1667	-12.1667	-12.1667	-12.1667	-12.1667	-12.1667	-12.1667	-12.1667	-12.1667	-12.1667	-12.1667	-12.1667	-12.1667	-12.1667	-12.1667	-12.1667	-12.1667	-12.1667	-12.1667	-12.1667	-12.1667	-12.1667	-12.1667	-12.1667	-12.1667	-12.1667	-12.1667	-12.1667	-12.1667	-12.1667	-12.1667	-12.1667	-12.1667	-12.1667	-12.1667	-12.1667	-12.1667	-12.1667	-12.1667	-12.1667	-12.1667	-12.1667	-12.1667	-12.1667	-12.1667	-12.1667	-12.1667	-12.1667	-12.1667	-12.1667	-12.1667	-12.1667	-12.1667	-12.1667	-12.1667	-12.1667	-12.1667	-12.1667	-12.1667	-12.1667	-12.1667	-12.1667	-12.1667	-12.1667	-12.1667	-12.1667	-12.1667	-12.1667	-12.1667	-12.1667	-12.1667	-12.1667	-12.1667	-12.1667	-12.1667	-12.1667	-12.1667	-12.1667	-12.1667	-12.1667	-12.1667	-12.1667	-12.1667	-12.1667	-12.1667	-12.1667	-12.1667	-12.1667	-12.1667	-12.1667	-12.1667	-12.1667	-12.1667	-12.1667	-12.1667	-12.1667	-12.1667	-12.1667	-12.1667	-12.1667	-12.1667	-12.1667	-12.1667	-12.1667	-12.1667	-12.1667	-12.1667	-12.1667	-12.1667	-12.1667	-12.1667	-12.1667	-12.1667	-12.1667	-12.1667	-12.1667	-12.1667	-12.1667	-12.1667	-12.1667	-12.1667	-12.1667	-12.1667	-12.1667	-12.1667	-12.1667	-12.1667	-12.1667	-12.1667	-12.1667	-12.1667	-12.1667	-12.1667	-12.1667	-12.1667	-12.1667	-12.1667	-12.1667	-12.1667	-12.1667	-12.1667	-12.1667	-12.1667	-12.1667	-12.1667	-12.1667	-12.1667	-12.1667	-12.1667	-12.1667	-12.1667	-12.1667	-12.1667	-12.1667	-12.1667	-12.1667	-12.1667	-12.1667	-12.1667	-12.1667	-12.1667	-12.1667	-12.1667	-12.1667	-12.1667	-12.1667	-12.1667	-12.1667	-12.1667	-12.1667	-12.1667	-12.1667	-12.1667	-12.1667	-12.1667	-12.1667	-12.1667	-12.1667	-12.1667	-12.1667	-12.1667	-12.1667	-12.1667	-12.1667	-12.1667	-12.1667	-12.1667	-12.1667	-12.1667	-12.1667	-12.1667	-12.1667	-12.1667	-12.1667	-12.1667	-12.1667	-12.1667	-12.1667	-12.1667	-12.1667	-12.1667	-12.1667	-12.1667	-12.1667	-12.1667	-12.1667	-12.1667	-12.1667	-12.1667	-12.1667	-12.1667	-12.1667	-12.1667	-12.1667	-12.1667	-12.1667	-12.1667	-12.1667	-12.1667	-12.1667	-12.1667	-12.1667	-12.1667	-12.1667	-12.1667	-12.1667	-12.1667	-12.1667	-12.1667	-12.1667	-12.1667	-12.1667	-12.1667	-12.1667	-12.1667	-12.1667	-12.1667	-12.1667	-12.1667	-12.1667	-12.1667	-12.1667	-12.1667	-12.1667	-12.1667	-12.1667	-12.1667	-12.1667	-12.1667	-12.1667	-12.1667	-12.1667	-12.1667	-12.1667	-12.1667	-12.1667	-12.1667	-12.1667	-12.1667	-12.1667	-12.1667	-12.1667	-12.1667	-12.1667	-12.1667	-12.1667	-12.1667	-12.1667	-12.1667	-12.1667	-12.1667	-12.1667	-12.1667	-12.1667	-12.1667	-12.1667	-12.1667	-12.1667	-12.1667	-12.1667	-12.1667	-12.1667	-12.1667	-12.1667	-12.1667	-12.1667	-12.1667	-12.1667	-12.1667	-12.1667	-12.1667	-12.1667	-12.1667	-12.1667	-12.1667	-12.1667	-12.1667	-12.1667	-12.1667	-12.1667	-12.1667	-12.1667	-12.1667	-12.1667	-12.1667	-12.1667	-12.1667	-12.1667	-12.1667	-12.1667	-12.1667	-12.1667	-12.1667	-12.1667	-12.1667	-12.1667	-12.1667	-12.1667	-12.1667	-12.1667	-12.1667	-12.1667	-12.1667	-12.1667	-12.1667	-12.1667	-12.1667	-12.1667	-12.1667	-12.1667	-12.1667	-12.1667	-12.1667	-12.1667	-12.1667	-12.1667	-12.1667	-12.1667	-12.1667	-12.1667	-12.1667	-12.1667	-12.1667	-12.1667	-12.1667	-12.1667	-12.1667	-12.1667	-12.1667	-12.1667	-12.1667	-12.1667	-12.1667	-12.1667	-12.1667	-12.1667	-12.1667	-12.1667	-12.1667	-12.1667	-12.1667	-12.1667	-12.1667	-12.1667	-12.1667	-12.1667	-12.1667	-12.1667	-12.1667	-12.1667	-12.1667	-12.1667	-12.1667	-12.1667	-12.1667	-12.1667	-12.1667	-12.1667	-12.1667	-12.1667	-12.1667	-12.1667	-12.1667	-12.1667	-12.1667	-12.1667	-12.1667	-12.1667	-12.1667	-12.1667	-12.1667	-12.1667	-12.1667	-12.1667	-12.1667	-12.1667	-12.1667	-12.1667	-12.1667	-12.1667	-12.1667	-12.1667	-12.1667	-12.1667	-12.1667	-12.1667	-12.1667	-12.1667	-12.1667	-12.1667	-12.1667	-12.1667	-12.1667	-12.1667	-12.1667	-12.1667	-12.1667	-12.1667	-12.1667	-12.1667	-12.1667	-12.1667	-12.1667	-12.1667	-12.1667	-12.1667	-12.1667	-12.1667	-12.1667	-12.1667	-12.1667	-12.1667	-12.1667	-12.1667	-12.1667	-12.1667	-12.1667	-12.1667	-12.1667	-12.1667	-12.1667	-12.1667	-12.1667	-12.1667	-12.1667	-12.1667	-12.1667	-12.1667	-12.1667	-12.1667	-12.1667	-12.1667	-12.1667	-12.1667	-12.1667	-12.1667	-12.1667	-12.1667	-12.1667	-12.1667	-12.1667	-12.1667	-12.1667	-12.1667	-12.1667	-12.1667	-12.1667	-12.1667	-12.1667	-12.1667	-12.1667	-12.1667	-12.1667	-12.1667	-12.1667	-12.1667	-12.1667	-12.1667	-12.1667	-12.1667	-12.1667	-12.1667	-12.1667	-12.1667	-12.1667	-12.1667	-12.1667	-12.1667	-12.1667	-12.1667	-12.1667	-12.1667	-12.1667	-12.1667	-12.1667	-12.1667	-12.1667	-12.1667	-12.1667	-12.1667	-12.1667	-12.1667	-12.1667	-12.1667	-12.1667	-12.1667	-12.1667	-12.1667	-12.1667	-12.1667	-12.1667	-12.1667	-12.1667	-12.1667	-12.1667	-12.1667	-12.1667	-12.1667	-12.1667	-12.1667	-12.1667	-12.1667	-12.1667	-12.1667	-12.1667	-12.1667	-12.1667	-12.1667	-12.1667	-12.1667	-12.1667	-12.1667	-12.1667	-12.1667	-12.1667	-12.1667	-12.1667	-12.1667	-12.1667	-12.1667	-12.1667	-12.1667	-12.1667	-12.1667	-12.1667	-12.1667	-12.1667	-12.1667	-12.1667	-12.1667	-12.1667	-12.1667	-12.1667	-12.1667	-12.1667	-12.1667	-12.1667	-12.1667	-12.1667	-12.1667	-12.1667	-12.1667	-12.1667	-12.1667	-12.1667	-12.1667	-12.1667	-12.1667	-12.1667	-12.1667	-12.1667	-12.1667	-12.1667	-12.1667	-12.1667	-12.1667	-12.1667	-12.1667	-12.1667	-12.1667	-12.1667	-12.1667	-12.1667	-12.1667	-12.1667	-12.1667	-12.1667	-12.1667	-12.1667	-12.1667	-12.1667	-12.1667	-12.1667	-12.1667	-12.1667	-12.1667	-12.1667	-12.1667	-12.1667	-12.1667	-12.1667	-12.1667	-12.1667	-12.1667	-12.1667	-12.1667	-12.1667	-12.1667	-12.1667	-12.1667	-12.1667	-12.1667	-12.1667	-12.1667	-12.1667	-12.1667	-12.1667	-12.1667	-12.1667	-12.1667	-12.1667	-12.1667	-12.1667	-12.1667	-12.1667	-12.1667	-12.1667	-12.1667	-12.1667	-12.1667	-12.1667	-12.1667	-12.1667	-12.1667	-12.1667	-12.1667	-12.1667	-12.1667	-12.1667	-12.1667	-12.1667	-12.1667	-12.1667	-12.1667	-12.1667	-12.1667	-12.1667	-12.1667	-12.1667	-12.1667	-12.1667	-12.1667	-12.1667	-12.1667	-12.1667	-12.1667	-12.1667	-12.1667	-12.1667	-12.1667	-12.1667	-12.1667	-12.1667	-12.1667	-12.1667	-12.1667	-12.1667	-12.1667	-12.1667	-12.1667	-12.1667	-12.1667	-12.1667	-12.1667	-12.1667	-12.1667	-12.1667	-12.1667	-12.1667	-12.1667	-12.1667	-12.1667	-12.1667	-12.1667	-12.1667	-12.1667	-12.1667	-12.1667	-12.1667	-12.1667	-12.1667	-12.1667	-12.1667	-12.1667	-12.1667	-12.1667	-12.1667	-12.1667	-12.1667	-12.1667	-12.1667	-12.1667	-12.1667	-12.1667	-12.1667	-12.1667	-12.1667	-12.1667	-12.1667	-12.1667	-12.1667	-12.1667	-12.1667	-12.1667	-12.1667	-12.1667	-12.1667	-12.1667	-12.1667	-12.1667	-12.1667	-12.1667	-12.1667	-12.1667	-12.1667	-12.1667	-12.1667	-12.1667	-12.1667	-12.1667	-12.1667	-12.1667	-12.1667	-12.1667	-12.1667	-12.1667	-12.1667	-12.1667	-12.1667	-12.1667	-12.1667	-12.1667	-12.1667	-12.1667	-12.1667	-12.1667	-12.1667	-12.1667	-12.1667	-12.1667	-12.1667	-12.1667	-12.1667	-12.1667	-12.1667	-12.1667	-12.1667	-12.1667	-12.1667	-12.1667	-12.1667	-12.1667	-12.1667	-12.1667	-12.1667	-12.1667	-12.1667	-12.1667	-12.1667	-12.1667	-12.1667	-12.1667	-12.1667	-12.1667	-12.1667	-12.1667	-12.1667	-12.1667	-12.1667	-12.1667	-12.1667	-12.1667	-12.1667	-12.1667	-12.1667	-12.1667	-12.1667	-12.1667	-12.1667	-12.1667	-12.1667	-12.1667	-12.1667	-12.1667	-12.1667	-12.1667	-12.1667	-12.1667	-12.1667	-12.1667	-12.1667	-12.1667	-12.1667	-12.1667	-12.1667	-12.1667	-12.1667	-12.1667	-12.1667	-12.1667	-12.1667	-12.1667	-12.1667	-12.1667	-12.1667	-12.1667	-12.1667	-12.1667	-12.1667	-12.1667	-12.1667	-12.1667	-12.1667	-12.1667	-12.1667	-12.1667	-12.1667	-12.1667	-12.1667	-12.1667	-12.1667	-12.1667	-12.1667	-12.1667	-12.1667	-12.1667	-12.1667	-12.1667	-12.1667	-12.1667	-12.1667	-12.1667	-12.1667	-12.1667	-12.1667	-12.1667	-12.1667	-12.1667	-12.1667	-12.1667	-12.1667	-12.1667	-12.1667	-12.1667	-12.1667	-12.1667	-12.1667	-12.1667	-12.1667	-12.1667	-12.1667	-12.1667	-12.1667	-12.1667	-12.1667	-12.1667	-12.1667	-12.1667	-12.1667	-12.1667	-12.1667	-12.1667	-12.1667	-12.1667	-12.1667	-12.1667	-12.1667	-12.1667	-12.1667	-12.1667	-12.1667	-12.1667	-12.1667	-12.1667	-12.1667	-12.1667	-12.1667	-12.1667	-12.1667	-12.1667	-12.1667	-12.1667	-12.1667	-12.1667	-15	-15	-15	-15	-15	-15	-15	-15	-15	-15	-15	-15	-15	-15	-15	-15	-15	-15	-15	-15	-15	-15	-15	-15	-15	-15	-15	-15	-15	-15	-15	-15	-15	-15	-15	-15	-15	-15	-15	-15	-15	-15	-15	-15	-15	-15	-15	-15	-15	-15	-15	-15	-15	-15	-15	-15	-15	-15	-15	-15	-15	-15	-15	-15	-15	-15	-15	-15	-15	-15	-15	-15	-15	-15	-15	-15	-15	-15	-15	-15	-15	-15	-15	-15	-15	-15	-15	-15	-15	-15	-15	-15	-15	-15	-15	-15	-15	-15	-15	-15	-15	-15	-15	-15	-15	-15	-15	-15	-15	-15	-15	-15	-15	-15	-15	-15	-15	-15	-15	-15	-15	-15	-15	-15	-15	-15	-15	-15	-15	-15	-15	-15	-15	-15	-15	-15	-15	-15	-15	-15	-15	-15	-15	-15	-15	-15	-15	-15	-15	-15	-15	-15	-15	-15	-15	-15	-15	-15	-15	-15	-15	-15	-15	-15	-15	-15	-15	-15	-15	-15	-15	-15	-15	-15	-15	-15	-15	-15	-15	-15	-15	-15	-15	-15	-15	-15	-15	-15	-15	-15	-15	-15	-15	-15	-15	-15	-15	-15	-15	-15	-15	-15	-15	-15	-15	-15	-15	-15	-15	-15	-15	-15	-15	-15	-15	-15	-15	-15	-15	-15	-15	-15	-15	-15	-15	-15	-15	-15	-15	-15	-15	-15	-15	-15	-15	-15	-15	-15	-15	-15	-15	-15	-15	-15	-15	-15	-15	-15	-15	-15	-15	-15	-15	-15	-15	-15	-15	-15	-15	-15	-15	-15	-15	-15	-15	-15	-15	-15	-15	-15	-15	-15	-15	-15	-15	-15	-15	-15	-15	-15	-15	-15	-15	-15	-15	-15	-15	-15	-15	-15	-15	-15	-15	-15	-15	-15	-15	-15	-15	-15	-15	-15	-15	-15	-15	-15	-15	-15	-15	-15	-15	-15	-15	-15	-15	-15	-15	-15	-15	-15	-15	-15	-15	-15	-15	-15	-15	-15	-15	-15	-15	-15	-15	-15	-15	-15	-15	-15	-15	-15	-15	-15	-15	-15	-15	-15	-15	-15	-15	-15	-15	-15	-15	-15	-15	-15	-15	-15	-15	-15	-15	-15	-15	-15	-15	-15	-15	-15	-15	-15	-15	-15	-15	-15	-15	-15	-15	-15	-15	-15	-15	-15	-15	-15	-15	-15	-15	-15	-15	-15	-15	-15	-15	-15	-15	-15	-15	-15	-15	-15	-15	-15	-15	-15	-15	-15	-15	-15	-15	-15	-15	-15	-15	-15	-15	-15	-15	-15	-15	-15	-15	-15	-15	-15	-15	-15	-15	-15	-15	-15	-15	-15	-15	-15	-15	-15	-15	-15	-15	-15	-15	-15	-15	-15	-15	-15	-15	-15	-15	-15	-15	-15	-15	-15	-15	-15	-15	-15	-15	-15	-15	-15	-15	-15	-15	-15	-15	-15	-15	-15	-15	-15	-15	-15	-15	-15	-15	-15	-15	-15	-15	-15	-15	-15	-15	-15	-15	-15	-15	-15	-15	-15	-15	-15	-15	-15	-15	-15	-15	-15	-15	-15	-15	-15	-15	-15	-15	-15	-15	-15	-15	-15	-15	-15	-15	-15	-15	-15	-15	-15	-15	-15	-15	-15	-15	-15	-15	-15	-15	-15	-15	-15	-15	-15	-15	-15	-15	-15	-15	-15	-15	-15	-15	-15	-15	-15	-15	-15	-15	-15	-15	-15	-15	-15	-15	-15	-15	-15	-15	-15	-15	-15	-15	-15	-15	-15	-15	-15	-15	-15	-15	-15	-15	-15	-15	-15	-15	-15	-15	-15	-15	-15	-15	-15	-15	-15	-15	-15	-15	-15	-15	-15	-15	-15	-15	-15	-15	-15	-15	-15	-15	-15	-15	-15	-15	-15	-15	-15	-15	-15	-15	-15	-15	-15	-15	-15	-15	-15	-15	-15	-15	-15	-15	-15	-15	-15	-15	-15	-15	-15	-15	-15	-15	-15	-15	-15	-15	-15	-15	-15	-15	-15	-15	-15	-15	-15	-15	-15	-15	-15	-15	-15	-15	-15	-15	-15	-15	-15	-15	-15	-15	-15	-15	-15	-15	-15	-15	-15	-15	-15	-15	-15	-15	-15	-15	-15	-15	-15	-15	-15	-15	-15	-15	-15	-15	-15	-15	-15	-15	-15	-15	-15	-15	-15	-15	-15	-15	-15	-15	-15	-15	-15	-15	-15	-15	-15	-15	-15	-15	-15	-15	-15	-15	-15	-15	-15	-15	-15	-15	-15	-15	-15	-15	-15	-15	-15	-15	-15	-15	-15	-15	-15	-15	-15	-15	-15	-15	-15	-15	-15	-15	-15	-15	-15	-15	-15	-15	-15	-15	-15	-15	-15	-15	-15	-15	-15	-15	-15	-15	-15	-15	-15	-15	-15	-15	-15	-15	-15	-15	-15	-15	-15	-15	-15	-15	-15	-15	-15	-15	-15	-15	-15	-15	-15	-15	-15	-15	-15	-15	-15	-15	-15	-15	-15	-15	-15	-15	-15	-15	-15	-15	-15	-15	-15	-15	-15	-15	-15	-15	-15	-15	-15	-15	-15	-15	-15	-15	-15	-15	-15	-15	-15	-15	-15	-15	-15	-15	-15	-15	-15	-15	-15	-15	-15	-15	-15	-15	-15	-15	-15	-15	-15	-15	-15	-15	-15	-15	-15	-15	-15	-15	-15	-15	-15	-15	-15	-15	-15	-15	-15	-15	-15	-15	-15	-15	-15	-15	-15	-15	-15	-15	-15	-15	-15	-15	-15	-15	-15	-15	-15	-15	-15	-15	-15	-15	-15	-15	-15	-15	-15	-15	-15	-15	-15	-15	-15	-15	-15	-15	-15	-15	-15	-15	-15	-15	-15	-15	-15	-15	-15	-15	-15	-15	-15	-15	</DataArray>
<DataArray type="Float32" Name="delr" format="ascii">8.5	8.5	8.5	8.5	8.5	4.25	4.25	2.125	2.125	2.125	2.125	4.25	4.25	4.25	4.25	2.125	2.125	2.125	2.125	8.5	8.5	8.5	8.5	8.5	8.5	8.5	8.5	8.5	8.5	8.5	8.5	8.5	8.5	8.5	8.5	8.5	8.5	8.5	8.5	8.5	8.5	4.25	4.25	4.25	4.25	2.125	2.125	2.125	2.125	2.125	2.125	2.125	2.125	2.125	2.125	2.125	2.125	4.25	4.25	4.25	4.25	2.125	2.125	2.125	2.125	8.5	8.5	8.5	8.5	8.5	8.5	8.5	8.5	8.5	8.5	8.5	8.5	8.5	8.5	8.5	8.5	8.5	8.5	8.5	8.5	8.5	8.5	4.25	4.25	4.25	4.25	2.125	2.125	2.125	2.125	2.125	2.125	2.125	2.125	2.125	2.125	2.125	2.125	2.125	2.125	2.125	2.125	4.25	4.25	4.25	2.125	2.125	2.125	2.125	8.5	8.5	8.5	8.5	8.5	8.5	8.5	8.5	8.5	8.5	8.5	8.5	8.5	8.5	8.5	8.5	8.5	8.5	8.5	8.5	8.5	8.5	4.25	2.125	2.125	2.125	2.125	4.25	4.25	2.125	2.125	2.125	2.125	2.125	2.125	2.125	2.125	2.125	2.125	2.125	2.125	2.125	2.125	2.125	2.125	4.25	4.25	4.25	2.125	2.125	2.125	2.125	8.5	8.5	8.5	8.5	8.5	8.5	8.5	8.5	8.5	8.5	8.5	8.5	8.5	8.5	8.5	8.5	8.5	8.5	8.5	8.5	8.5	8.5	4.25	2.125	2.125	2.125	2.125	2.125	2.125	2.125	2.125	4.25	2.125	2.125	2.125	2.125	2.125	2.125	2.125	2.125	2.125	2.125	2.125	2.125	2.125	2.125	2.125	2.125	4.25	4.25	4.25	2.125	2.125	2.125	2.125	8.5	8.5	8.5	8.5	8.5	8.5	8.5	8.5	8.5	8.5	8.5	8.5	8.5	8.5	8.5	8.5	8.5	8.5	8.5	8.5	8.5	4.25	4.25	4.25	4.25	2.125	2.125	2.125	2.125	2.125	2.125	2.125	2.125	2.125	2.125	2.125	2.125	4.25	2.125	2.125	2.125	2.125	2.125	2.125	2.125	2.125	2.125	2.125	2.125	2.125	2.125	2.125	2.125	2.125	4.25	4.25	4.25	2.125	2.125	2.125	2.125	8.5	8.5	8.5	8.5	8.5	8.5	8.5	8.5	8.5	8.5	8.5	8.5	8.5	8.5	8.5	8.5	8.5	8.5	8.5	8.5	8.5	4.25	4.25	4.25	4.25	2.125	2.125	2.125	2.125	2.125	2.125	2.125	2.125	2.125	2.125	2.125	2.125	4.25	2.125	2.125	2.125	2.125	2.125	2.125	2.125	2.125	2.125	2.125	2.125	2.125	2.125	2.125	2.125	2.125	4.25	4.25	4.25	2.125	2.125	2.125	2.125	8.5	8.5	8.5	8.5	8.5	8.5	8.5	8.5	8.5	8.5	8.5	8.5	8.5	8.5	8.5	8.5	8.5	8.5	8.5	8.5	8.5	4.25	2.125	2.125	2.125	2.125	4.25	4.25	2.125	2.125	2.125	2.125	2.125	2.125	2.125	2.125	2.125	2.125	2.125	2.125	2.125	2.125	2.125	2.125	2.125	2.125	2.125	2.125	2.125	2.125	2.125	2.125	2.125	2.125	2.125	2.125	2.125	2.125	2.125	2.125	4.25	4.25	4.25	2.125	2.125	2.125	2.125	8.5	8.5	8.5	8.5	8.5	8.5	8.5	8.5	8.5	8.5	8.5	8.5	8.5	8.5	8.5	8.5	8.5	8.5	8.5	8.5	8.5	4.25	2.125	2.125	2.125	2.125	4.25	4.25	2.125	2.125	2.125	2.125	2.125	2.125	2.125	2.125	2.125	2.125	2.125	2.125	2.125	2.125	2.125	2.125	2.125	2.125	2.125	2.125	2.125	2.125	2.125	2.125	2.125	2.125	2.125	2.125	2.125	2.125	2.125	2.125	4.25	4.25	4.25	2.125	2.125	2.125	2.125	8.5	8.5	8.5	8.5	8.5	8.5	8.5	8.5	8.5	8.5	8.5	8.5	8.5	8.5	8.5	8.5	8.5	8.5	8.5	8.5	4.25	4.25	4.25	4.25	2.125	2.125	2.125	2.125	2.125	2.125	2.125	2.125	2.125	2.125	2.125	2.125	4.25	2.125	2.125	2.125	2.125	2.125	2.125	2.125	2.125	2.125	2.125	2.125	2.125	2.125	2.125	2.125	2.125	2.125	2.125	2.125	2.125	2.125	2.125	2.125	2.125	2.125	2.125	2.125	2.125	2.125	2.125	2.125	2.125	4.25	4.25	4.25	2.125	2.125	2.125	2.125	8.5	8.5	8.5	8.5	8.5	8.5	8.5	8.5	8.5	8.5	8.5	8.5	8.5	8.5	8.5	8.5	8.5	8.5	8.5	8.5	4.25	4.25	4.25	4.25	2.125	2.125	2.125	2.125	2.125	2.125	2.125	2.125	2.125	2.125	2.125	2.125	4.25	2.125	2.125	2.125	2.125	2.125	2.125	2.125	2.125	2.125	2.125	2.125	2.125	2.125	2.125	2.125	2.125	2.125	2.125	2.125	2.125	2.125	2.125	2.125	2.125	2.125	2.125	2.125	2.125	2.125	2.125	2.125	2.125	4.25	4.25	4.25	4.25	8.5	8.5	8.5	8.5	8.5	8.5	8.5	8.5	8.5	8.5	8.5	8.5	8.5	8.5	8.5	8.5	8.5	8.5	8.5	8.5	4.25	4.25	4.25	4.25	2.125	2.125	2.125	2.125	2.125	2.125	2.125	2.125	2.125	2.125	2.125	2.125	2.125	2.125	2.125	2.125	2.125	2.125	2.125	2.125	2.125	2.125	2.125	2.125	2.125	2.125	2.125	2.125	2.125	2.125	2.125	2.125	2.125	2.125	2.125	2.125	4.25	4.25	2.125	2.125	2.125	2.125	8.5	8.5	8.5	8.5	8.5	8.5	8.5	8.5	8.5	8.5	8.5	8.5	8.5	8.5	8.5	8.5	8.5	8.5	8.5	8.5	8.5	4.25	2.125	2.125	2.125	2.125	4.25	4.25	2.125	2.125	2.125	2.125	2.125	2.125	2.125	2.125	2.125	2.125	2.125	2.125	2.125	2.125	2.125	2.125	2.125	2.125	2.125	2.125	2.125	2.125	2.125	2.125	2.125	2.125	2.125	2.125	2.125	2.125	2.125	2.125	4.25	4.25	4.25	4.25	8.5	8.5	8.5	8.5	8.5	8.5	8.5	8.5	8.5	8.5	8.5	8.5	8.5	8.5	8.5	8.5	8.5	8.5	8.5	8.5	8.5	4.25	2.125	2.125	2.125	2.125	2.125	2.125	2.125	2.125	4.25	2.125	2.125	2.125	2.125	2.125	2.125	2.125	2.125	2.125	2.125	2.125	2.125	2.125	2.125	2.125	2.125	4.25	4.25	4.25	2.125	2.125	2.125	2.125	8.5	8.5	8.5	8.5	8.5	8.5	8.5	8.5	8.5	8.5	8.5	8.5	8.5	8.5	8.5	8.5	8.5	8.5	8.5	8.5	8.5	4.25	4.25	4.25	4.25	2.125	2.125	2.125	2.125	2.125	2.125	2.125	2.125	2.125	2.125	2.125	2.125	4.25	2.125	2.125	2.125	2.125	4.25	2.125	2.125	2.125	2.125	2.125	2.125	2.125	2.125	4.25	4.25	4.25	4.25	8.5	8.5	8.5	8.5	8.5	8.5	8.5	8.5	8.5	8.5	8.5	8.5	8.5	8.5	8.5	8.5	8.5	8.5	8.5	8.5	8.5	4.25	4.25	4.25	4.25	2.125	2.125	2.125	2.125	2.125	2.125	2.125	2.125	2.125	2.125	2.125	2.125	4.25	4.25	4.25	4.25	2.125	2.125	2.125	2.125	8.5	8.5	8.5	8.5	8.5	8.5	8.5	8.5	8.5	8.5	4.25	4.25	2.125	2.125	2.125	2.125	4.25	4.25	4.25	4.25	2.125	2.125	2.125	2.125	8.5	8.5	8.5	8.5	8.5	8.5	8.5	8.5	8.5	8.5	8.5	8.5	8.5	8.5	8.5	8.5	8.5	8.5	8.5	8.5	8.5	8.5	4.25	4.25	4.25	4.25	2.125	2.125	2.125	2.125	2.125	2.125	2.125	2.125	2.125	2.125	2.125	2.125	4.25	4.25	4.25	4.25	2.125	2.125	2.125	2.125	8.5	8.5	8.5	8.5	8.5	8.5	8.5	8.5	8.5	8.5	8.5	8.5	8.5	8.5	8.5	8.5	8.5	8.5	8.5	8.5	8.5	8.5	4.25	4.25	4.25	4.25	2.125	2.125	2.125	2.125	2.125	2.125	2.125	2.125	2.125	2.125	2.125	2.125	2.125	2.125	2.125	2.125	4.25	4.25	4.25	2.125	2.125	2.125	2.125	8.5	8.5	8.5	8.5	8.5	8.5	8.5	8.5	8.5	8.5	8.5	8.5	8.5	8.5	8.5	8.5	8.5	8.5	8.5	8.5	8.5	8.5	4.25	2.125	2.125	2.125	2.125	4.25	4.25	2.125	2.125	2.125	2.125	2.125	2.125	2.125	2.125	2.125	2.125	2.125	2.125	2.125	2.125	2.125	2.125	4.25	4.25	4.25	2.125	2.125	2.125	2.125	8.5	8.5	8.5	8.5	8.5	8.5	8.5	8.5	8.5	8.5	8.5	8.5	8.5	8.5	8.5	8.5	8.5	8.5	8.5	8.5	8.5	8.5	4.25	2.125	2.125	2.125	2.125	2.125	2.125	2.125	2.125	4.25	2.125	2.125	2.125	2.125	2.125	2.125	2.125	2.125	2.125	2.125	2.125	2.125	2.125	2.125	2.125	2.125	4.25	4.25	4.25	2.125	2.125	2.125	2.125	8.5	8.5	8.5	8.5	8.5	8.5	8.5	8.5	8.5	8.5	8.5	8.5	8.5	8.5	8.5	8.5	8.5	8.5	8.5	8.5	8.5	4.25	4.25	4.25	4.25	2.125	2.125	2.125	2.125	2.125	2.125	2.125	2.125	2.125	2.125	2.125	2.125	4.25	2.125	2.125	2.125	2.125	2.125	2.125	2.125	2.125	2.125	2.125	2.125	2.125	2.125	2.125	2.125	2.125	4.25	4.25	4.25	2.125	2.125	2.125	2.125	8.5	8.5	8.5	8.5	8.5	8.5	8.5	8.5	8.5	8.5	8.5	8.5	8.5	8.5	8.5	8.5	8.5	8.5	8.5	8.5	8.5	4.25	4.25	4.25	4.25	2.125	2.125	2.125	2.125	2.125	2.125	2.125	2.125	2.125	2.125	2.125	2.125	4.25	2.125	2.125	2.125	2.125	2.125	2.125	2.125	2.125	2.125	2.125	2.125	2.125	2.125	2.125	2.125	2.125	4.25	4.25	4.25	2.125	2.125	2.125	2.125	8.5	8.5	8.5	8.5	8.5	8.5	8.5	8.5	8.5	8.5	8.5	8.5	8.5	8.5	8.5	8.5	8.5	8.5	8.5	8.5	8.5	4.25	2.125	2.125	2.125	2.125	4.25	4.25	2.125	2.125	2.125	2.125	2.125	2.125	2.125	2.125	2.125	2.125	2.125	2.125	2.125	2.125	2.125	2.125	2.125	2.125	2.125	2.125	2.125	2.125	2.125	2.125	2.125	2.125	2.125	2.125	2.125	2.125	2.125	2.125	4.25	4.25	4.25	2.125	2.125	2.125	2.125	8.5	8.5	8.5	8.5	8.5	8.5	8.5	8.5	8.5	8.5	8.5	8.5	8.5	8.5	8.5	8.5	8.5	8.5	8.5	8.5	8.5	4.25	2.125	2.125	2.125	2.125	4.25	4.25	2.125	2.125	2.125	2.125	2.125	2.125	2.125	2.125	2.125	2.125	2.125	2.125	2.125	2.125	2.125	2.125	2.125	2.125	2.125	2.125	2.125	2.125	2.125	2.125	2.125	2.125	2.125	2.125	2.125	2.125	2.125	2.125	4.25	4.25	4.25	2.125	2.125	2.125	2.125	8.5	8.5	8.5	8.5	8.5	8.5	8.5	8.5	8.5	8.5	8.5	8.5	8.5	8.5	8.5	8.5	8.5	8.5	8.5	8.5	4.25	4.25	4.25	4.25	2.125	2.125	2.125	2.125	2.125	2.125	2.125	2.125	2.125	2.125	2.125	2.125	4.25	2.125	2.125	2.125	2.125	2.125	2.125	2.125	2.125	2.125	2.125	2.125	2.125	2.125	2.125	2.125	2.125	2.125	2.125	2.125	2.125	2.125	2.125	2.125	2.125	2.125	2.125	2.125	2.125	2.125	2.125	2.125	2.125	4.25	4.25	4.25	2.125	2.125	2.125	2.125	8.5	8.5	8.5	8.5	8.5	8.5	8.5	8.5	8.5	8.5	8.5	8.5	8.5	8.5	8.5	8.5	8.5	8.5	8.5	8.5	4.25	4.25	4.25	4.25	2.125	2.125	2.125	2.125	2.125	2.125	2.125	2.125	2.125	2.125	2.125	2.125	4.25	2.125	2.125	2.125	2.125	2.125	2.125	2.125	2.125	2.125	2.125	2.125	2.125	2.125	2.125	2.125	2.125	2.125	2.125	2.125	2.125	2.125	2.125	2.125	2.125	2.125	2.125	2.125	2.125	2.125	2.125	2.125	2.125	4.25	4.25	4.25	4.25	8.5	8.5	8.5	8.5	8.5	8.5	8.5	8.5	8.5	8.5	8.5	8.5	8.5	8.5	8.5	8.5	8.5	8.5	8.5	8.5	4.25	4.25	4.25	4.25	2.125	2.125	2.125	2.125	2.125	2.125	2.125	2.125	2.125	2.125	2.125	2.125	2.125	2.125	2.125	2.125	2.125	2.125	2.125	2.125	2.125	2.125	2.125	2.125	2.125	2.125	2.125	2.125	2.125	2.125	2.125	2.125	2.125	2.125	2.125	2.125	4.25	4.25	2.125	2.125	2.125	2.125	8.5	8.5	8.5	8.5	8.5	8.5	8.5	8.5	8.5	8.5	8.5	8.5	8.5	8.5	8.5	8.5	8.5	8.5	8.5	8.5	8.5	4.25	2.125	2.125	2.125	2.125	4.25	4.25	2.125	2.125	2.125	2.125	2.125	2.125	2.125	2.125	2.125	2.125	2.125	2.125	2.125	2.125	2.125	2.125	2.125	2.125	2.125	2.125	2.125	2.125	2.125	2.125	2.125	2.125	2.125	2.125	2.125	2.125	2.125	2.125	4.25	4.25	4.25	4.25	8.5	8.5	8.5	8.5	8.5	8.5	8.5	8.5	8.5	8.5	8.5	8.5	8.5	8.5	8.5	8.5	8.5	8.5	8.5	8.5	8.5	4.25	2.125	2.125	2.125	2.125	2.125	2.125	2.125	2.125	4.25	2.125	2.125	2.125	2.125	2.125	2.125	2.125	2.125	2.125	2.125	2.125	2.125	2.125	2.125	2.125	2.125	4.25	4.25	4.25	2.125	2.125	2.125	2.125	8.5	8.5	8.5	8.5	8.5	8.5	8.5	8.5	8.5	8.5	8.5	8.5	8.5	8.5	8.5	8.5	8.5	8.5	8.5	8.5	8.5	4.25	4.25	4.25	4.25	2.125	2.125	2.125	2.125	2.125	2.125	2.125	2.125	2.125	2.125	2.125	2.125	4.25	2.125	2.125	2.125	2.125	4.25	2.125	2.125	2.125	2.125	2.125	2.125	2.125	2.125	4.25	4.25	4.25	4.25	8.5	8.5	8.5	8.5	8.5	8.5	8.5	8.5	8.5	8.5	8.5	8.5	8.5	8.5	8.5	8.5	8.5	8.5	8.5	8.5	8.5	4.25	4.25	4.25	4.25	2.125	2.125	2.125	2.125	2.125	2.125	2.125	2.125	2.125	2.125	2.125	2.125	4.25	4.25	4.25	4.25	2.125	2.125	2.125	2.125	8.5	8.5	8.5	8.5	8.5	8.5	8.5	8.5	8.5	8.5	4.25	4.25	2.125	2.125	2.125	2.125	4.25	4.25	4.25	4.25	2.125	2.125	2.125	2.125	8.5	8.5	8.5	8.5	8.5	8.5	8.5	8.5	8.5	8.5	8.5	8.5	8.5	8.5	8.5	8.5	8.5	8.5	8.5	8.5	8.5	8.5	4.25	4.25	4.25	4.25	2.125	2.125	2.125	2.125	2.125	2.125	2.125	2.125	2.125	2.125	2.125	2.125	4.25	4.25	4.25	4.25	2.125	2.125	2.125	2.125	8.5	8.5	8.5	8.5	8.5	8.5	8.5	8.5	8.5	8.5	8.5	8.5	8.5	8.5	8.5	8.5	8.5	8.5	8.5	8.5	8.5	8.5	4.25	4.25	4.25	4.25	2.125	2.125	2.125	2.125	2.125	2.125	2.125	2.125	2.125	2.125	2.125	2.125	2.125	2.125	2.125	2.125	4.25	4.25	4.25	2.125	2.125	2.125	2.125	8.5	8.5	8.5	8.5	8.5	8.5	8.5	8.5	8.5	8.5	8.5	8.5	8.5	8.5	8.5	8.5	8.5	8.5	8.5	8.5	8.5	8.5	4.25	2.125	2.125	2.125	2.125	4.25	4.25	2.125	2.125	2.125	2.125	2.125	2.125	2.125	2.125	2.125	2.125	2.125	2.125	2.125	2.125	2.125	2.125	4.25	4.25	4.25	2.125	2.125	2.125	2.125	8.5	8.5	8.5	8.5	8.5	8.5	8.5	8.5	8.5	8.5	8.5	8.5	8.5	8.5	8.5	8.5	8.5	8.5	8.5	8.5	8.5	8.5	4.25	2.125	2.125	2.125	2.125	2.125	2.125	2.125	2.125	4.25	2.125	2.125	2.125	2.125	2.125	2.125	2.125	2.125	2.125	2.125	2.125	2.125	2.125	2.125	2.125	2.125	4.25	4.25	4.25	2.125	2.125	2.125	2.125	8.5	8.5	8.5	8.5	8.5	8.5	8.5	8.5	8.5	8.5	8.5	8.5	8.5	8.5	8.5	8.5	8.5	8.5	8.5	8.5	8.5	4.25	4.25	4.25	4.25	2.125	2.125	2.125	2.125	2.125	2.125	2.125	2.125	2.125	2.125	2.125	2.125	4.25	2.125	2.125	2.125	2.125	2.125	2.125	2.125	2.125	2.125	2.125	2.125	2.125	2.125	2.125	2.125	2.125	4.25	4.25	4.25	2.125	2.125	2.125	2.125	8.5	8.5	8.5	8.5	8.5	8.5	8.5	8.5	8.5	8.5	8.5	8.5	8.5	8.5	8.5	8.5	8.5	8.5	8.5	8.5	8.5	4.25	4.25	4.25	4.25	2.125	2.125	2.125	2.125	2.125	2.125	2.125	2.125	2.125	2.125	2.125	2.125	4.25	2.125	2.125	2.125	2.125	2.125	2.125	2.125	2.125	2.125	2.125	2.125	2.125	2.125	2.125	2.125	2.125	4.25	4.25	4.25	2.125	2.125	2.125	2.125	8.5	8.5	8.5	8.5	8.5	8.5	8.5	8.5	8.5	8.5	8.5	8.5	8.5	8.5	8.5	8.5	8.5	8.5	8.5	8.5	8.5	4.25	2.125	2.125	2.125	2.125	4.25	4.25	2.125	2.125	2.125	2.125	2.125	2.125	2.125	2.125	2.125	2.125	2.125	2.125	2.125	2.125	2.125	2.125	2.125	2.125	2.125	2.125	2.125	2.125	2.125	2.125	2.125	2.125	2.125	2.125	2.125	2.125	2.125	2.125	4.25	4.25	4.25	2.125	2.125	2.125	2.125	8.5	8.5	8.5	8.5	8.5	8.5	8.5	8.5	8.5	8.5	8.5	8.5	8.5	8.5	8.5	8.5	8.5	8.5	8.5	8.5	8.5	4.25	2.125	2.125	2.125	2.125	4.25	4.25	2.125	2.125	2.125	2.125	2.125	2.125	2.125	2.125	2.125	2.125	2.125	2.125	2.125	2.125	2.125	2.125	2.125	2.125	2.125	2.125	2.125	2.125	2.125	2.125	2.125	2.125	2.125	2.125	2.125	2.125	2.125	2.125	4.25	4.25	4.25	2.125	2.125	2.125	2.125	8.5	8.5	8.5	8.5	8.5	8.5	8.5	8.5	8.5	8.5	8.5	8.5	8.5	8.5	8.5	8.5	8.5	8.5	8.5	8.5	4.25	4.25	4.25	4.25	2.125	2.125	2.125	2.125	2.125	2.125	2.125	2.125	2.125	2.125	2.125	2.125	4.25	2.125	2.125	2.125	2.125	2.125	2.125	2.125	2.125	2.125	2.125	2.125	2.125	2.125	2.125	2.125	2.125	2.125	2.125	2.125	2.125	2.125	2.125	2.125	2.125	2.125	2.125	2.125	2.125	2.125	2.125	2.125	2.125	4.25	4.25	4.25	2.125	2.125	2.125	2.125	8.5	8.5	8.5	8.5	8.5	8.5	8.5	8.5	8.5	8.5	8.5	8.5	8.5	8.5	8.5	8.5	8.5	8.5	8.5	8.5	4.25	4.25	4.25	4.25	2.125	2.125	2.125	2.125	2.125	2.125	2.125	2.125	2.125	2.125	2.125	2.125	4.25	2.125	2.125	2.125	2.125	2.125	2.125	2.125	2.125	2.125	2.125	2.125	2.125	2.125	2.125	2.125	2.125	2.125	2.125	2.125	2.125	2.125	2.125	2.125	2.125	2.125	2.125	2.125	2.125	2.125	2.125	2.125	2.125	4.25	4.25	4.25	4.25	8.5	8.5	8.5	8.5	8.5	8.5	8.5	8.5	8.5	8.5	8.5	8.5	8.5	8.5	8.5	8.5	8.5	8.5	8.5	8.5	4.25	4.25	4.25	4.25	2.125	2.125	2.125	2.125	2.125	2.125	2.125	2.125	2.125	2.125	2.125	2.125	2.125	2.125	2.125	2.125	2.125	2.125	2.125	2.125	2.125	2.125	2.125	2.125	2.125	2.125	2.125	2.125	2.125	2.125	2.125	2.125	2.125	2.125	2.125	2.125	4.25	4.25	2.125	2.125	2.125	2.125	8.5	8.5	8.5	8.5	8.5	8.5	8.5	8.5	8.5	8.5	8.5	8.5	8.5	8.5	8.5	8.5	8.5	8.5	8.5	8.5	8.5	4.25	2.125	2.125	2.125	2.125	4.25	4.25	2.125	2.125	2.125	2.125	2.125	2.125	2.125	2.125	2.125	2.125	2.125	2.125	2.125	2.125	2.125	2.125	2.125	2.125	2.125	2.125	2.125	2.125	2.125	2.125	2.125	2.125	2.125	2.125	2.125	2.125	2.125	2.125	4.25	4.25	4.25	4.25	8.5	8.5	8.5	8.5	8.5	8.5	8.5	8.5	8.5	8.5	8.5	8.5	8.5	8.5	8.5	8.5	8.5	8.5	8.5	8.5	8.5	4.25	2.125	2.125	2.125	2.125	2.125	2.125	2.125	2.125	4.25	2.125	2.125	2.125	2.125	2.125	2.125	2.125	2.125	2.125	2.125	2.125	2.125	2.125	2.125	2.125	2.125	4.25	4.25	4.25	2.125	2.125	2.125	2.125	8.5	8.5	8.5	8.5	8.5	8.5	8.5	8.5	8.5	8.5	8.5	8.5	8.5	8.5	8.5	8.5	8.5	8.5	8.5	8.5	8.5	4.25	4.25	4.25	4.25	2.125	2.125	2.125	2.125	2.125	2.125	2.125	2.125	2.125	2.125	2.125	2.125	4.25	2.125	2.125	2.125	2.125	4.25	2.125	2.125	2.125	2.125	2.125	2.125	2.125	2.125	4.25	4.25	4.25	4.25	8.5	8.5	8.5	8.5	8.5	8.5	8.5	8.5	8.5	8.5	8.5	8.5	8.5	8.5	8.5	8.5	8.5	8.5	8.5	8.5	8.5	4.25	4.25	4.25	4.25	2.125	2.125	2.125	2.125	2.125	2.125	2.125	2.125	2.125	2.125	2.125	2.125	4.25	4.25	4.25	4.25	2.125	2.125	2.125	2.125	8.5	8.5	8.5	8.5	8.5	8.5	8.5	8.5	8.5	8.5	4.25	4.25	2.125	2.125	2.125	2.125	4.25	4.25	4.25	4.25	2.125	2.125	2.125	2.125	8.5	8.5	8.5	8.5	8.5	8.5	8.5	8.5	8.5	8.5	8.5	8.5	8.5	8.5	8.5	8.5	8.5	8.5	8.5	8.5	8.5	8.5	4.25	4.25	4.25	4.25	2.125	2.125	2.125	2.125	2.125	2.125	2.125	2.125	2.125	2.125	2.125	2.125	4.25	4.25	4.25	4.25	2.125	2.125	2.125	2.125	8.5	8.5	8.5	8.5	8.5	8.5	8.5	8.5	8.5	8.5	8.5	8.5	8.5	8.5	8.5	8.5	8.5	8.5	8.5	8.5	8.5	8.5	4.25	4.25	4.25	4.25	2.125	2.125	2.125	2.125	2.125	2.125	2.125	2.125	2.125	2.125	2.125	2.125	2.125	2.125	2.125	2.125	4.25	4.25	4.25	2.125	2.125	2.125	2.125	8.5	8.5	8.5	8.5	8.5	8.5	8.5	8.5	8.5	8.5	8.5	8.5	8.5	8.5	8.5	8.5	8.5	8.5	8.5	8.5	8.5	8.5	4.25	2.125	2.125	2.125	2.125	4.25	4.25	2.125	2.125	2.125	2.125	2.125	2.125	2.125	2.125	2.125	2.125	2.125	2.125	2.125	2.125	2.125	2.125	4.25	4.25	4.25	2.125	2.125	2.125	2.125	8.5	8.5	8.5	8.5	8.5	8.5	8.5	8.5	8.5	8.5	8.5	8.5	8.5	8.5	8.5	8.5	8.5	8.5	8.5	8.5	8.5	8.5	4.25	2.125	2.125	2.125	2.125	2.125	2.125	2.125	2.125	4.25	2.125	2.125	2.125	2.125	2.125	2.125	2.125	2.125	2.125	2.125	2.125	2.125	2.125	2.125	2.125	2.125	4.25	4.25	4.25	2.125	2.125	2.125	2.125	8.5	8.5	8.5	8.5	8.5	8.5	8.5	8.5	8.5	8.5	8.5	8.5	8.5	8.5	8.5	8.5	8.5	8.5	8.5	8.5	8.5	4.25	4.25	4.25	4.25	2.125	2.125	2.125	2.125	2.125	2.125	2.125	2.125	2.125	2.125	2.125	2.125	4.25	2.125	2.125	2.125	2.125	2.125	2.125	2.125	2.125	2.125	2.125	2.125	2.125	2.125	2.125	2.125	2.125	4.25	4.25	4.25	2.125	2.125	2.125	2.125	8.5	8.5	8.5	8.5	8.5	8.5	8.5	8.5	8.5	8.5	8.5	8.5	8.5	8.5	8.5	8.5	8.5	8.5	8.5	8.5	8.5	4.25	4.25	4.25	4.25	2.125	2.125	2.125	2.125	2.125	2.125	2.125	2.125	2.125	2.125	2.125	2.125	4.25	2.125	2.125	2.125	2.125	2.125	2.125	2.125	2.125	2.125	2.125	2.125	2.125	2.125	2.125	2.125	2.125	4.25	4.25	4.25	2.125	2.125	2.125	2.125	8.5	8.5	8.5	8.5	8.5	8.5	8.5	8.5	8.5	8.5	8.5	8.5	8.5	8.5	8.5	8.5	8.5	8.5	8.5	8.5	8.5	4.25	2.125	2.125	2.125	2.125	4.25	4.25	2.125	2.125	2.125	2.125	2.125	2.125	2.125	2.125	2.125	2.125	2.125	2.125	2.125	2.125	2.125	2.125	2.125	2.125	2.125	2.125	2.125	2.125	2.125	2.125	2.125	2.125	2.125	2.125	2.125	2.125	2.125	2.125	4.25	4.25	4.25	2.125	2.125	2.125	2.125	8.5	8.5	8.5	8.5	8.5	8.5	8.5	8.5	8.5	8.5	8.5	8.5	8.5	8.5	8.5	8.5	8.5	8.5	8.5	8.5	8.5	4.25	2.125	2.125	2.125	2.125	4.25	4.25	2.125	2.125	2.125	2.125	2.125	2.125	2.125	2.125	2.125	2.125	2.125	2.125	2.125	2.125	2.125	2.125	2.125	2.125	2.125	2.125	2.125	2.125	2.125	2.125	2.125	2.125	2.125	2.125	2.125	2.125	2.125	2.125	4.25	4.25	4.25	2.125	2.125	2.125	2.125	8.5	8.5	8.5	8.5	8.5	8.5	8.5	8.5	8.5	8.5	8.5	8.5	8.5	8.5	8.5	8.5	8.5	8.5	8.5	8.5	4.25	4.25	4.25	4.25	2.125	2.125	2.125	2.125	2.125	2.125	2.125	2.125	2.125	2.125	2.125	2.125	4.25	2.125	2.125	2.125	2.125	2.125	2.125	2.125	2.125	2.125	2.125	2.125	2.125	2.125	2.125	2.125	2.125	2.125	2.125	2.125	2.125	2.125	2.125	2.125	2.125	2.125	2.125	2.125	2.125	2.125	2.125	2.125	2.125	4.25	4.25	4.25	2.125	2.125	2.125	2.125	8.5	8.5	8.5	8.5	8.5	8.5	8.5	8.5	8.5	8.5	8.5	8.5	8.5	8.5	8.5	8.5	8.5	8.5	8.5	8.5	4.25	4.25	4.25	4.25	2.125	2.125	2.125	2.125	2.125	2.125	2.125	2.125	2.125	2.125	2.125	2.125	4.25	2.125	2.125	2.125	2.125	2.125	2.125	2.125	2.125	2.125	2.125	2.125	2.125	2.125	2.125	2.125	2.125	2.125	2.125	2.125	2.125	2.125	2.125	2.125	2.125	2.125	2.125	2.125	2.125	2.125	2.125	2.125	2.125	4.25	4.25	4.25	4.25	8.5	8.5	8.5	8.5	8.5	8.5	8.5	8.5	8.5	8.5	8.5	8.5	8.5	8.5	8.5	8.5	8.5	8.5	8.5	8.5	4.25	4.25	4.25	4.25	2.125	2.125	2.125	2.125	2.125	2.125	2.125	2.125	2.125	2.125	2.125	2.125	2.125	2.125	2.125	2.125	2.125	2.125	2.125	2.125	2.125	2.125	2.125	2.125	2.125	2.125	2.125	2.125	2.125	2.125	2.125	2.125	2.125	2.125	2.125	2.125	4.25	4.25	2.125	2.125	2.125	2.125	8.5	8.5	8.5	8.5	8.5	8.5	8.5	8.5	8.5	8.5	8.5	8.5	8.5	8.5	8.5	8.5	8.5	8.5	8.5	8.5	8.5	4.25	2.125	2.125	2.125	2.125	4.25	4.25	2.125	2.125	2.125	2.125	2.125	2.125	2.125	2.125	2.125	2.125	2.125	2.125	2.125	2.125	2.125	2.125	2.125	2.125	2.125	2.125	2.125	2.125	2.125	2.125	2.125	2.125	2.125	2.125	2.125	2.125	2.125	2.125	4.25	4.25	4.25	4.25	8.5	8.5	8.5	8.5	8.5	8.5	8.5	8.5	8.5	8.5	8.5	8.5	8.5	8.5	8.5	8.5	8.5	8.5	8.5	8.5	8.5	4.25	2.125	2.125	2.125	2.125	2.125	2.125	2.125	2.125	4.25	2.125	2.125	2.125	2.125	2.125	2.125	2.125	2.125	2.125	2.125	2.125	2.125	2.125	2.125	2.125	2.125	4.25	4.25	4.25	2.125	2.125	2.125	2.125	8.5	8.5	8.5	8.5	8.5	8.5	8.5	8.5	8.5	8.5	8.5	8.5	8.5	8.5	8.5	8.5	8.5	8.5	8.5	8.5	8.5	4.25	4.25	4.25	4.25	2.125	2.125	2.125	2.125	2.125	2.125	2.125	2.125	2.125	2.125	2.125	2.125	4.25	2.125	2.125	2.125	2.125	4.25	2.125	2.125	2.125	2.125	2.125	2.125	2.125	2.125	4.25	4.25	4.25	4.25	8.5	8.5	8.5	8.5	8.5	8.5	8.5	8.5	8.5	8.5	8.5	8.5	8.5	8.5	8.5	8.5	8.5	8.5	8.5	8.5	8.5	4.25	4.25	4.25	4.25	2.125	2.125	2.125	2.125	2.125	2.125	2.125	2.125	2.125	2.125	2.125	2.125	4.25	4.25	4.25	4.25	2.125	2.125	2.125	2.125	8.5	8.5	8.5	8.5	8.5	</DataArray>
<DataArray type="Float32" Name="delc" format="ascii">6	6	6	6	6	3	3	1.5	1.5	1.5	1.5	3	3	3	3	1.5	1.5	1.5	1.5	6	6	6	6	6	6	6	6	6	6	6	6	6	6	6	6	6	6	6	6	6	6	3	3	3	3	1.5	1.5	1.5	1.5	1.5	1.5	1.5	1.5	1.5	1.5	1.5	1.5	3	3	3	3	1.5	1.5	1.5	1.5	6	6	6	6	6	6	6	6	6	6	6	6	6	6	6	6	6	6	6	6	6	6	3	3	3	3	1.5	1.5	1.5	1.5	1.5	1.5	1.5	1.5	1.5	1.5	1.5	1.5	1.5	1.5	1.5	1.5	3	3	3	1.5	1.5	1.5	1.5	6	6	6	6	6	6	6	6	6	6	6	6	6	6	6	6	6	6	6	6	6	6	3	1.5	1.5	1.5	1.5	3	3	1.5	1.5	1.5	1.5	1.5	1.5	1.5	1.5	1.5	1.5	1.5	1.5	1.5	1.5	1.5	1.5	3	3	3	1.5	1.5	1.5	1.5	6	6	6	6	6	6	6	6	6	6	6	6	6	6	6	6	6	6	6	6	6	6	3	1.5	1.5	1.5	1.5	1.5	1.5	1.5	1.5	3	1.5	1.5	1.5	1.5	1.5	1.5	1.5	1.5	1.5	1.5	1.5	1.5	1.5	1.5	1.5	1.5	3	3	3	1.5	1.5	1.5	1.5	6	6	6	6	6	6	6	6	6	6	6	6	6	6	6	6	6	6	6	6	6	3	3	3	3	1.5	1.5	1.5	1.5	1.5	1.5	1.5	1.5	1.5	1.5	1.5	1.5	3	1.5	1.5	1.5	1.5	1.5	1.5	1.5	1.5	1.5	1.5	1.5	1.5	1.5	1.5	1.5	1.5	3	3	3	1.5	1.5	1.5	1.5	6	6	6	6	6	6	6	6	6	6	6	6	6	6	6	6	6	6	6	6	6	3	3	3	3	1.5	1.5	1.5	1.5	1.5	1.5	1.5	1.5	1.5	1.5	1.5	1.5	3	1.5	1.5	1.5	1.5	1.5	1.5	1.5	1.5	1.5	1.5	1.5	1.5	1.5	1.5	1.5	1.5	3	3	3	1.5	1.5	1.5	1.5	6	6	6	6	6	6	6	6	6	6	6	6	6	6	6	6	6	6	6	6	6	3	1.5	1.5	1.5	1.5	3	3	1.5	1.5	1.5	1.5	1.5	1.5	1.5	1.5	1.5	1.5	1.5	1.5	1.5	1.5	1.5	1.5	1.5	1.5	1.5	1.5	1.5	1.5	1.5	1.5	1.5	1.5	1.5	1.5	1.5	1.5	1.5	1.5	3	3	3	1.5	1.5	1.5	1.5	6	6	6	6	6	6	6	6	6	6	6	6	6	6	6	6	6	6	6	6	6	3	1.5	1.5	1.5	1.5	3	3	1.5	1.5	1.5	1.5	1.5	1.5	1.5	1.5	1.5	1.5	1.5	1.5	1.5	1.5	1.5	1.5	1.5	1.5	1.5	1.5	1.5	1.5	1.5	1.5	1.5	1.5	1.5	1.5	1.5	1.5	1.5	1.5	3	3	3	1.5	1.5	1.5	1.5	6	6	6	6	6	6	6	6	6	6	6	6	6	6	6	6	6	6	6	6	3	3	3	3	1.5	1.5	1.5	1.5	1.5	1.5	1.5	1.5	1.5	1.5	1.5	1.5	3	1.5	1.5	1.5	1.5	1.5	1.5	1.5	1.5	1.5	1.5	1.5	1.5	1.5	1.5	1.5	1.5	1.5	1.5	1.5	1.5	1.5	1.5	1.5	1.5	1.5	1.5	1.5	1.5	1.5	1.5	1.5	1.5	3	3	3	1.5	1.5	1.5	1.5	6	6	6	6	6	6	6	6	6	6	6	6	6	6	6	6	6	6	6	6	3	3	3	3	1.5	1.5	1.5	1.5	1.5	1.5	1.5	1.5	1.5	1.5	1.5	1.5	3	1.5	1.5	1.5	1.5	1.5	1.5	1.5	1.5	1.5	1.5	1.5	1.5	1.5	1.5	1.5	1.5	1.5	1.5	1.5	1.5	1.5	1.5	1.5	1.5	1.5	1.5	1.5	1.5	1.5	1.5	1.5	1.5	3	3	3	3	6	6	6	6	6	6	6	6	6	6	6	6	6	6	6	6	6	6	6	6	3	3	3	3	1.5	1.5	1.5	1.5	1.5	1.5	1.5	1.5	1.5	1.5	1.5	1.5	1.5	1.5	1.5	1.5	1.5	1.5	1.5	1.5	1.5	1.5	1.5	1.5	1.5	1.5	1.5	1.5	1.5	1.5	1.5	1.5	1.5	1.5	1.5	1.5	3	3	1.5	1.5	1.5	1.5	6	6	6	6	6	6	6	6	6	6	6	6	6	6	6	6	6	6	6	6	6	3	1.5	1.5	1.5	1.5	3	3	1.5	1.5	1.5	1.5	1.5	1.5	1.5	1.5	1.5	1.5	1.5	1.5	1.5	1.5	1.5	1.5	1.5	1.5	1.5	1.5	1.5	1.5	1.5	1.5	1.5	1.5	1.5	1.5	1.5	1.5	1.5	1.5	3	3	3	3	6	6	6	6	6	6	6	6	6	6	6	6	6	6	6	6	6	6	6	6	6	3	1.5	1.5	1.5	1.5	1.5	1.5	1.5	1.5	3	1.5	1.5	1.5	1.5	1.5	1.5	1.5	1.5	1.5	1.5	1.5	1.5	1.5	1.5	1.5	1.5	3	3	3	1.5	1.5	1.5	1.5	6	6	6	6	6	6	6	6	6	6	6	6	6	6	6	6	6	6	6	6	6	3	3	3	3	1.5	1.5	1.5	1.5	1.5	1.5	1.5	1.5	1.5	1.5	1.5	1.5	3	1.5	1.5	1.5	1.5	3	1.5	1.5	1.5	1.5	1.5	1.5	1.5	1.5	3	3	3	3	6	6	6	6	6	6	6	6	6	6	6	6	6	6	6	6	6	6	6	6	6	3	3	3	3	1.5	1.5	1.5	1.5	1.5	1.5	1.5	1.5	1.5	1.5	1.5	1.5	3	3	3	3	1.5	1.5	1.5	1.5	6	6	6	6	6	6	6	6	6	6	3	3	1.5	1.5	1.5	1.5	3	3	3	3	1.5	1.5	1.5	1.5	6	6	6	6	6	6	6	6	6	6	6	6	6	6	6	6	6	6	6	6	6	6	3	3	3	3	1.5	1.5	1.5	1.5	1.5	1.5	1.5	1.5	1.5	1.5	1.5	1.5	3	3	3	3	1.5	1.5	1.5	1.5	6	6	6	6	6	6	6	6	6	6	6	6	6	6	6	6	6	6	6	6	6	6	3	3	3	3	1.5	1.5	1.5	1.5	1.5	1.5	1.5	1.5	1.5	1.5	1.5	1.5	1.5	1.5	1.5	1.5	3	3	3	1.5	1.5	1.5	1.5	6	6	6	6	6	6	6	6	6	6	6	6	6	6	6	6	6	6	6	6	6	6	3	1.5	1.5	1.5	1.5	3	3	1.5	1.5	1.5	1.5	1.5	1.5	1.5	1.5	1.5	1.5	1.5	1.5	1.5	1.5	1.5	1.5	3	3	3	1.5	1.5	1.5	1.5	6	6	6	6	6	6	6	6	6	6	6	6	6	6	6	6	6	6	6	6	6	6	3	1.5	1.5	1.5	1.5	1.5	1.5	1.5	1.5	3	1.5	1.5	1.5	1.5	1.5	1.5	1.5	1.5	1.5	1.5	1.5	1.5	1.5	1.5	1.5	1.5	3	3	3	1.5	1.5	1.5	1.5	6	6	6	6	6	6	6	6	6	6	6	6	6	6	6	6	6	6	6	6	6	3	3	3	3	1.5	1.5	1.5	1.5	1.5	1.5	1.5	1.5	1.5	1.5	1.5	1.5	3	1.5	1.5	1.5	1.5	1.5	1.5	1.5	1.5	1.5	1.5	1.5	1.5	1.5	1.5	1.5	1.5	3	3	3	1.5	1.5	1.5	1.5	6	6	6	6	6	6	6	6	6	6	6	6	6	6	6	6	6	6	6	6	6	3	3	3	3	1.5	1.5	1.5	1.5	1.5	1.5	1.5	1.5	1.5	1.5	1.5	1.5	3	1.5	1.5	1.5	1.5	1.5	1.5	1.5	1.5	1.5	1.5	1.5	1.5	1.5	1.5	1.5	1.5	3	3	3	1.5	1.5	1.5	1.5	6	6	6	6	6	6	6	6	6	6	6	6	6	6	6	6	6	6	6	6	6	3	1.5	1.5	1.5	1.5	3	3	1.5	1.5	1.5	1.5	1.5	1.5	1.5	1.5	1.5	1.5	1.5	1.5	1.5	1.5	1.5	1.5	1.5	1.5	1.5	1.5	1.5	1.5	1.5	1.5	1.5	1.5	1.5	1.5	1.5	1.5	1.5	1.5	3	3	3	1.5	1.5	1.5	1.5	6	6	6	6	6	6	6	6	6	6	6	6	6	6	6	6	6	6	6	6	6	3	1.5	1.5	1.5	1.5	3	3	1.5	1.5	1.5	1.5	1.5	1.5	1.5	1.5	1.5	1.5	1.5	1.5	1.5	1.5	1.5	1.5	1.5	1.5	1.5	1.5	1.5	1.5	1.5	1.5	1.5	1.5	1.5	1.5	1.5	1.5	1.5	1.5	3	3	3	1.5	1.5	1.5	1.5	6	6	6	6	6	6	6	6	6	6	6	6	6	6	6	6	6	6	6	6	3	3	3	3	1.5	1.5	1.5	1.5	1.5	1.5	1.5	1.5	1.5	1.5	1.5	1.5	3	1.5	1.5	1.5	1.5	1.5	1.5	1.5	1.5	1.5	1.5	1.5	1.5	1.5	1.5	1.5	1.5	1.5	1.5	1.5	1.5	1.5	1.5	1.5	1.5	1.5	1.5	1.5	1.5	1.5	1.5	1.5	1.5	3	3	3	1.5	1.5	1.5	1.5	6	6	6	6	6	6	6	6	6	6	6	6	6	6	6	6	6	6	6	6	3	3	3	3	1.5	1.5	1.5	1.5	1.5	1.5	1.5	1.5	1.5	1.5	1.5	1.5	3	1.5	1.5	1.5	1.5	1.5	1.5	1.5	1.5	1.5	1.5	1.5	1.5	1.5	1.5	1.5	1.5	1.5	1.5	1.5	1.5	1.5	1.5	1.5	1.5	1.5	1.5	1.5	1.5	1.5	1.5	1.5	1.5	3	3	3	3	6	6	6	6	6	6	6	6	6	6	6	6	6	6	6	6	6	6	6	6	3	3	3	3	1.5	1.5	1.5	1.5	1.5	1.5	1.5	1.5	1.5	1.5	1.5	1.5	1.5	1.5	1.5	1.5	1.5	1.5	1.5	1.5	1.5	1.5	1.5	1.5	1.5	1.5	1.5	1.5	1.5	1.5	1.5	1.5	1.5	1.5	1.5	1.5	3	3	1.5	1.5	1.5	1.5	6	6	6	6	6	6	6	6	6	6	6	6	6	6	6	6	6	6	6	6	6	3	1.5	1.5	1.5	1.5	3	3	1.5	1.5	1.5	1.5	1.5	1.5	1.5	1.5	1.5	1.5	1.5	1.5	1.5	1.5	1.5	1.5	1.5	1.5	1.5	1.5	1.5	1.5	1.5	1.5	1.5	1.5	1.5	1.5	1.5	1.5	1.5	1.5	3	3	3	3	6	6	6	6	6	6	6	6	6	6	6	6	6	6	6	6	6	6	6	6	6	3	1.5	1.5	1.5	1.5	1.5	1.5	1.5	1.5	3	1.5	1.5	1.5	1.5	1.5	1.5	1.5	1.5	1.5	1.5	1.5	1.5	1.5	1.5	1.5	1.5	3	3	3	1.5	1.5	1.5	1.5	6	6	6	6	6	6	6	6	6	6	6	6	6	6	6	6	6	6	6	6	6	3	3	3	3	1.5	1.5	1.5	1.5	1.5	1.5	1.5	1.5	1.5	1.5	1.5	1.5	3	1.5	1.5	1.5	1.5	3	1.5	1.5	1.5	1.5	1.5	1.5	1.5	1.5	3	3	3	3	6	6	6	6	6	6	6	6	6	6	6	6	6	6	6	6	6	6	6	6	6	3	3	3	3	1.5	1.5	1.5	1.5	1.5	1.5	1.5	1.5	1.5	1.5	1.5	1.5	3	3	3	3	1.5	1.5	1.5	1.5	6	6	6	6	6	6	6	6	6	6	3	3	1.5	1.5	1.5	1.5	3	3	3	3	1.5	1.5	1.5	1.5	6	6	6	6	6	6	6	6	6	6	6	6	6	6	6	6	6	6	6	6	6	6	3	3	3	3	1.5	1.5	1.5	1.5	1.5	1.5	1.5	1.5	1.5	1.5	1.5	1.5	3	3	3	3	1.5	1.5	1.5	1.5	6	6	6	6	6	6	6	6	6	6	6	6	6	6	6	6	6	6	6	6	6	6	3	3	3	3	1.5	1.5	1.5	1.5	1.5	1.5	1.5	1.5	1.5	1.5	1.5	1.5	1.5	1.5	1.5	1.5	3	3	3	1.5	1.5	1.5	1.5	6	6	6	6	6	6	6	6	6	6	6	6	6	6	6	6	6	6	6	6	6	6	3	1.5	1.5	1.5	1.5	3	3	1.5	1.5	1.5	1.5	1.5	1.5	1.5	1.5	1.5	1.5	1.5	1.5	1.5	1.5	1.5	1.5	3	3	3	1.5	1.5	1.5	1.5	6	6	6	6	6	6	6	6	6	6	6	6	6	6	6	6	6	6	6	6	6	6	3	1.5	1.5	1.5	1.5	1.5	1.5	1.5	1.5	3	1.5	1.5	1.5	1.5	1.5	1.5	1.5	1.5	1.5	1.5	1.5	1.5	1.5	1.5	1.5	1.5	3	3	3	1.5	1.5	1.5	1.5	6	6	6	6	6	6	6	6	6	6	6	6	6	6	6	6	6	6	6	6	6	3	3	3	3	1.5	1.5	1.5	1.5	1.5	1.5	1.5	1.5	1.5	1.5	1.5	1.5	3	1.5	1.5	1.5	1.5	1.5	1.5	1.5	1.5	1.5	1.5	1.5	1.5	1.5	1.5	1.5	1.5	3	3	3	1.5	1.5	1.5	1.5	6	6	6	6	6	6	6	6	6	6	6	6	6	6	6	6	6	6	6	6	6	3	3	3	3	1.5	1.5	1.5	1.5	1.5	1.5	1.5	1.5	1.5	1.5	1.5	1.5	3	1.5	1.5	1.5	1.5	1.5	1.5	1.5	1.5	1.5	1.5	1.5	1.5	1.5	1.5	1.5	1.5	3	3	3	1.5	1.5	1.5	1.5	6	6	6	6	6	6	6	6	6	6	6	6	6	6	6	6	6	6	6	6	6	3	1.5	1.5	1.5	1.5	3	3	1.5	1.5	1.5	1.5	1.5	1.5	1.5	1.5	1.5	1.5	1.5	1.5	1.5	1.5	1.5	1.5	1.5	1.5	1.5	1.5	1.5	1.5	1.5	1.5	1.5	1.5	1.5	1.5	1.5	1.5	1.5	1.5	3	3	3	1.5	1.5	1.5	1.5	6	6	6	6	6	6	6	6	6	6	6	6	6	6	6	6	6	6	6	6	6	3	1.5	1.5	1.5	1.5	3	3	1.5	1.5	1.5	1.5	1.5	1.5	1.5	1.5	1.5	1.5	1.5	1.5	1.5	1.5	1.5	1.5	1.5	1.5	1.5	1.5	1.5	1.5	1.5	1.5	1.5	1.5	1.5	1.5	1.5	1.5	1.5	1.5	3	3	3	1.5	1.5	1.5	1.5	6	6	6	6	6	6	6	6	6	6	6	6	6	6	6	6	6	6	6	6	3	3	3	3	1.5	1.5	1.5	1.5	1.5	1.5	1.5	1.5	1.5	1.5	1.5	1.5	3	1.5	1.5	1.5	1.5	1.5	1.5	1.5	1.5	1.5	1.5	1.5	1.5	1.5	1.5	1.5	1.5	1.5	1.5	1.5	1.5	1.5	1.5	1.5	1.5	1.5	1.5	1.5	1.5	1.5	1.5	1.5	1.5	3	3	3	1.5	1.5	1.5	1.5	6	6	6	6	6	6	6	6	6	6	6	6	6	6	6	6	6	6	6	6	3	3	3	3	1.5	1.5	1.5	1.5	1.5	1.5	1.5	1.5	1.5	1.5	1.5	1.5	3	1.5	1.5	1.5	1.5	1.5	1.5	1.5	1.5	1.5	1.5	1.5	1.5	1.5	1.5	1.5	1.5	1.5	1.5	1.5	1.5	1.5	1.5	1.5	1.5	1.5	1.5	1.5	1.5	1.5	1.5	1.5	1.5	3	3	3	3	6	6	6	6	6	6	6	6	6	6	6	6	6	6	6	6	6	6	6	6	3	3	3	3	1.5	1.5	1.5	1.5	1.5	1.5	1.5	1.5	1.5	1.5	1.5	1.5	1.5	1.5	1.5	1.5	1.5	1.5	1.5	1.5	1.5	1.5	1.5	1.5	1.5	1.5	1.5	1.5	1.5	1.5	1.5	1.5	1.5	1.5	1.5	1.5	3	3	1.5	1.5	1.5	1.5	6	6	6	6	6	6	6	6	6	6	6	6	6	6	6	6	6	6	6	6	6	3	1.5	1.5	1.5	1.5	3	3	1.5	1.5	1.5	1.5	1.5	1.5	1.5	1.5	1.5	1.5	1.5	1.5	1.5	1.5	1.5	1.5	1.5	1.5	1.5	1.5	1.5	1.5	1.5	1.5	1.5	1.5	1.5	1.5	1.5	1.5	1.5	1.5	3	3	3	3	6	6	6	6	6	6	6	6	6	6	6	6	6	6	6	6	6	6	6	6	6	3	1.5	1.5	1.5	1.5	1.5	1.5	1.5	1.5	3	1.5	1.5	1.5	1.5	1.5	1.5	1.5	1.5	1.5	1.5	1.5	1.5	1.5	1.5	1.5	1.5	3	3	3	1.5	1.5	1.5	1.5	6	6	6	6	6	6	6	6	6	6	6	6	6	6	6	6	6	6	6	6	6	3	3	3	3	1.5	1.5	1.5	1.5	1.5	1.5	1.5	1.5	1.5	1.5	1.5	1.5	3	1.5	1.5	1.5	1.5	3	1.5	1.5	1.5	1.5	1.5	1.5	1.5	1.5	3	3	3	3	6	6	6	6	6	6	6	6	6	6	6	6	6	6	6	6	6	6	6	6	6	3	3	3	3	1.5	1.5	1.5	1.5	1.5	1.5	1.5	1.5	1.5	1.5	1.5	1.5	3	3	3	3	1.5	1.5	1.5	1.5	6	6	6	6	6	6	6	6	6	6	3	3	1.5	1.5	1.5	1.5	3	3	3	3	1.5	1.5	1.5	1.5	6	6	6	6	6	6	6	6	6	6	6	6	6	6	6	6	6	6	6	6	6	6	3	3	3	3	1.5	1.5	1.5	1.5	1.5	1.5	1.5	1.5	1.5	1.5	1.5	1.5	3	3	3	3	1.5	1.5	1.5	1.5	6	6	6	6	6	6	6	6	6	6	6	6	6	6	6	6	6	6	6	6	6	6	3	3	3	3	1.5	1.5	1.5	1.5	1.5	1.5	1.5	1.5	1.5	1.5	1.5	1.5	1.5	1.5	1.5	1.5	3	3	3	1.5	1.5	1.5	1.5	6	6	6	6	6	6	6	6	6	6	6	6	6	6	6	6	6	6	6	6	6	6	3	1.5	1.5	1.5	1.5	3	3	1.5	1.5	1.5	1.5	1.5	1.5	1.5	1.5	1.5	1.5	1.5	1.5	1.5	1.5	1.5	1.5	3	3	3	1.5	1.5	1.5	1.5	6	6	6	6	6	6	6	6	6	6	6	6	6	6	6	6	6	6	6	6	6	6	3	1.5	1.5	1.5	1.5	1.5	1.5	1.5	1.5	3	1.5	1.5	1.5	1.5	1.5	1.5	1.5	1.5	1.5	1.5	1.5	1.5	1.5	1.5	1.5	1.5	3	3	3	1.5	1.5	1.5	1.5	6	6	6	6	6	6	6	6	6	6	6	6	6	6	6	6	6	6	6	6	6	3	3	3	3	1.5	1.5	1.5	1.5	1.5	1.5	1.5	1.5	1.5	1.5	1.5	1.5	3	1.5	1.5	1.5	1.5	1.5	1.5	1.5	1.5	1.5	1.5	1.5	1.5	1.5	1.5	1.5	1.5	3	3	3	1.5	1.5	1.5	1.5	6	6	6	6	6	6	6	6	6	6	6	6	6	6	6	6	6	6	6	6	6	3	3	3	3	1.5	1.5	1.5	1.5	1.5	1.5	1.5	1.5	1.5	1.5	1.5	1.5	3	1.5	1.5	1.5	1.5	1.5	1.5	1.5	1.5	1.5	1.5	1.5	1.5	1.5	1.5	1.5	1.5	3	3	3	1.5	1.5	1.5	1.5	6	6	6	6	6	6	6	6	6	6	6	6	6	6	6	6	6	6	6	6	6	3	1.5	1.5	1.5	1.5	3	3	1.5	1.5	1.5	1.5	1.5	1.5	1.5	1.5	1.5	1.5	1.5	1.5	1.5	1.5	1.5	1.5	1.5	1.5	1.5	1.5	1.5	1.5	1.5	1.5	1.5	1.5	1.5	1.5	1.5	1.5	1.5	1.5	3	3	3	1.5	1.5	1.5	1.5	6	6	6	6	6	6	6	6	6	6	6	6	6	6	6	6	6	6	6	6	6	3	1.5	1.5	1.5	1.5	3	3	1.5	1.5	1.5	1.5	1.5	1.5	1.5	1.5	1.5	1.5	1.5	1.5	1.5	1.5	1.5	1.5	1.5	1.5	1.5	1.5	1.5	1.5	1.5	1.5	1.5	1.5	1.5	1.5	1.5	1.5	1.5	1.5	3	3	3	1.5	1.5	1.5	1.5	6	6	6	6	6	6	6	6	6	6	6	6	6	6	6	6	6	6	6	6	3	3	3	3	1.5	1.5	1.5	1.5	1.5	1.5	1.5	1.5	1.5	1.5	1.5	1.5	3	1.5	1.5	1.5	1.5	1.5	1.5	1.5	1.5	1.5	1.5	1.5	1.5	1.5	1.5	1.5	1.5	1.5	1.5	1.5	1.5	1.5	1.5	1.5	1.5	1.5	1.5	1.5	1.5	1.5	1.5	1.5	1.5	3	3	3	1.5	1.5	1.5	1.5	6	6	6	6	6	6	6	6	6	6	6	6	6	6	6	6	6	6	6	6	3	3	3	3	1.5	1.5	1.5	1.5	1.5	1.5	1.5	1.5	1.5	1.5	1.5	1.5	3	1.5	1.5	1.5	1.5	1.5	1.5	1.5	1.5	1.5	1.5	1.5	1.5	1.5	1.5	1.5	1.5	1.5	1.5	1.5	1.5	1.5	1.5	1.5	1.5	1.5	1.5	1.5	1.5	1.5	1.5	1.5	1.5	3	3	3	3	6	6	6	6	6	6	6	6	6	6	6	6	6	6	6	6	6	6	6	6	3	3	3	3	1.5	1.5	1.5	1.5	1.5	1.5	1.5	1.5	1.5	1.5	1.5	1.5	1.5	1.5	1.5	1.5	1.5	1.5	1.5	1.5	1.5	1.5	1.5	1.5	1.5	1.5	1.5	1.5	1.5	1.5	1.5	1.5	1.5	1.5	1.5	1.5	3	3	1.5	1.5	1.5	1.5	6	6	6	6	6	6	6	6	6	6	6	6	6	6	6	6	6	6	6	6	6	3	1.5	1.5	1.5	1.5	3	3	1.5	1.5	1.5	1.5	1.5	1.5	1.5	1.5	1.5	1.5	1.5	1.5	1.5	1.5	1.5	1.5	1.5	1.5	1.5	1.5	1.5	1.5	1.5	1.5	1.5	1.5	1.5	1.5	1.5	1.5	1.5	1.5	3	3	3	3	6	6	6	6	6	6	6	6	6	6	6	6	6	6	6	6	6	6	6	6	6	3	1.5	1.5	1.5	1.5	1.5	1.5	1.5	1.5	3	1.5	1.5	1.5	1.5	1.5	1.5	1.5	1.5	1.5	1.5	1.5	1.5	1.5	1.5	1.5	1.5	3	3	3	1.5	1.5	1.5	1.5	6	6	6	6	6	6	6	6	6	6	6	6	6	6	6	6	6	6	6	6	6	3	3	3	3	1.5	1.5	1.5	1.5	1.5	1.5	1.5	1.5	1.5	1.5	1.5	1.5	3	1.5	1.5	1.5	1.5	3	1.5	1.5	1.5	1.5	1.5	1.5	1.5	1.5	3	3	3	3	6	6	6	6	6	6	6	6	6	6	6	6	6	6	6	6	6	6	6	6	6	3	3	3	3	1.5	1.5	1.5	1.5	1.5	1.5	1.5	1.5	1.5	1.5	1.5	1.5	3	3	3	3	1.5	1.5	1.5	1.5	6	6	6	6	6	</DataArray>
</CellData>
</Piece>
</UnstructuredGrid>
</VTKFile>
